id,source,line,handler,method,paths,declared_path,declared_methods,mount_chain,guard_definitions,profile_symbols,default_profile_candidates,profile_mapping_status,family,mount_evidence,profile_evidence,canonical_owner,service_candidates,proposed_tool,scope_proposal,object_parameters,business_scope,effect,confirmation,evidence_idempotency,tests_required,status
28e46d283d61,copa_telmex_dashboard.py,2216,serve_photo_asset,GET,"[""/photos/{path:path}""]",/photos/{path:path},"[""GET""]","[{""prefix"": """", ""evidence"": ""copa_telmex_dashboard.py"", ""status"": ""entrypoint_static""}]",[],[],[],"UNPROVEN: guards/dependencies are evidence, not a complete effective-role matrix",documents_and_other,live_entrypoint_static,"[""_ensure_legacy_copa_dashboard_access(request)"", ""_ensure_registration_review_access(request)""]",ROUTE OWNER ONLY; service authority unproven: copa_telmex_dashboard.py:serve_photo_asset,[],documents_and_other_serve_photo_asset_get_28e46d,documents_and_other:read; never grants business authority,"[""path""]",current employee + effective faculty + object + organization/legal entity + portfolio/tournament; UNPROVEN,read_candidate; side effects NOT verified,none only after read-purity proof,scoped source IDs/version and redacted durable receipt; writes need canonical transactional dedup + postcondition,"[""role/object/company deny"", ""revoked/expired"", ""isolation"", ""read purity""]",DISABLED; CANONICAL_SCOPE_UNPROVEN; route presence is not adapter or UI parity proof
3b1145ffae81,copa_telmex_dashboard.py,2251,password_change_discovery,GET,"[""/.well-known/change-password""]",/.well-known/change-password,"[""GET""]","[{""prefix"": """", ""evidence"": ""copa_telmex_dashboard.py"", ""status"": ""entrypoint_static""}]",[],[],[],"UNPROVEN: guards/dependencies are evidence, not a complete effective-role matrix",documents_and_other,live_entrypoint_static,"[""NO_LOCAL_GUARD_FOUND; inherited/middleware review required""]",ROUTE OWNER ONLY; service authority unproven: copa_telmex_dashboard.py:password_change_discovery,[],documents_and_other_password_change_discovery_get_3b1145,documents_and_other:read; never grants business authority,[],current employee + effective faculty + object + organization/legal entity + portfolio/tournament; UNPROVEN,read_candidate; side effects NOT verified,none only after read-purity proof,scoped source IDs/version and redacted durable receipt; writes need canonical transactional dedup + postcondition,"[""role/object/company deny"", ""revoked/expired"", ""isolation"", ""read purity""]",DISABLED; CANONICAL_SCOPE_UNPROVEN; route presence is not adapter or UI parity proof
b450c9a78a8c,copa_telmex_dashboard.py,4259,copa_america_spa,GET,"[""/copa-america""]",/copa-america,"[""GET""]","[{""prefix"": """", ""evidence"": ""copa_telmex_dashboard.py"", ""status"": ""entrypoint_static""}]",[],[],[],"UNPROVEN: guards/dependencies are evidence, not a complete effective-role matrix",documents_and_other,live_entrypoint_static,"[""NO_LOCAL_GUARD_FOUND; inherited/middleware review required""]",ROUTE OWNER ONLY; service authority unproven: copa_telmex_dashboard.py:copa_america_spa,[],documents_and_other_copa_america_spa_get_b450c9,documents_and_other:read; never grants business authority,"[""path""]",current employee + effective faculty + object + organization/legal entity + portfolio/tournament; UNPROVEN,read_candidate; side effects NOT verified,none only after read-purity proof,scoped source IDs/version and redacted durable receipt; writes need canonical transactional dedup + postcondition,"[""role/object/company deny"", ""revoked/expired"", ""isolation"", ""read purity""]",DISABLED; CANONICAL_SCOPE_UNPROVEN; route presence is not adapter or UI parity proof
7dc6c625d620,copa_telmex_dashboard.py,4259,copa_america_spa,GET,"[""/copa-america/""]",/copa-america/,"[""GET""]","[{""prefix"": """", ""evidence"": ""copa_telmex_dashboard.py"", ""status"": ""entrypoint_static""}]",[],[],[],"UNPROVEN: guards/dependencies are evidence, not a complete effective-role matrix",documents_and_other,live_entrypoint_static,"[""NO_LOCAL_GUARD_FOUND; inherited/middleware review required""]",ROUTE OWNER ONLY; service authority unproven: copa_telmex_dashboard.py:copa_america_spa,[],documents_and_other_copa_america_spa_get_7dc6c6,documents_and_other:read; never grants business authority,"[""path""]",current employee + effective faculty + object + organization/legal entity + portfolio/tournament; UNPROVEN,read_candidate; side effects NOT verified,none only after read-purity proof,scoped source IDs/version and redacted durable receipt; writes need canonical transactional dedup + postcondition,"[""role/object/company deny"", ""revoked/expired"", ""isolation"", ""read purity""]",DISABLED; CANONICAL_SCOPE_UNPROVEN; route presence is not adapter or UI parity proof
10d4a78e7aea,copa_telmex_dashboard.py,4259,copa_america_spa,GET,"[""/copa-america/{path:path}""]",/copa-america/{path:path},"[""GET""]","[{""prefix"": """", ""evidence"": ""copa_telmex_dashboard.py"", ""status"": ""entrypoint_static""}]",[],[],[],"UNPROVEN: guards/dependencies are evidence, not a complete effective-role matrix",documents_and_other,live_entrypoint_static,"[""NO_LOCAL_GUARD_FOUND; inherited/middleware review required""]",ROUTE OWNER ONLY; service authority unproven: copa_telmex_dashboard.py:copa_america_spa,[],documents_and_other_copa_america_spa_get_10d4a7,documents_and_other:read; never grants business authority,"[""path""]",current employee + effective faculty + object + organization/legal entity + portfolio/tournament; UNPROVEN,read_candidate; side effects NOT verified,none only after read-purity proof,scoped source IDs/version and redacted durable receipt; writes need canonical transactional dedup + postcondition,"[""role/object/company deny"", ""revoked/expired"", ""isolation"", ""read purity""]",DISABLED; CANONICAL_SCOPE_UNPROVEN; route presence is not adapter or UI parity proof
a776aa888ba8,copa_telmex_dashboard.py,4274,assistant_spa_alias,GET,"[""/assistant""]",/assistant,"[""GET""]","[{""prefix"": """", ""evidence"": ""copa_telmex_dashboard.py"", ""status"": ""entrypoint_static""}]",[],[],"[{""key"": ""assistant.shell"", ""roles"": [""admin"", ""superadmin"", ""super_admin""], ""actions"": [""ver""], ""evidence"": ""src/devnous/gastos/services/access_control_service.py:133""}]","UNPROVEN: guards/dependencies are evidence, not a complete effective-role matrix",assistant,live_entrypoint_static,"[""NO_LOCAL_GUARD_FOUND; inherited/middleware review required""]",ROUTE OWNER ONLY; service authority unproven: copa_telmex_dashboard.py:assistant_spa_alias,[],assistant_assistant_spa_alias_get_a776aa,assistant:read; never grants business authority,"[""path""]",current employee + effective faculty + object + organization/legal entity + portfolio/tournament; UNPROVEN,read_candidate; side effects NOT verified,none only after read-purity proof,scoped source IDs/version and redacted durable receipt; writes need canonical transactional dedup + postcondition,"[""role/object/company deny"", ""revoked/expired"", ""isolation"", ""read purity""]",DISABLED; CANONICAL_SCOPE_UNPROVEN; route presence is not adapter or UI parity proof
af93903a1317,copa_telmex_dashboard.py,4274,assistant_spa_alias,GET,"[""/assistant/""]",/assistant/,"[""GET""]","[{""prefix"": """", ""evidence"": ""copa_telmex_dashboard.py"", ""status"": ""entrypoint_static""}]",[],[],"[{""key"": ""assistant.shell"", ""roles"": [""admin"", ""superadmin"", ""super_admin""], ""actions"": [""ver""], ""evidence"": ""src/devnous/gastos/services/access_control_service.py:133""}]","UNPROVEN: guards/dependencies are evidence, not a complete effective-role matrix",assistant,live_entrypoint_static,"[""NO_LOCAL_GUARD_FOUND; inherited/middleware review required""]",ROUTE OWNER ONLY; service authority unproven: copa_telmex_dashboard.py:assistant_spa_alias,[],assistant_assistant_spa_alias_get_af9390,assistant:read; never grants business authority,"[""path""]",current employee + effective faculty + object + organization/legal entity + portfolio/tournament; UNPROVEN,read_candidate; side effects NOT verified,none only after read-purity proof,scoped source IDs/version and redacted durable receipt; writes need canonical transactional dedup + postcondition,"[""role/object/company deny"", ""revoked/expired"", ""isolation"", ""read purity""]",DISABLED; CANONICAL_SCOPE_UNPROVEN; route presence is not adapter or UI parity proof
26cbb8452d2a,copa_telmex_dashboard.py,4274,assistant_spa_alias,GET,"[""/assistant/{path:path}""]",/assistant/{path:path},"[""GET""]","[{""prefix"": """", ""evidence"": ""copa_telmex_dashboard.py"", ""status"": ""entrypoint_static""}]",[],[],"[{""key"": ""assistant.shell"", ""roles"": [""admin"", ""superadmin"", ""super_admin""], ""actions"": [""ver""], ""evidence"": ""src/devnous/gastos/services/access_control_service.py:133""}]","UNPROVEN: guards/dependencies are evidence, not a complete effective-role matrix",assistant,live_entrypoint_static,"[""NO_LOCAL_GUARD_FOUND; inherited/middleware review required""]",ROUTE OWNER ONLY; service authority unproven: copa_telmex_dashboard.py:assistant_spa_alias,[],assistant_assistant_spa_alias_get_26cbb8,assistant:read; never grants business authority,"[""path""]",current employee + effective faculty + object + organization/legal entity + portfolio/tournament; UNPROVEN,read_candidate; side effects NOT verified,none only after read-purity proof,scoped source IDs/version and redacted durable receipt; writes need canonical transactional dedup + postcondition,"[""role/object/company deny"", ""revoked/expired"", ""isolation"", ""read purity""]",DISABLED; CANONICAL_SCOPE_UNPROVEN; route presence is not adapter or UI parity proof
640954490744,copa_telmex_dashboard.py,4298,rag_spa_alias,GET,"[""/RAG""]",/RAG,"[""GET""]","[{""prefix"": """", ""evidence"": ""copa_telmex_dashboard.py"", ""status"": ""entrypoint_static""}]",[],[],[],"UNPROVEN: guards/dependencies are evidence, not a complete effective-role matrix",documents_and_other,live_entrypoint_static,"[""NO_LOCAL_GUARD_FOUND; inherited/middleware review required""]",ROUTE OWNER ONLY; service authority unproven: copa_telmex_dashboard.py:rag_spa_alias,[],documents_and_other_rag_spa_alias_get_640954,documents_and_other:read; never grants business authority,"[""path""]",current employee + effective faculty + object + organization/legal entity + portfolio/tournament; UNPROVEN,read_candidate; side effects NOT verified,none only after read-purity proof,scoped source IDs/version and redacted durable receipt; writes need canonical transactional dedup + postcondition,"[""role/object/company deny"", ""revoked/expired"", ""isolation"", ""read purity""]",DISABLED; CANONICAL_SCOPE_UNPROVEN; route presence is not adapter or UI parity proof
8407db455ca8,copa_telmex_dashboard.py,4298,rag_spa_alias,GET,"[""/RAG/""]",/RAG/,"[""GET""]","[{""prefix"": """", ""evidence"": ""copa_telmex_dashboard.py"", ""status"": ""entrypoint_static""}]",[],[],[],"UNPROVEN: guards/dependencies are evidence, not a complete effective-role matrix",documents_and_other,live_entrypoint_static,"[""NO_LOCAL_GUARD_FOUND; inherited/middleware review required""]",ROUTE OWNER ONLY; service authority unproven: copa_telmex_dashboard.py:rag_spa_alias,[],documents_and_other_rag_spa_alias_get_8407db,documents_and_other:read; never grants business authority,"[""path""]",current employee + effective faculty + object + organization/legal entity + portfolio/tournament; UNPROVEN,read_candidate; side effects NOT verified,none only after read-purity proof,scoped source IDs/version and redacted durable receipt; writes need canonical transactional dedup + postcondition,"[""role/object/company deny"", ""revoked/expired"", ""isolation"", ""read purity""]",DISABLED; CANONICAL_SCOPE_UNPROVEN; route presence is not adapter or UI parity proof
7c9b85a56273,copa_telmex_dashboard.py,4298,rag_spa_alias,GET,"[""/RAG/{path:path}""]",/RAG/{path:path},"[""GET""]","[{""prefix"": """", ""evidence"": ""copa_telmex_dashboard.py"", ""status"": ""entrypoint_static""}]",[],[],[],"UNPROVEN: guards/dependencies are evidence, not a complete effective-role matrix",documents_and_other,live_entrypoint_static,"[""NO_LOCAL_GUARD_FOUND; inherited/middleware review required""]",ROUTE OWNER ONLY; service authority unproven: copa_telmex_dashboard.py:rag_spa_alias,[],documents_and_other_rag_spa_alias_get_7c9b85,documents_and_other:read; never grants business authority,"[""path""]",current employee + effective faculty + object + organization/legal entity + portfolio/tournament; UNPROVEN,read_candidate; side effects NOT verified,none only after read-purity proof,scoped source IDs/version and redacted durable receipt; writes need canonical transactional dedup + postcondition,"[""role/object/company deny"", ""revoked/expired"", ""isolation"", ""read purity""]",DISABLED; CANONICAL_SCOPE_UNPROVEN; route presence is not adapter or UI parity proof
2d4bea096c36,copa_telmex_dashboard.py,4298,rag_spa_alias,GET,"[""/rag""]",/rag,"[""GET""]","[{""prefix"": """", ""evidence"": ""copa_telmex_dashboard.py"", ""status"": ""entrypoint_static""}]",[],[],[],"UNPROVEN: guards/dependencies are evidence, not a complete effective-role matrix",documents_and_other,live_entrypoint_static,"[""NO_LOCAL_GUARD_FOUND; inherited/middleware review required""]",ROUTE OWNER ONLY; service authority unproven: copa_telmex_dashboard.py:rag_spa_alias,[],documents_and_other_rag_spa_alias_get_2d4bea,documents_and_other:read; never grants business authority,"[""path""]",current employee + effective faculty + object + organization/legal entity + portfolio/tournament; UNPROVEN,read_candidate; side effects NOT verified,none only after read-purity proof,scoped source IDs/version and redacted durable receipt; writes need canonical transactional dedup + postcondition,"[""role/object/company deny"", ""revoked/expired"", ""isolation"", ""read purity""]",DISABLED; CANONICAL_SCOPE_UNPROVEN; route presence is not adapter or UI parity proof
ad2a32f11e5a,copa_telmex_dashboard.py,4298,rag_spa_alias,GET,"[""/rag/""]",/rag/,"[""GET""]","[{""prefix"": """", ""evidence"": ""copa_telmex_dashboard.py"", ""status"": ""entrypoint_static""}]",[],[],[],"UNPROVEN: guards/dependencies are evidence, not a complete effective-role matrix",documents_and_other,live_entrypoint_static,"[""NO_LOCAL_GUARD_FOUND; inherited/middleware review required""]",ROUTE OWNER ONLY; service authority unproven: copa_telmex_dashboard.py:rag_spa_alias,[],documents_and_other_rag_spa_alias_get_ad2a32,documents_and_other:read; never grants business authority,"[""path""]",current employee + effective faculty + object + organization/legal entity + portfolio/tournament; UNPROVEN,read_candidate; side effects NOT verified,none only after read-purity proof,scoped source IDs/version and redacted durable receipt; writes need canonical transactional dedup + postcondition,"[""role/object/company deny"", ""revoked/expired"", ""isolation"", ""read purity""]",DISABLED; CANONICAL_SCOPE_UNPROVEN; route presence is not adapter or UI parity proof
c17b20fe691c,copa_telmex_dashboard.py,4298,rag_spa_alias,GET,"[""/rag/{path:path}""]",/rag/{path:path},"[""GET""]","[{""prefix"": """", ""evidence"": ""copa_telmex_dashboard.py"", ""status"": ""entrypoint_static""}]",[],[],[],"UNPROVEN: guards/dependencies are evidence, not a complete effective-role matrix",documents_and_other,live_entrypoint_static,"[""NO_LOCAL_GUARD_FOUND; inherited/middleware review required""]",ROUTE OWNER ONLY; service authority unproven: copa_telmex_dashboard.py:rag_spa_alias,[],documents_and_other_rag_spa_alias_get_c17b20,documents_and_other:read; never grants business authority,"[""path""]",current employee + effective faculty + object + organization/legal entity + portfolio/tournament; UNPROVEN,read_candidate; side effects NOT verified,none only after read-purity proof,scoped source IDs/version and redacted durable receipt; writes need canonical transactional dedup + postcondition,"[""role/object/company deny"", ""revoked/expired"", ""isolation"", ""read purity""]",DISABLED; CANONICAL_SCOPE_UNPROVEN; route presence is not adapter or UI parity proof
88961f6c7451,copa_telmex_dashboard.py,4316,admin_spa_alias,GET,"[""/admin""]",/admin,"[""GET""]","[{""prefix"": """", ""evidence"": ""copa_telmex_dashboard.py"", ""status"": ""entrypoint_static""}]",[],[],"[{""key"": ""admin.root"", ""roles"": [""admin"", ""superadmin"", ""super_admin""], ""actions"": [""ver""], ""evidence"": ""src/devnous/gastos/services/access_control_service.py:125""}]","UNPROVEN: guards/dependencies are evidence, not a complete effective-role matrix",documents_and_other,live_entrypoint_static,"[""NO_LOCAL_GUARD_FOUND; inherited/middleware review required""]",ROUTE OWNER ONLY; service authority unproven: copa_telmex_dashboard.py:admin_spa_alias,[],documents_and_other_admin_spa_alias_get_88961f,documents_and_other:read; never grants business authority,[],current employee + effective faculty + object + organization/legal entity + portfolio/tournament; UNPROVEN,read_candidate; side effects NOT verified,none only after read-purity proof,scoped source IDs/version and redacted durable receipt; writes need canonical transactional dedup + postcondition,"[""role/object/company deny"", ""revoked/expired"", ""isolation"", ""read purity""]",DISABLED; CANONICAL_SCOPE_UNPROVEN; route presence is not adapter or UI parity proof
d623e9e22898,copa_telmex_dashboard.py,4316,admin_spa_alias,GET,"[""/admin/""]",/admin/,"[""GET""]","[{""prefix"": """", ""evidence"": ""copa_telmex_dashboard.py"", ""status"": ""entrypoint_static""}]",[],[],"[{""key"": ""admin.root"", ""roles"": [""admin"", ""superadmin"", ""super_admin""], ""actions"": [""ver""], ""evidence"": ""src/devnous/gastos/services/access_control_service.py:125""}]","UNPROVEN: guards/dependencies are evidence, not a complete effective-role matrix",documents_and_other,live_entrypoint_static,"[""NO_LOCAL_GUARD_FOUND; inherited/middleware review required""]",ROUTE OWNER ONLY; service authority unproven: copa_telmex_dashboard.py:admin_spa_alias,[],documents_and_other_admin_spa_alias_get_d623e9,documents_and_other:read; never grants business authority,[],current employee + effective faculty + object + organization/legal entity + portfolio/tournament; UNPROVEN,read_candidate; side effects NOT verified,none only after read-purity proof,scoped source IDs/version and redacted durable receipt; writes need canonical transactional dedup + postcondition,"[""role/object/company deny"", ""revoked/expired"", ""isolation"", ""read purity""]",DISABLED; CANONICAL_SCOPE_UNPROVEN; route presence is not adapter or UI parity proof
e312392edd63,copa_telmex_dashboard.py,4334,folders_spa_alias,GET,"[""/folders""]",/folders,"[""GET""]","[{""prefix"": """", ""evidence"": ""copa_telmex_dashboard.py"", ""status"": ""entrypoint_static""}]",[],[],[],"UNPROVEN: guards/dependencies are evidence, not a complete effective-role matrix",documents_and_other,live_entrypoint_static,"[""NO_LOCAL_GUARD_FOUND; inherited/middleware review required""]",ROUTE OWNER ONLY; service authority unproven: copa_telmex_dashboard.py:folders_spa_alias,[],documents_and_other_folders_spa_alias_get_e31239,documents_and_other:read; never grants business authority,"[""path""]",current employee + effective faculty + object + organization/legal entity + portfolio/tournament; UNPROVEN,read_candidate; side effects NOT verified,none only after read-purity proof,scoped source IDs/version and redacted durable receipt; writes need canonical transactional dedup + postcondition,"[""role/object/company deny"", ""revoked/expired"", ""isolation"", ""read purity""]",DISABLED; CANONICAL_SCOPE_UNPROVEN; route presence is not adapter or UI parity proof
5232b094ec13,copa_telmex_dashboard.py,4334,folders_spa_alias,GET,"[""/folders/""]",/folders/,"[""GET""]","[{""prefix"": """", ""evidence"": ""copa_telmex_dashboard.py"", ""status"": ""entrypoint_static""}]",[],[],[],"UNPROVEN: guards/dependencies are evidence, not a complete effective-role matrix",documents_and_other,live_entrypoint_static,"[""NO_LOCAL_GUARD_FOUND; inherited/middleware review required""]",ROUTE OWNER ONLY; service authority unproven: copa_telmex_dashboard.py:folders_spa_alias,[],documents_and_other_folders_spa_alias_get_5232b0,documents_and_other:read; never grants business authority,"[""path""]",current employee + effective faculty + object + organization/legal entity + portfolio/tournament; UNPROVEN,read_candidate; side effects NOT verified,none only after read-purity proof,scoped source IDs/version and redacted durable receipt; writes need canonical transactional dedup + postcondition,"[""role/object/company deny"", ""revoked/expired"", ""isolation"", ""read purity""]",DISABLED; CANONICAL_SCOPE_UNPROVEN; route presence is not adapter or UI parity proof
7010fefe7662,copa_telmex_dashboard.py,4334,folders_spa_alias,GET,"[""/folders/{path:path}""]",/folders/{path:path},"[""GET""]","[{""prefix"": """", ""evidence"": ""copa_telmex_dashboard.py"", ""status"": ""entrypoint_static""}]",[],[],[],"UNPROVEN: guards/dependencies are evidence, not a complete effective-role matrix",documents_and_other,live_entrypoint_static,"[""NO_LOCAL_GUARD_FOUND; inherited/middleware review required""]",ROUTE OWNER ONLY; service authority unproven: copa_telmex_dashboard.py:folders_spa_alias,[],documents_and_other_folders_spa_alias_get_7010fe,documents_and_other:read; never grants business authority,"[""path""]",current employee + effective faculty + object + organization/legal entity + portfolio/tournament; UNPROVEN,read_candidate; side effects NOT verified,none only after read-purity proof,scoped source IDs/version and redacted durable receipt; writes need canonical transactional dedup + postcondition,"[""role/object/company deny"", ""revoked/expired"", ""isolation"", ""read purity""]",DISABLED; CANONICAL_SCOPE_UNPROVEN; route presence is not adapter or UI parity proof
dda857eda3b6,copa_telmex_dashboard.py,4353,operations_spa_alias,GET,"[""/operations""]",/operations,"[""GET""]","[{""prefix"": """", ""evidence"": ""copa_telmex_dashboard.py"", ""status"": ""entrypoint_static""}]",[],[],[],"UNPROVEN: guards/dependencies are evidence, not a complete effective-role matrix",documents_and_other,live_entrypoint_static,"[""NO_LOCAL_GUARD_FOUND; inherited/middleware review required""]",ROUTE OWNER ONLY; service authority unproven: copa_telmex_dashboard.py:operations_spa_alias,[],documents_and_other_operations_spa_alias_get_dda857,documents_and_other:read; never grants business authority,"[""path""]",current employee + effective faculty + object + organization/legal entity + portfolio/tournament; UNPROVEN,read_candidate; side effects NOT verified,none only after read-purity proof,scoped source IDs/version and redacted durable receipt; writes need canonical transactional dedup + postcondition,"[""role/object/company deny"", ""revoked/expired"", ""isolation"", ""read purity""]",DISABLED; CANONICAL_SCOPE_UNPROVEN; route presence is not adapter or UI parity proof
3d556771712a,copa_telmex_dashboard.py,4353,operations_spa_alias,GET,"[""/operations/""]",/operations/,"[""GET""]","[{""prefix"": """", ""evidence"": ""copa_telmex_dashboard.py"", ""status"": ""entrypoint_static""}]",[],[],[],"UNPROVEN: guards/dependencies are evidence, not a complete effective-role matrix",documents_and_other,live_entrypoint_static,"[""NO_LOCAL_GUARD_FOUND; inherited/middleware review required""]",ROUTE OWNER ONLY; service authority unproven: copa_telmex_dashboard.py:operations_spa_alias,[],documents_and_other_operations_spa_alias_get_3d5567,documents_and_other:read; never grants business authority,"[""path""]",current employee + effective faculty + object + organization/legal entity + portfolio/tournament; UNPROVEN,read_candidate; side effects NOT verified,none only after read-purity proof,scoped source IDs/version and redacted durable receipt; writes need canonical transactional dedup + postcondition,"[""role/object/company deny"", ""revoked/expired"", ""isolation"", ""read purity""]",DISABLED; CANONICAL_SCOPE_UNPROVEN; route presence is not adapter or UI parity proof
5b1da4cf6904,copa_telmex_dashboard.py,4353,operations_spa_alias,GET,"[""/operations/{path:path}""]",/operations/{path:path},"[""GET""]","[{""prefix"": """", ""evidence"": ""copa_telmex_dashboard.py"", ""status"": ""entrypoint_static""}]",[],[],[],"UNPROVEN: guards/dependencies are evidence, not a complete effective-role matrix",documents_and_other,live_entrypoint_static,"[""NO_LOCAL_GUARD_FOUND; inherited/middleware review required""]",ROUTE OWNER ONLY; service authority unproven: copa_telmex_dashboard.py:operations_spa_alias,[],documents_and_other_operations_spa_alias_get_5b1da4,documents_and_other:read; never grants business authority,"[""path""]",current employee + effective faculty + object + organization/legal entity + portfolio/tournament; UNPROVEN,read_candidate; side effects NOT verified,none only after read-purity proof,scoped source IDs/version and redacted durable receipt; writes need canonical transactional dedup + postcondition,"[""role/object/company deny"", ""revoked/expired"", ""isolation"", ""read purity""]",DISABLED; CANONICAL_SCOPE_UNPROVEN; route presence is not adapter or UI parity proof
27f0137b58c3,copa_telmex_dashboard.py,4371,finance_root_alias,GET,"[""/finance""]",/finance,"[""GET""]","[{""prefix"": """", ""evidence"": ""copa_telmex_dashboard.py"", ""status"": ""entrypoint_static""}]",[],[],[],"UNPROVEN: guards/dependencies are evidence, not a complete effective-role matrix",documents_and_other,live_entrypoint_static,"[""NO_LOCAL_GUARD_FOUND; inherited/middleware review required""]",ROUTE OWNER ONLY; service authority unproven: copa_telmex_dashboard.py:finance_root_alias,[],documents_and_other_finance_root_alias_get_27f013,documents_and_other:read; never grants business authority,[],current employee + effective faculty + object + organization/legal entity + portfolio/tournament; UNPROVEN,read_candidate; side effects NOT verified,none only after read-purity proof,scoped source IDs/version and redacted durable receipt; writes need canonical transactional dedup + postcondition,"[""role/object/company deny"", ""revoked/expired"", ""isolation"", ""read purity""]",DISABLED; CANONICAL_SCOPE_UNPROVEN; route presence is not adapter or UI parity proof
baff0d544e44,copa_telmex_dashboard.py,4371,finance_root_alias,GET,"[""/finance/""]",/finance/,"[""GET""]","[{""prefix"": """", ""evidence"": ""copa_telmex_dashboard.py"", ""status"": ""entrypoint_static""}]",[],[],[],"UNPROVEN: guards/dependencies are evidence, not a complete effective-role matrix",documents_and_other,live_entrypoint_static,"[""NO_LOCAL_GUARD_FOUND; inherited/middleware review required""]",ROUTE OWNER ONLY; service authority unproven: copa_telmex_dashboard.py:finance_root_alias,[],documents_and_other_finance_root_alias_get_baff0d,documents_and_other:read; never grants business authority,[],current employee + effective faculty + object + organization/legal entity + portfolio/tournament; UNPROVEN,read_candidate; side effects NOT verified,none only after read-purity proof,scoped source IDs/version and redacted durable receipt; writes need canonical transactional dedup + postcondition,"[""role/object/company deny"", ""revoked/expired"", ""isolation"", ""read purity""]",DISABLED; CANONICAL_SCOPE_UNPROVEN; route presence is not adapter or UI parity proof
c15817cefbb8,copa_telmex_dashboard.py,4381,finance_expenses_alias,GET,"[""/finance/expenses""]",/finance/expenses,"[""GET""]","[{""prefix"": """", ""evidence"": ""copa_telmex_dashboard.py"", ""status"": ""entrypoint_static""}]",[],[],[],"UNPROVEN: guards/dependencies are evidence, not a complete effective-role matrix",documents_and_other,live_entrypoint_static,"[""NO_LOCAL_GUARD_FOUND; inherited/middleware review required""]",ROUTE OWNER ONLY; service authority unproven: copa_telmex_dashboard.py:finance_expenses_alias,[],documents_and_other_finance_expenses_alias_get_c15817,documents_and_other:read; never grants business authority,[],current employee + effective faculty + object + organization/legal entity + portfolio/tournament; UNPROVEN,read_candidate; side effects NOT verified,none only after read-purity proof,scoped source IDs/version and redacted durable receipt; writes need canonical transactional dedup + postcondition,"[""role/object/company deny"", ""revoked/expired"", ""isolation"", ""read purity""]",DISABLED; CANONICAL_SCOPE_UNPROVEN; route presence is not adapter or UI parity proof
2e850e3f348f,copa_telmex_dashboard.py,4381,finance_expenses_alias,GET,"[""/finance/expenses/""]",/finance/expenses/,"[""GET""]","[{""prefix"": """", ""evidence"": ""copa_telmex_dashboard.py"", ""status"": ""entrypoint_static""}]",[],[],[],"UNPROVEN: guards/dependencies are evidence, not a complete effective-role matrix",documents_and_other,live_entrypoint_static,"[""NO_LOCAL_GUARD_FOUND; inherited/middleware review required""]",ROUTE OWNER ONLY; service authority unproven: copa_telmex_dashboard.py:finance_expenses_alias,[],documents_and_other_finance_expenses_alias_get_2e850e,documents_and_other:read; never grants business authority,[],current employee + effective faculty + object + organization/legal entity + portfolio/tournament; UNPROVEN,read_candidate; side effects NOT verified,none only after read-purity proof,scoped source IDs/version and redacted durable receipt; writes need canonical transactional dedup + postcondition,"[""role/object/company deny"", ""revoked/expired"", ""isolation"", ""read purity""]",DISABLED; CANONICAL_SCOPE_UNPROVEN; route presence is not adapter or UI parity proof
443d5c42b495,copa_telmex_dashboard.py,4390,finance_my_expenses_alias,GET,"[""/finance/my-expenses""]",/finance/my-expenses,"[""GET""]","[{""prefix"": """", ""evidence"": ""copa_telmex_dashboard.py"", ""status"": ""entrypoint_static""}]",[],[],[],"UNPROVEN: guards/dependencies are evidence, not a complete effective-role matrix",documents_and_other,live_entrypoint_static,"[""NO_LOCAL_GUARD_FOUND; inherited/middleware review required""]",ROUTE OWNER ONLY; service authority unproven: copa_telmex_dashboard.py:finance_my_expenses_alias,[],documents_and_other_finance_my_expenses_alias_get_443d5c,documents_and_other:read; never grants business authority,[],current employee + effective faculty + object + organization/legal entity + portfolio/tournament; UNPROVEN,read_candidate; side effects NOT verified,none only after read-purity proof,scoped source IDs/version and redacted durable receipt; writes need canonical transactional dedup + postcondition,"[""role/object/company deny"", ""revoked/expired"", ""isolation"", ""read purity""]",DISABLED; CANONICAL_SCOPE_UNPROVEN; route presence is not adapter or UI parity proof
b92d1722a24c,copa_telmex_dashboard.py,4390,finance_my_expenses_alias,GET,"[""/finance/my-expenses/""]",/finance/my-expenses/,"[""GET""]","[{""prefix"": """", ""evidence"": ""copa_telmex_dashboard.py"", ""status"": ""entrypoint_static""}]",[],[],[],"UNPROVEN: guards/dependencies are evidence, not a complete effective-role matrix",documents_and_other,live_entrypoint_static,"[""NO_LOCAL_GUARD_FOUND; inherited/middleware review required""]",ROUTE OWNER ONLY; service authority unproven: copa_telmex_dashboard.py:finance_my_expenses_alias,[],documents_and_other_finance_my_expenses_alias_get_b92d17,documents_and_other:read; never grants business authority,[],current employee + effective faculty + object + organization/legal entity + portfolio/tournament; UNPROVEN,read_candidate; side effects NOT verified,none only after read-purity proof,scoped source IDs/version and redacted durable receipt; writes need canonical transactional dedup + postcondition,"[""role/object/company deny"", ""revoked/expired"", ""isolation"", ""read purity""]",DISABLED; CANONICAL_SCOPE_UNPROVEN; route presence is not adapter or UI parity proof
92bb25a7ad5d,copa_telmex_dashboard.py,4399,finance_accounts_alias,GET,"[""/finance/accounts""]",/finance/accounts,"[""GET""]","[{""prefix"": """", ""evidence"": ""copa_telmex_dashboard.py"", ""status"": ""entrypoint_static""}]",[],[],[],"UNPROVEN: guards/dependencies are evidence, not a complete effective-role matrix",documents_and_other,live_entrypoint_static,"[""NO_LOCAL_GUARD_FOUND; inherited/middleware review required""]",ROUTE OWNER ONLY; service authority unproven: copa_telmex_dashboard.py:finance_accounts_alias,[],documents_and_other_finance_accounts_alias_get_92bb25,documents_and_other:read; never grants business authority,[],current employee + effective faculty + object + organization/legal entity + portfolio/tournament; UNPROVEN,read_candidate; side effects NOT verified,none only after read-purity proof,scoped source IDs/version and redacted durable receipt; writes need canonical transactional dedup + postcondition,"[""role/object/company deny"", ""revoked/expired"", ""isolation"", ""read purity""]",DISABLED; CANONICAL_SCOPE_UNPROVEN; route presence is not adapter or UI parity proof
2bb5bd754dab,copa_telmex_dashboard.py,4399,finance_accounts_alias,GET,"[""/finance/accounts/""]",/finance/accounts/,"[""GET""]","[{""prefix"": """", ""evidence"": ""copa_telmex_dashboard.py"", ""status"": ""entrypoint_static""}]",[],[],[],"UNPROVEN: guards/dependencies are evidence, not a complete effective-role matrix",documents_and_other,live_entrypoint_static,"[""NO_LOCAL_GUARD_FOUND; inherited/middleware review required""]",ROUTE OWNER ONLY; service authority unproven: copa_telmex_dashboard.py:finance_accounts_alias,[],documents_and_other_finance_accounts_alias_get_2bb5bd,documents_and_other:read; never grants business authority,[],current employee + effective faculty + object + organization/legal entity + portfolio/tournament; UNPROVEN,read_candidate; side effects NOT verified,none only after read-purity proof,scoped source IDs/version and redacted durable receipt; writes need canonical transactional dedup + postcondition,"[""role/object/company deny"", ""revoked/expired"", ""isolation"", ""read purity""]",DISABLED; CANONICAL_SCOPE_UNPROVEN; route presence is not adapter or UI parity proof
3c14e2a4d7b1,copa_telmex_dashboard.py,4408,finance_unmapped_alias,GET,"[""/finance/unmapped""]",/finance/unmapped,"[""GET""]","[{""prefix"": """", ""evidence"": ""copa_telmex_dashboard.py"", ""status"": ""entrypoint_static""}]",[],[],[],"UNPROVEN: guards/dependencies are evidence, not a complete effective-role matrix",documents_and_other,live_entrypoint_static,"[""NO_LOCAL_GUARD_FOUND; inherited/middleware review required""]",ROUTE OWNER ONLY; service authority unproven: copa_telmex_dashboard.py:finance_unmapped_alias,[],documents_and_other_finance_unmapped_alias_get_3c14e2,documents_and_other:read; never grants business authority,[],current employee + effective faculty + object + organization/legal entity + portfolio/tournament; UNPROVEN,read_candidate; side effects NOT verified,none only after read-purity proof,scoped source IDs/version and redacted durable receipt; writes need canonical transactional dedup + postcondition,"[""role/object/company deny"", ""revoked/expired"", ""isolation"", ""read purity""]",DISABLED; CANONICAL_SCOPE_UNPROVEN; route presence is not adapter or UI parity proof
90f8c2f5bc68,copa_telmex_dashboard.py,4408,finance_unmapped_alias,GET,"[""/finance/unmapped/""]",/finance/unmapped/,"[""GET""]","[{""prefix"": """", ""evidence"": ""copa_telmex_dashboard.py"", ""status"": ""entrypoint_static""}]",[],[],[],"UNPROVEN: guards/dependencies are evidence, not a complete effective-role matrix",documents_and_other,live_entrypoint_static,"[""NO_LOCAL_GUARD_FOUND; inherited/middleware review required""]",ROUTE OWNER ONLY; service authority unproven: copa_telmex_dashboard.py:finance_unmapped_alias,[],documents_and_other_finance_unmapped_alias_get_90f8c2,documents_and_other:read; never grants business authority,[],current employee + effective faculty + object + organization/legal entity + portfolio/tournament; UNPROVEN,read_candidate; side effects NOT verified,none only after read-purity proof,scoped source IDs/version and redacted durable receipt; writes need canonical transactional dedup + postcondition,"[""role/object/company deny"", ""revoked/expired"", ""isolation"", ""read purity""]",DISABLED; CANONICAL_SCOPE_UNPROVEN; route presence is not adapter or UI parity proof
093e920d9c62,copa_telmex_dashboard.py,4418,copa_telmex_spa,GET,"[""/telmex""]",/telmex,"[""GET""]","[{""prefix"": """", ""evidence"": ""copa_telmex_dashboard.py"", ""status"": ""entrypoint_static""}]",[],[],[],"UNPROVEN: guards/dependencies are evidence, not a complete effective-role matrix",documents_and_other,live_entrypoint_static,"[""NO_LOCAL_GUARD_FOUND; inherited/middleware review required""]",ROUTE OWNER ONLY; service authority unproven: copa_telmex_dashboard.py:copa_telmex_spa,[],documents_and_other_copa_telmex_spa_get_093e92,documents_and_other:read; never grants business authority,"[""path""]",current employee + effective faculty + object + organization/legal entity + portfolio/tournament; UNPROVEN,read_candidate; side effects NOT verified,none only after read-purity proof,scoped source IDs/version and redacted durable receipt; writes need canonical transactional dedup + postcondition,"[""role/object/company deny"", ""revoked/expired"", ""isolation"", ""read purity""]",DISABLED; CANONICAL_SCOPE_UNPROVEN; route presence is not adapter or UI parity proof
8794a58e9dca,copa_telmex_dashboard.py,4418,copa_telmex_spa,GET,"[""/telmex/""]",/telmex/,"[""GET""]","[{""prefix"": """", ""evidence"": ""copa_telmex_dashboard.py"", ""status"": ""entrypoint_static""}]",[],[],[],"UNPROVEN: guards/dependencies are evidence, not a complete effective-role matrix",documents_and_other,live_entrypoint_static,"[""NO_LOCAL_GUARD_FOUND; inherited/middleware review required""]",ROUTE OWNER ONLY; service authority unproven: copa_telmex_dashboard.py:copa_telmex_spa,[],documents_and_other_copa_telmex_spa_get_8794a5,documents_and_other:read; never grants business authority,"[""path""]",current employee + effective faculty + object + organization/legal entity + portfolio/tournament; UNPROVEN,read_candidate; side effects NOT verified,none only after read-purity proof,scoped source IDs/version and redacted durable receipt; writes need canonical transactional dedup + postcondition,"[""role/object/company deny"", ""revoked/expired"", ""isolation"", ""read purity""]",DISABLED; CANONICAL_SCOPE_UNPROVEN; route presence is not adapter or UI parity proof
23fea50cc7a9,copa_telmex_dashboard.py,4418,copa_telmex_spa,GET,"[""/telmex/{path:path}""]",/telmex/{path:path},"[""GET""]","[{""prefix"": """", ""evidence"": ""copa_telmex_dashboard.py"", ""status"": ""entrypoint_static""}]",[],[],[],"UNPROVEN: guards/dependencies are evidence, not a complete effective-role matrix",documents_and_other,live_entrypoint_static,"[""NO_LOCAL_GUARD_FOUND; inherited/middleware review required""]",ROUTE OWNER ONLY; service authority unproven: copa_telmex_dashboard.py:copa_telmex_spa,[],documents_and_other_copa_telmex_spa_get_23fea5,documents_and_other:read; never grants business authority,"[""path""]",current employee + effective faculty + object + organization/legal entity + portfolio/tournament; UNPROVEN,read_candidate; side effects NOT verified,none only after read-purity proof,scoped source IDs/version and redacted durable receipt; writes need canonical transactional dedup + postcondition,"[""role/object/company deny"", ""revoked/expired"", ""isolation"", ""read purity""]",DISABLED; CANONICAL_SCOPE_UNPROVEN; route presence is not adapter or UI parity proof
a80e59f16ef4,copa_telmex_dashboard.py,4482,root_enterprise_home,GET,"[""/""]",/,"[""GET""]","[{""prefix"": """", ""evidence"": ""copa_telmex_dashboard.py"", ""status"": ""entrypoint_static""}]",[],[],[],"UNPROVEN: guards/dependencies are evidence, not a complete effective-role matrix",documents_and_other,live_entrypoint_static,"[""NO_LOCAL_GUARD_FOUND; inherited/middleware review required""]",ROUTE OWNER ONLY; service authority unproven: copa_telmex_dashboard.py:root_enterprise_home,[],documents_and_other_root_enterprise_home_get_a80e59,documents_and_other:read; never grants business authority,[],current employee + effective faculty + object + organization/legal entity + portfolio/tournament; UNPROVEN,read_candidate; side effects NOT verified,none only after read-purity proof,scoped source IDs/version and redacted durable receipt; writes need canonical transactional dedup + postcondition,"[""role/object/company deny"", ""revoked/expired"", ""isolation"", ""read purity""]",DISABLED; CANONICAL_SCOPE_UNPROVEN; route presence is not adapter or UI parity proof
1cde36d80013,copa_telmex_dashboard.py,4496,healthz,GET,"[""/healthz""]",/healthz,"[""GET""]","[{""prefix"": """", ""evidence"": ""copa_telmex_dashboard.py"", ""status"": ""entrypoint_static""}]",[],[],[],"UNPROVEN: guards/dependencies are evidence, not a complete effective-role matrix",documents_and_other,live_entrypoint_static,"[""NO_LOCAL_GUARD_FOUND; inherited/middleware review required""]",ROUTE OWNER ONLY; service authority unproven: copa_telmex_dashboard.py:healthz,[],documents_and_other_healthz_get_1cde36,documents_and_other:read; never grants business authority,[],current employee + effective faculty + object + organization/legal entity + portfolio/tournament; UNPROVEN,read_candidate; side effects NOT verified,none only after read-purity proof,scoped source IDs/version and redacted durable receipt; writes need canonical transactional dedup + postcondition,"[""role/object/company deny"", ""revoked/expired"", ""isolation"", ""read purity""]",DISABLED; CANONICAL_SCOPE_UNPROVEN; route presence is not adapter or UI parity proof
f2e1be5c536f,copa_telmex_dashboard.py,4511,readyz,GET,"[""/readyz""]",/readyz,"[""GET""]","[{""prefix"": """", ""evidence"": ""copa_telmex_dashboard.py"", ""status"": ""entrypoint_static""}]",[],[],[],"UNPROVEN: guards/dependencies are evidence, not a complete effective-role matrix",documents_and_other,live_entrypoint_static,"[""NO_LOCAL_GUARD_FOUND; inherited/middleware review required""]",ROUTE OWNER ONLY; service authority unproven: copa_telmex_dashboard.py:readyz,[],documents_and_other_readyz_get_f2e1be,documents_and_other:read; never grants business authority,[],current employee + effective faculty + object + organization/legal entity + portfolio/tournament; UNPROVEN,read_candidate; side effects NOT verified,none only after read-purity proof,scoped source IDs/version and redacted durable receipt; writes need canonical transactional dedup + postcondition,"[""role/object/company deny"", ""revoked/expired"", ""isolation"", ""read purity""]",DISABLED; CANONICAL_SCOPE_UNPROVEN; route presence is not adapter or UI parity proof
ff5a578c637a,copa_telmex_dashboard.py,4561,tournament_selector,GET,"[""/torneos""]",/torneos,"[""GET""]","[{""prefix"": """", ""evidence"": ""copa_telmex_dashboard.py"", ""status"": ""entrypoint_static""}]",[],[],[],"UNPROVEN: guards/dependencies are evidence, not a complete effective-role matrix",operations,live_entrypoint_static,"[""NO_LOCAL_GUARD_FOUND; inherited/middleware review required""]",ROUTE OWNER ONLY; service authority unproven: copa_telmex_dashboard.py:tournament_selector,[],operations_tournament_selector_get_ff5a57,operations:read; never grants business authority,[],current employee + effective faculty + object + organization/legal entity + portfolio/tournament; UNPROVEN,read_candidate; side effects NOT verified,none only after read-purity proof,scoped source IDs/version and redacted durable receipt; writes need canonical transactional dedup + postcondition,"[""role/object/company deny"", ""revoked/expired"", ""isolation"", ""read purity""]",DISABLED; CANONICAL_SCOPE_UNPROVEN; route presence is not adapter or UI parity proof
6887d5d79a63,copa_telmex_dashboard.py,4574,home,GET,"[""/dashboard""]",/dashboard,"[""GET""]","[{""prefix"": """", ""evidence"": ""copa_telmex_dashboard.py"", ""status"": ""entrypoint_static""}]",[],[],[],"UNPROVEN: guards/dependencies are evidence, not a complete effective-role matrix",documents_and_other,live_entrypoint_static,"[""_ensure_legacy_copa_dashboard_access(request, html_fallback='/dashboard')""]",ROUTE OWNER ONLY; service authority unproven: copa_telmex_dashboard.py:home,"[""RegistrationReviewDraft.validation['ready_to_commit'].as_boolean"", ""RegistrationReviewDraft.validation['ready_to_commit'].as_boolean().label"", ""build_home_operations_snapshot"", ""select(RegistrationReviewSession.id.label('id'), RegistrationReviewSession.status.label('status'), RegistrationReviewSession.tournament_slug.label('tournament_slug'), RegistrationReviewSession.started_at.label('started_at'), RegistrationReviewSession.updated_at.label('updated_at'), RegistrationReviewDraft.updated_at.label('draft_updated_at'), RegistrationReviewDraft.validation['ready_to_commit'].as_boolean().label('ready_to_commit'), RegistrationReviewDraft.validation['blocking_issue_count'].as_integer().label('blocking_issue_count'), RegistrationReviewDraft.validation['issue_count'].as_integer().label('issue_count'), RegistrationReviewDraft.validation['player_count'].as_integer().label('player_count'), RegistrationReviewDraft.validation['audit']['telegram_intake']['intake_folio'].as_string().label('intake_folio')).outerjoin"", ""select(RegistrationReviewSession.id.label('id'), RegistrationReviewSession.status.label('status'), RegistrationReviewSession.tournament_slug.label('tournament_slug'), RegistrationReviewSession.started_at.label('started_at'), RegistrationReviewSession.updated_at.label('updated_at'), RegistrationReviewDraft.updated_at.label('draft_updated_at'), RegistrationReviewDraft.validation['ready_to_commit'].as_boolean().label('ready_to_commit'), RegistrationReviewDraft.validation['blocking_issue_count'].as_integer().label('blocking_issue_count'), RegistrationReviewDraft.validation['issue_count'].as_integer().label('issue_count'), RegistrationReviewDraft.validation['player_count'].as_integer().label('player_count'), RegistrationReviewDraft.validation['audit']['telegram_intake']['intake_folio'].as_string().label('intake_folio')).outerjoin(RegistrationReviewDraft, RegistrationReviewDraft.id == latest_draft_id).where""]",documents_and_other_home_get_6887d5,documents_and_other:read; never grants business authority,[],current employee + effective faculty + object + organization/legal entity + portfolio/tournament; UNPROVEN,read_candidate; side effects NOT verified,none only after read-purity proof,scoped source IDs/version and redacted durable receipt; writes need canonical transactional dedup + postcondition,"[""role/object/company deny"", ""revoked/expired"", ""isolation"", ""read purity""]",DISABLED; CANONICAL_SCOPE_UNPROVEN; route presence is not adapter or UI parity proof
00879ce2ce8f,copa_telmex_dashboard.py,4651,get_stats,GET,"[""/api/stats""]",/api/stats,"[""GET""]","[{""prefix"": """", ""evidence"": ""copa_telmex_dashboard.py"", ""status"": ""entrypoint_static""}]",[],[],[],"UNPROVEN: guards/dependencies are evidence, not a complete effective-role matrix",documents_and_other,live_entrypoint_static,"[""_ensure_legacy_copa_dashboard_access(request)""]",ROUTE OWNER ONLY; service authority unproven: copa_telmex_dashboard.py:get_stats,[],documents_and_other_get_stats_get_00879c,documents_and_other:read; never grants business authority,[],current employee + effective faculty + object + organization/legal entity + portfolio/tournament; UNPROVEN,read_candidate; side effects NOT verified,none only after read-purity proof,scoped source IDs/version and redacted durable receipt; writes need canonical transactional dedup + postcondition,"[""role/object/company deny"", ""revoked/expired"", ""isolation"", ""read purity""]",DISABLED; CANONICAL_SCOPE_UNPROVEN; route presence is not adapter or UI parity proof
cf4b497c0548,copa_telmex_dashboard.py,4661,list_teams,GET,"[""/teams""]",/teams,"[""GET""]","[{""prefix"": """", ""evidence"": ""copa_telmex_dashboard.py"", ""status"": ""entrypoint_static""}]",[],[],[],"UNPROVEN: guards/dependencies are evidence, not a complete effective-role matrix",registration,live_entrypoint_static,"[""_ensure_legacy_copa_dashboard_access(request, html_fallback='/teams')""]",ROUTE OWNER ONLY; service authority unproven: copa_telmex_dashboard.py:list_teams,[],registration_list_teams_get_cf4b49,registration:read; never grants business authority,[],current employee + effective faculty + object + organization/legal entity + portfolio/tournament; UNPROVEN,read_candidate; side effects NOT verified,none only after read-purity proof,scoped source IDs/version and redacted durable receipt; writes need canonical transactional dedup + postcondition,"[""role/object/company deny"", ""revoked/expired"", ""isolation"", ""read purity""]",DISABLED; CANONICAL_SCOPE_UNPROVEN; route presence is not adapter or UI parity proof
ddd9c960d590,copa_telmex_dashboard.py,4704,view_team,GET,"[""/team/{team_id}""]",/team/{team_id},"[""GET""]","[{""prefix"": """", ""evidence"": ""copa_telmex_dashboard.py"", ""status"": ""entrypoint_static""}]",[],[],[],"UNPROVEN: guards/dependencies are evidence, not a complete effective-role matrix",registration,live_entrypoint_static,"[""_ensure_legacy_copa_dashboard_access(request, html_fallback=f'/team/{team_id}')""]",ROUTE OWNER ONLY; service authority unproven: copa_telmex_dashboard.py:view_team,[],registration_view_team_get_ddd9c9,registration:read; never grants business authority,"[""team_id""]",current employee + effective faculty + object + organization/legal entity + portfolio/tournament; UNPROVEN,read_candidate; side effects NOT verified,none only after read-purity proof,scoped source IDs/version and redacted durable receipt; writes need canonical transactional dedup + postcondition,"[""role/object/company deny"", ""revoked/expired"", ""isolation"", ""read purity""]",DISABLED; CANONICAL_SCOPE_UNPROVEN; route presence is not adapter or UI parity proof
f666a8e38b5c,copa_telmex_dashboard.py,4770,list_players,GET,"[""/players""]",/players,"[""GET""]","[{""prefix"": """", ""evidence"": ""copa_telmex_dashboard.py"", ""status"": ""entrypoint_static""}]",[],[],[],"UNPROVEN: guards/dependencies are evidence, not a complete effective-role matrix",registration,live_entrypoint_static,"[""_ensure_legacy_copa_dashboard_access(request, html_fallback='/players')""]",ROUTE OWNER ONLY; service authority unproven: copa_telmex_dashboard.py:list_players,[],registration_list_players_get_f666a8,registration:read; never grants business authority,"[""needs_review""]",current employee + effective faculty + object + organization/legal entity + portfolio/tournament; UNPROVEN,read_candidate; side effects NOT verified,none only after read-purity proof,scoped source IDs/version and redacted durable receipt; writes need canonical transactional dedup + postcondition,"[""role/object/company deny"", ""revoked/expired"", ""isolation"", ""read purity""]",DISABLED; CANONICAL_SCOPE_UNPROVEN; route presence is not adapter or UI parity proof
534fe4a20ecb,copa_telmex_dashboard.py,4823,list_registration_review_sessions,GET,"[""/registration-review""]",/registration-review,"[""GET""]","[{""prefix"": """", ""evidence"": ""copa_telmex_dashboard.py"", ""status"": ""entrypoint_static""}]",[],[],[],"UNPROVEN: guards/dependencies are evidence, not a complete effective-role matrix",registration,live_entrypoint_static,"[""_ensure_registration_review_access(request, html_fallback='/registration-review')""]",ROUTE OWNER ONLY; service authority unproven: copa_telmex_dashboard.py:list_registration_review_sessions,[],registration_list_registration_review_sessions_get_534fe4,registration:read; never grants business authority,[],current employee + effective faculty + object + organization/legal entity + portfolio/tournament; UNPROVEN,read_candidate; side effects NOT verified,none only after read-purity proof,scoped source IDs/version and redacted durable receipt; writes need canonical transactional dedup + postcondition,"[""role/object/company deny"", ""revoked/expired"", ""isolation"", ""read purity""]",DISABLED; CANONICAL_SCOPE_UNPROVEN; route presence is not adapter or UI parity proof
102241f8efb0,copa_telmex_dashboard.py,4874,new_registration_review_session,GET,"[""/registration-review/new""]",/registration-review/new,"[""GET""]","[{""prefix"": """", ""evidence"": ""copa_telmex_dashboard.py"", ""status"": ""entrypoint_static""}]",[],[],[],"UNPROVEN: guards/dependencies are evidence, not a complete effective-role matrix",registration,live_entrypoint_static,"[""_ensure_registration_review_access(request, html_fallback='/registration-review/new')""]",ROUTE OWNER ONLY; service authority unproven: copa_telmex_dashboard.py:new_registration_review_session,[],registration_new_registration_review_session_get_102241,registration:read; never grants business authority,[],current employee + effective faculty + object + organization/legal entity + portfolio/tournament; UNPROVEN,read_candidate; side effects NOT verified,none only after read-purity proof,scoped source IDs/version and redacted durable receipt; writes need canonical transactional dedup + postcondition,"[""role/object/company deny"", ""revoked/expired"", ""isolation"", ""read purity""]",DISABLED; CANONICAL_SCOPE_UNPROVEN; route presence is not adapter or UI parity proof
33d8c32606d1,copa_telmex_dashboard.py,4891,create_registration_review_session,POST,"[""/api/registration-review""]",/api/registration-review,"[""POST""]","[{""prefix"": """", ""evidence"": ""copa_telmex_dashboard.py"", ""status"": ""entrypoint_static""}]",[],[],[],"UNPROVEN: guards/dependencies are evidence, not a complete effective-role matrix",registration,live_entrypoint_static,"[""_ensure_registration_review_access(request)""]",ROUTE OWNER ONLY; service authority unproven: copa_telmex_dashboard.py:create_registration_review_session,"[""session.commit""]",registration_create_registration_review_session_post_33d8c3,registration:write; never grants business authority,[],current employee + effective faculty + object + organization/legal entity + portfolio/tournament; UNPROVEN,write_or_effect_candidate,trusted human approval of exact draft/version/amount/currency/destination/digest; recheck at commit,scoped source IDs/version and redacted durable receipt; writes need canonical transactional dedup + postcondition,"[""role/object/company deny"", ""revoked/expired"", ""isolation"", ""read purity"", ""exact confirmation/version"", ""retry/crash/no duplicates"", ""verified receipt""]",DISABLED; CANONICAL_SCOPE_UNPROVEN; route presence is not adapter or UI parity proof
27b9ecbbcfdc,copa_telmex_dashboard.py,4964,admit_registration_review_batch,POST,"[""/api/registration-review/batches""]",/api/registration-review/batches,"[""POST""]","[{""prefix"": """", ""evidence"": ""copa_telmex_dashboard.py"", ""status"": ""entrypoint_static""}]",[],[],[],"UNPROVEN: guards/dependencies are evidence, not a complete effective-role matrix",registration,live_entrypoint_static,"[""_ensure_registration_review_access(request)""]",ROUTE OWNER ONLY; service authority unproven: copa_telmex_dashboard.py:admit_registration_review_batch,"[""_admit_validated_registration_review_batch"", ""validate_batch_admission_manifest""]",registration_admit_registration_review_batch_post_27b9ec,registration:write; never grants business authority,[],current employee + effective faculty + object + organization/legal entity + portfolio/tournament; UNPROVEN,write_or_effect_candidate,trusted human approval of exact draft/version/amount/currency/destination/digest; recheck at commit,scoped source IDs/version and redacted durable receipt; writes need canonical transactional dedup + postcondition,"[""role/object/company deny"", ""revoked/expired"", ""isolation"", ""read purity"", ""exact confirmation/version"", ""retry/crash/no duplicates"", ""verified receipt""]",DISABLED; CANONICAL_SCOPE_UNPROVEN; route presence is not adapter or UI parity proof
429cd6994a10,copa_telmex_dashboard.py,5430,create_registration_batch_upload,POST,"[""/api/registration-review/batch-uploads""]",/api/registration-review/batch-uploads,"[""POST""]","[{""prefix"": """", ""evidence"": ""copa_telmex_dashboard.py"", ""status"": ""entrypoint_static""}]",[],[],[],"UNPROVEN: guards/dependencies are evidence, not a complete effective-role matrix",registration,live_entrypoint_static,"[""_ensure_registration_review_access(request)"", ""ensure_batch_staging_root(_batch_staging_root())""]",ROUTE OWNER ONLY; service authority unproven: copa_telmex_dashboard.py:create_registration_batch_upload,"[""session.commit"", ""validate_batch_admission_manifest""]",registration_create_registration_batch_upload_post_429cd6,registration:write; never grants business authority,[],current employee + effective faculty + object + organization/legal entity + portfolio/tournament; UNPROVEN,write_or_effect_candidate,trusted human approval of exact draft/version/amount/currency/destination/digest; recheck at commit,scoped source IDs/version and redacted durable receipt; writes need canonical transactional dedup + postcondition,"[""role/object/company deny"", ""revoked/expired"", ""isolation"", ""read purity"", ""exact confirmation/version"", ""retry/crash/no duplicates"", ""verified receipt""]",DISABLED; CANONICAL_SCOPE_UNPROVEN; route presence is not adapter or UI parity proof
f8f2ae7e4601,copa_telmex_dashboard.py,5550,registration_batch_upload_status,GET,"[""/api/registration-review/batch-uploads/{upload_id}""]",/api/registration-review/batch-uploads/{upload_id},"[""GET""]","[{""prefix"": """", ""evidence"": ""copa_telmex_dashboard.py"", ""status"": ""entrypoint_static""}]",[],[],[],"UNPROVEN: guards/dependencies are evidence, not a complete effective-role matrix",registration,live_entrypoint_static,"[""_ensure_registration_review_access(request)""]",ROUTE OWNER ONLY; service authority unproven: copa_telmex_dashboard.py:registration_batch_upload_status,[],registration_registration_batch_upload_status_get_f8f2ae,registration:read; never grants business authority,"[""upload_id""]",current employee + effective faculty + object + organization/legal entity + portfolio/tournament; UNPROVEN,read_candidate; side effects NOT verified,none only after read-purity proof,scoped source IDs/version and redacted durable receipt; writes need canonical transactional dedup + postcondition,"[""role/object/company deny"", ""revoked/expired"", ""isolation"", ""read purity""]",DISABLED; CANONICAL_SCOPE_UNPROVEN; route presence is not adapter or UI parity proof
559c3bb228fc,copa_telmex_dashboard.py,5565,upload_registration_batch_file,POST,"[""/api/registration-review/batch-uploads/{upload_id}/files""]",/api/registration-review/batch-uploads/{upload_id}/files,"[""POST""]","[{""prefix"": """", ""evidence"": ""copa_telmex_dashboard.py"", ""status"": ""entrypoint_static""}]",[],[],[],"UNPROVEN: guards/dependencies are evidence, not a complete effective-role matrix",registration,live_entrypoint_static,"[""_ensure_registration_review_access(request)""]",ROUTE OWNER ONLY; service authority unproven: copa_telmex_dashboard.py:upload_registration_batch_file,"[""session.commit""]",registration_upload_registration_batch_file_post_559c3b,registration:write; never grants business authority,"[""upload_id""]",current employee + effective faculty + object + organization/legal entity + portfolio/tournament; UNPROVEN,write_or_effect_candidate,trusted human approval of exact draft/version/amount/currency/destination/digest; recheck at commit,scoped source IDs/version and redacted durable receipt; writes need canonical transactional dedup + postcondition,"[""role/object/company deny"", ""revoked/expired"", ""isolation"", ""read purity"", ""exact confirmation/version"", ""retry/crash/no duplicates"", ""verified receipt""]",DISABLED; CANONICAL_SCOPE_UNPROVEN; route presence is not adapter or UI parity proof
5050a69a8343,copa_telmex_dashboard.py,5630,admit_next_registration_batch_document,POST,"[""/api/registration-review/batch-uploads/{upload_id}/admit-next""]",/api/registration-review/batch-uploads/{upload_id}/admit-next,"[""POST""]","[{""prefix"": """", ""evidence"": ""copa_telmex_dashboard.py"", ""status"": ""entrypoint_static""}]",[],[],[],"UNPROVEN: guards/dependencies are evidence, not a complete effective-role matrix",registration,live_entrypoint_static,"[""_ensure_registration_review_access(request)""]",ROUTE OWNER ONLY; service authority unproven: copa_telmex_dashboard.py:admit_next_registration_batch_document,"[""_admit_validated_registration_review_batch"", ""cleanup_session.commit"", ""lock_session.commit""]",registration_admit_next_registration_batch_document_post_5050a6,registration:write; never grants business authority,"[""upload_id""]",current employee + effective faculty + object + organization/legal entity + portfolio/tournament; UNPROVEN,write_or_effect_candidate,trusted human approval of exact draft/version/amount/currency/destination/digest; recheck at commit,scoped source IDs/version and redacted durable receipt; writes need canonical transactional dedup + postcondition,"[""role/object/company deny"", ""revoked/expired"", ""isolation"", ""read purity"", ""exact confirmation/version"", ""retry/crash/no duplicates"", ""verified receipt""]",DISABLED; CANONICAL_SCOPE_UNPROVEN; route presence is not adapter or UI parity proof
7a8853c297de,copa_telmex_dashboard.py,5774,cancel_registration_batch_upload,DELETE,"[""/api/registration-review/batch-uploads/{upload_id}""]",/api/registration-review/batch-uploads/{upload_id},"[""DELETE""]","[{""prefix"": """", ""evidence"": ""copa_telmex_dashboard.py"", ""status"": ""entrypoint_static""}]",[],[],[],"UNPROVEN: guards/dependencies are evidence, not a complete effective-role matrix",registration,live_entrypoint_static,"[""_ensure_registration_review_access(request)""]",ROUTE OWNER ONLY; service authority unproven: copa_telmex_dashboard.py:cancel_registration_batch_upload,"[""session.commit""]",registration_cancel_registration_batch_upload_delete_7a8853,registration:write; never grants business authority,"[""upload_id""]",current employee + effective faculty + object + organization/legal entity + portfolio/tournament; UNPROVEN,write_or_effect_candidate,trusted human approval of exact draft/version/amount/currency/destination/digest; recheck at commit,scoped source IDs/version and redacted durable receipt; writes need canonical transactional dedup + postcondition,"[""role/object/company deny"", ""revoked/expired"", ""isolation"", ""read purity"", ""exact confirmation/version"", ""retry/crash/no duplicates"", ""verified receipt""]",DISABLED; CANONICAL_SCOPE_UNPROVEN; route presence is not adapter or UI parity proof
623216011025,copa_telmex_dashboard.py,5810,get_registration_review_session_payload,GET,"[""/api/registration-review/{session_id}""]",/api/registration-review/{session_id},"[""GET""]","[{""prefix"": """", ""evidence"": ""copa_telmex_dashboard.py"", ""status"": ""entrypoint_static""}]",[],[],[],"UNPROVEN: guards/dependencies are evidence, not a complete effective-role matrix",registration,live_entrypoint_static,"[""_ensure_registration_review_access(request)""]",ROUTE OWNER ONLY; service authority unproven: copa_telmex_dashboard.py:get_registration_review_session_payload,"[""_build_review_commit_validation"", ""_build_review_validation""]",registration_get_registration_review_session_payload_get_623216,registration:read; never grants business authority,"[""session_id""]",current employee + effective faculty + object + organization/legal entity + portfolio/tournament; UNPROVEN,read_candidate; side effects NOT verified,none only after read-purity proof,scoped source IDs/version and redacted durable receipt; writes need canonical transactional dedup + postcondition,"[""role/object/company deny"", ""revoked/expired"", ""isolation"", ""read purity""]",DISABLED; CANONICAL_SCOPE_UNPROVEN; route presence is not adapter or UI parity proof
664e9e3af4dd,copa_telmex_dashboard.py,5864,view_registration_review_session,GET,"[""/registration-review/{session_id}""]",/registration-review/{session_id},"[""GET""]","[{""prefix"": """", ""evidence"": ""copa_telmex_dashboard.py"", ""status"": ""entrypoint_static""}]",[],[],[],"UNPROVEN: guards/dependencies are evidence, not a complete effective-role matrix",registration,live_entrypoint_static,"[""_ensure_registration_review_access(request, html_fallback=f'/registration-review/{session_id}')"", ""select(RegistrationOcrRun).join(RegistrationOcrRun.decision).options(selectinload(RegistrationOcrRun.field_diffs), selectinload(RegistrationOcrRun.decision)).where(RegistrationOcrRun.base_draft_id == draft.id, RegistrationOcrReprocessDecision.successor_draft_id.is_(None), RegistrationOcrReprocessDecision.decision.in_(('REQUIRE_FIELD_REVIEW', 'REQUIRE_ROSTER_REVIEW', 'DENY_REPROCESS_SUCCESSOR'))).order_by(RegistrationOcrRun.created_at.desc())"", ""select(RegistrationOcrRun).join(RegistrationOcrRun.decision).options(selectinload(RegistrationOcrRun.field_diffs), selectinload(RegistrationOcrRun.decision)).where(RegistrationOcrRun.base_draft_id == draft.id, RegistrationOcrReprocessDecision.successor_draft_id.is_(None), RegistrationOcrReprocessDecision.decision.in_(('REQUIRE_FIELD_REVIEW', 'REQUIRE_ROSTER_REVIEW', 'DENY_REPROCESS_SUCCESSOR'))).order_by(RegistrationOcrRun.created_at.desc()).limit(1)""]",ROUTE OWNER ONLY; service authority unproven: copa_telmex_dashboard.py:view_registration_review_session,"[""_build_review_commit_validation"", ""_build_review_player_photo_previews"", ""_build_review_validation"", ""build_canonical_review_view""]",registration_view_registration_review_session_get_664e9e,registration:read; never grants business authority,"[""session_id""]",current employee + effective faculty + object + organization/legal entity + portfolio/tournament; UNPROVEN,read_candidate; side effects NOT verified,none only after read-purity proof,scoped source IDs/version and redacted durable receipt; writes need canonical transactional dedup + postcondition,"[""role/object/company deny"", ""revoked/expired"", ""isolation"", ""read purity""]",DISABLED; CANONICAL_SCOPE_UNPROVEN; route presence is not adapter or UI parity proof
7566a1472d2b,copa_telmex_dashboard.py,5995,edit_registration_review_session,POST,"[""/api/registration-review/{session_id}/edit""]",/api/registration-review/{session_id}/edit,"[""POST""]","[{""prefix"": """", ""evidence"": ""copa_telmex_dashboard.py"", ""status"": ""entrypoint_static""}]",[],[],[],"UNPROVEN: guards/dependencies are evidence, not a complete effective-role matrix",registration,live_entrypoint_static,"[""RegistrationOcrFieldDiff.requires_review.is_(True)"", ""_ensure_registration_review_access(request)"", ""_ensure_review_session_mutable(review_session)"", ""ensure_roster_entry_ids(_apply_review_form_edits(form_data, base_extraction), review_session.id)"", ""ensure_roster_entry_ids(_get_review_extraction(base_draft), review_session.id)"", ""governance_client.authorize_draft_version(draft_authorization_payload)"", ""insert_pre_authorized_draft_version(session, review_session, expected_draft=locked_base, successor_values=dict(locked_proposal.proposed_values), authorization_payload=draft_authorization_payload, authorization=draft_authorization, parent_authorization=parent_authorization)"", ""select(RegistrationOcrFieldDiff).join(RegistrationOcrFieldDiff.ocr_run).join(RegistrationOcrRun.decision).options(selectinload(RegistrationOcrFieldDiff.ocr_run).selectinload(RegistrationOcrRun.decision)).where(RegistrationOcrRun.base_draft_id == base_draft.id, RegistrationOcrFieldDiff.requires_review.is_(True), RegistrationOcrReprocessDecision.successor_draft_id.is_(None), RegistrationOcrReprocessDecision.decision.in_(('REQUIRE_FIELD_REVIEW', 'REQUIRE_ROSTER_REVIEW'))).order_by(RegistrationOcrFieldDiff.field_path)""]",ROUTE OWNER ONLY; service authority unproven: copa_telmex_dashboard.py:edit_registration_review_session,"[""_build_field_corrections"", ""_build_review_commit_validation"", ""_build_review_extraction_metadata"", ""_build_review_validation"", ""build_draft_authorization_payload"", ""build_human_approval_rows"", ""build_human_field_edit_decision_row"", ""build_human_field_edit_gate_request"", ""build_human_field_edit_proposal"", ""build_human_field_execution_rows"", ""build_resolution_set"", ""build_successor_values"", ""session.commit""]",registration_edit_registration_review_session_post_7566a1,registration:write; never grants business authority,"[""session_id""]",current employee + effective faculty + object + organization/legal entity + portfolio/tournament; UNPROVEN,write_or_effect_candidate,trusted human approval of exact draft/version/amount/currency/destination/digest; recheck at commit,scoped source IDs/version and redacted durable receipt; writes need canonical transactional dedup + postcondition,"[""role/object/company deny"", ""revoked/expired"", ""isolation"", ""read purity"", ""exact confirmation/version"", ""retry/crash/no duplicates"", ""verified receipt""]",DISABLED; CANONICAL_SCOPE_UNPROVEN; route presence is not adapter or UI parity proof
e230fc5d7774,copa_telmex_dashboard.py,6418,adopt_canonical_review_fields,POST,"[""/api/registration-review/{session_id}/canonical-adopt""]",/api/registration-review/{session_id}/canonical-adopt,"[""POST""]","[{""prefix"": """", ""evidence"": ""copa_telmex_dashboard.py"", ""status"": ""entrypoint_static""}]",[],[],[],"UNPROVEN: guards/dependencies are evidence, not a complete effective-role matrix",registration,live_entrypoint_static,"[""_ensure_registration_review_access(request)""]",ROUTE OWNER ONLY; service authority unproven: copa_telmex_dashboard.py:adopt_canonical_review_fields,[],registration_adopt_canonical_review_fields_post_e230fc,registration:write; never grants business authority,"[""session_id""]",current employee + effective faculty + object + organization/legal entity + portfolio/tournament; UNPROVEN,write_or_effect_candidate,trusted human approval of exact draft/version/amount/currency/destination/digest; recheck at commit,scoped source IDs/version and redacted durable receipt; writes need canonical transactional dedup + postcondition,"[""role/object/company deny"", ""revoked/expired"", ""isolation"", ""read purity"", ""exact confirmation/version"", ""retry/crash/no duplicates"", ""verified receipt""]",DISABLED; CANONICAL_SCOPE_UNPROVEN; route presence is not adapter or UI parity proof
4bd34b79dff3,copa_telmex_dashboard.py,6431,reject_registration_review_session,POST,"[""/api/registration-review/{session_id}/reject""]",/api/registration-review/{session_id}/reject,"[""POST""]","[{""prefix"": """", ""evidence"": ""copa_telmex_dashboard.py"", ""status"": ""entrypoint_static""}]",[],[],[],"UNPROVEN: guards/dependencies are evidence, not a complete effective-role matrix",registration,live_entrypoint_static,"[""_ensure_registration_review_access(request)"", ""_ensure_review_session_mutable(review_session)""]",ROUTE OWNER ONLY; service authority unproven: copa_telmex_dashboard.py:reject_registration_review_session,"[""session.commit""]",registration_reject_registration_review_session_post_4bd34b,registration:write; never grants business authority,"[""session_id""]",current employee + effective faculty + object + organization/legal entity + portfolio/tournament; UNPROVEN,write_or_effect_candidate,trusted human approval of exact draft/version/amount/currency/destination/digest; recheck at commit,scoped source IDs/version and redacted durable receipt; writes need canonical transactional dedup + postcondition,"[""role/object/company deny"", ""revoked/expired"", ""isolation"", ""read purity"", ""exact confirmation/version"", ""retry/crash/no duplicates"", ""verified receipt""]",DISABLED; CANONICAL_SCOPE_UNPROVEN; route presence is not adapter or UI parity proof
bd9f1d753086,copa_telmex_dashboard.py,6510,reprocess_registration_review_session,POST,"[""/api/registration-review/{session_id}/reprocess""]",/api/registration-review/{session_id}/reprocess,"[""POST""]","[{""prefix"": """", ""evidence"": ""copa_telmex_dashboard.py"", ""status"": ""entrypoint_static""}]",[],[],[],"UNPROVEN: guards/dependencies are evidence, not a complete effective-role matrix",registration,live_entrypoint_static,"[""_ensure_batch_reprocess_staff_preserved(batch_binding_exists=batch_binding_result.scalar_one_or_none() is not None, current_extraction=_get_review_extraction(current_draft), proposed_extraction=ocr_run.proposed_extraction or {})"", ""_ensure_batch_reprocess_supported(batch_binding_exists=batch_binding_result.scalar_one_or_none() is not None)"", ""_ensure_registration_review_access(request)"", ""_ensure_review_session_mutable(review_session)""]",ROUTE OWNER ONLY; service authority unproven: copa_telmex_dashboard.py:reprocess_registration_review_session,"[""build_ocr_run"", ""build_reprocess_decision_row"", ""build_reprocess_gate_request"", ""build_successor_values"", ""session.commit""]",registration_reprocess_registration_review_session_post_bd9f1d,registration:write; never grants business authority,"[""session_id""]",current employee + effective faculty + object + organization/legal entity + portfolio/tournament; UNPROVEN,write_or_effect_candidate,trusted human approval of exact draft/version/amount/currency/destination/digest; recheck at commit,scoped source IDs/version and redacted durable receipt; writes need canonical transactional dedup + postcondition,"[""role/object/company deny"", ""revoked/expired"", ""isolation"", ""read purity"", ""exact confirmation/version"", ""retry/crash/no duplicates"", ""verified receipt""]",DISABLED; CANONICAL_SCOPE_UNPROVEN; route presence is not adapter or UI parity proof
ab3f7623396d,copa_telmex_dashboard.py,6849,append_assets_to_registration_review_session,POST,"[""/api/registration-review/{session_id}/assets""]",/api/registration-review/{session_id}/assets,"[""POST""]","[{""prefix"": """", ""evidence"": ""copa_telmex_dashboard.py"", ""status"": ""entrypoint_static""}]",[],[],[],"UNPROVEN: guards/dependencies are evidence, not a complete effective-role matrix",registration,live_entrypoint_static,"[""_ensure_registration_review_access(request)"", ""_ensure_review_session_mutable(review_session)""]",ROUTE OWNER ONLY; service authority unproven: copa_telmex_dashboard.py:append_assets_to_registration_review_session,"[""build_page_append_attempt"", ""build_page_composition_decision_row"", ""build_page_composition_gate_request"", ""build_successor_values"", ""session.commit""]",registration_append_assets_to_registration_review_sessio_ab3f76,registration:write; never grants business authority,"[""session_id""]",current employee + effective faculty + object + organization/legal entity + portfolio/tournament; UNPROVEN,write_or_effect_candidate,trusted human approval of exact draft/version/amount/currency/destination/digest; recheck at commit,scoped source IDs/version and redacted durable receipt; writes need canonical transactional dedup + postcondition,"[""role/object/company deny"", ""revoked/expired"", ""isolation"", ""read purity"", ""exact confirmation/version"", ""retry/crash/no duplicates"", ""verified receipt""]",DISABLED; CANONICAL_SCOPE_UNPROVEN; route presence is not adapter or UI parity proof
1b8c6f93e524,copa_telmex_dashboard.py,7206,commit_registration_review_session,POST,"[""/api/registration-review/{session_id}/commit""]",/api/registration-review/{session_id}/commit,"[""POST""]","[{""prefix"": """", ""evidence"": ""copa_telmex_dashboard.py"", ""status"": ""entrypoint_static""}]",[],[],[],"UNPROVEN: guards/dependencies are evidence, not a complete effective-role matrix",registration,live_entrypoint_static,"[""_ensure_registration_review_access(request)"", ""_ensure_review_session_mutable(review_session)"", ""_ensure_review_session_not_rejected(review_session)"", ""governance_client.preauthorize(governance_request)"", ""select(RegistrationOcrReprocessDecision.id).join(RegistrationOcrRun, RegistrationOcrReprocessDecision.ocr_run_id == RegistrationOcrRun.id).where(RegistrationOcrRun.base_draft_id == review_session.draft.id, RegistrationOcrReprocessDecision.successor_draft_id.is_(None), RegistrationOcrReprocessDecision.decision.in_(('REQUIRE_FIELD_REVIEW', 'REQUIRE_ROSTER_REVIEW', 'DENY_REPROCESS_SUCCESSOR'))).limit(1)""]",ROUTE OWNER ONLY; service authority unproven: copa_telmex_dashboard.py:commit_registration_review_session,"[""_build_commit_audit_envelope"", ""_build_registration_incident_policy"", ""_build_review_commit_validation"", ""_build_review_extraction_metadata"", ""_build_review_photo_artifacts"", ""_build_review_validation"", ""_ensure_review_session_not_rejected"", ""build_preauthorization_request"", ""copa_db.commit"", ""session.commit""]",registration_commit_registration_review_session_post_1b8c6f,registration:write; never grants business authority,"[""session_id""]",current employee + effective faculty + object + organization/legal entity + portfolio/tournament; UNPROVEN,write_or_effect_candidate,trusted human approval of exact draft/version/amount/currency/destination/digest; recheck at commit,scoped source IDs/version and redacted durable receipt; writes need canonical transactional dedup + postcondition,"[""role/object/company deny"", ""revoked/expired"", ""isolation"", ""read purity"", ""exact confirmation/version"", ""retry/crash/no duplicates"", ""verified receipt""]",DISABLED; CANONICAL_SCOPE_UNPROVEN; route presence is not adapter or UI parity proof
2c186071e002,copa_telmex_dashboard.py,7759,edit_team,POST,"[""/api/team/{team_id}/edit""]",/api/team/{team_id}/edit,"[""POST""]","[{""prefix"": """", ""evidence"": ""copa_telmex_dashboard.py"", ""status"": ""entrypoint_static""}]",[],[],[],"UNPROVEN: guards/dependencies are evidence, not a complete effective-role matrix",registration,live_entrypoint_static,"[""_ensure_team_player_mutation_access(request)""]",ROUTE OWNER ONLY; service authority unproven: copa_telmex_dashboard.py:edit_team,[],registration_edit_team_post_2c1860,registration:write; never grants business authority,"[""team_id""]",current employee + effective faculty + object + organization/legal entity + portfolio/tournament; UNPROVEN,write_or_effect_candidate,trusted human approval of exact draft/version/amount/currency/destination/digest; recheck at commit,scoped source IDs/version and redacted durable receipt; writes need canonical transactional dedup + postcondition,"[""role/object/company deny"", ""revoked/expired"", ""isolation"", ""read purity"", ""exact confirmation/version"", ""retry/crash/no duplicates"", ""verified receipt""]",DISABLED; CANONICAL_SCOPE_UNPROVEN; route presence is not adapter or UI parity proof
c9a10284455e,copa_telmex_dashboard.py,7803,edit_player,POST,"[""/api/player/{player_id}/edit""]",/api/player/{player_id}/edit,"[""POST""]","[{""prefix"": """", ""evidence"": ""copa_telmex_dashboard.py"", ""status"": ""entrypoint_static""}]",[],[],[],"UNPROVEN: guards/dependencies are evidence, not a complete effective-role matrix",registration,live_entrypoint_static,"[""_ensure_team_player_mutation_access(request)""]",ROUTE OWNER ONLY; service authority unproven: copa_telmex_dashboard.py:edit_player,[],registration_edit_player_post_c9a102,registration:write; never grants business authority,"[""player_id""]",current employee + effective faculty + object + organization/legal entity + portfolio/tournament; UNPROVEN,write_or_effect_candidate,trusted human approval of exact draft/version/amount/currency/destination/digest; recheck at commit,scoped source IDs/version and redacted durable receipt; writes need canonical transactional dedup + postcondition,"[""role/object/company deny"", ""revoked/expired"", ""isolation"", ""read purity"", ""exact confirmation/version"", ""retry/crash/no duplicates"", ""verified receipt""]",DISABLED; CANONICAL_SCOPE_UNPROVEN; route presence is not adapter or UI parity proof
948932ac24e6,copa_telmex_dashboard.py,7860,verify_player,POST,"[""/api/player/{player_id}/verify""]",/api/player/{player_id}/verify,"[""POST""]","[{""prefix"": """", ""evidence"": ""copa_telmex_dashboard.py"", ""status"": ""entrypoint_static""}]",[],[],[],"UNPROVEN: guards/dependencies are evidence, not a complete effective-role matrix",registration,live_entrypoint_static,"[""_ensure_team_player_mutation_access(request)""]",ROUTE OWNER ONLY; service authority unproven: copa_telmex_dashboard.py:verify_player,[],registration_verify_player_post_948932,registration:write; never grants business authority,"[""player_id""]",current employee + effective faculty + object + organization/legal entity + portfolio/tournament; UNPROVEN,write_or_effect_candidate,trusted human approval of exact draft/version/amount/currency/destination/digest; recheck at commit,scoped source IDs/version and redacted durable receipt; writes need canonical transactional dedup + postcondition,"[""role/object/company deny"", ""revoked/expired"", ""isolation"", ""read purity"", ""exact confirmation/version"", ""retry/crash/no duplicates"", ""verified receipt""]",DISABLED; CANONICAL_SCOPE_UNPROVEN; route presence is not adapter or UI parity proof
3acec0c8ff58,copa_telmex_dashboard.py,7898,delete_player,DELETE,"[""/api/player/{player_id}""]",/api/player/{player_id},"[""DELETE""]","[{""prefix"": """", ""evidence"": ""copa_telmex_dashboard.py"", ""status"": ""entrypoint_static""}]",[],[],[],"UNPROVEN: guards/dependencies are evidence, not a complete effective-role matrix",registration,live_entrypoint_static,"[""_ensure_team_player_mutation_access(request)""]",ROUTE OWNER ONLY; service authority unproven: copa_telmex_dashboard.py:delete_player,[],registration_delete_player_delete_3acec0,registration:write; never grants business authority,"[""player_id""]",current employee + effective faculty + object + organization/legal entity + portfolio/tournament; UNPROVEN,write_or_effect_candidate,trusted human approval of exact draft/version/amount/currency/destination/digest; recheck at commit,scoped source IDs/version and redacted durable receipt; writes need canonical transactional dedup + postcondition,"[""role/object/company deny"", ""revoked/expired"", ""isolation"", ""read purity"", ""exact confirmation/version"", ""retry/crash/no duplicates"", ""verified receipt""]",DISABLED; CANONICAL_SCOPE_UNPROVEN; route presence is not adapter or UI parity proof
60e86761276c,copa_telmex_dashboard.py,7910,delete_team,DELETE,"[""/api/team/{team_id}""]",/api/team/{team_id},"[""DELETE""]","[{""prefix"": """", ""evidence"": ""copa_telmex_dashboard.py"", ""status"": ""entrypoint_static""}]",[],[],[],"UNPROVEN: guards/dependencies are evidence, not a complete effective-role matrix",registration,live_entrypoint_static,"[""_ensure_team_player_mutation_access(request)""]",ROUTE OWNER ONLY; service authority unproven: copa_telmex_dashboard.py:delete_team,[],registration_delete_team_delete_60e867,registration:write; never grants business authority,"[""team_id""]",current employee + effective faculty + object + organization/legal entity + portfolio/tournament; UNPROVEN,write_or_effect_candidate,trusted human approval of exact draft/version/amount/currency/destination/digest; recheck at commit,scoped source IDs/version and redacted durable receipt; writes need canonical transactional dedup + postcondition,"[""role/object/company deny"", ""revoked/expired"", ""isolation"", ""read purity"", ""exact confirmation/version"", ""retry/crash/no duplicates"", ""verified receipt""]",DISABLED; CANONICAL_SCOPE_UNPROVEN; route presence is not adapter or UI parity proof
0d1845f7d8a8,src/devnous/gastos/routes/admin_amex_accounting_routes.py,63,amex_accounting_reports,GET,[],DYNAMIC:BASE,"[""GET""]",[],[],[],[],"UNPROVEN: guards/dependencies are evidence, not a complete effective-role matrix",documents_and_other,secondary_or_unproven_mount,"[""require_admin_finanzas()""]",ROUTE OWNER ONLY; service authority unproven: src/devnous/gastos/routes/admin_amex_accounting_routes.py:amex_accounting_reports,[],documents_and_other_amex_accounting_reports_get_0d1845,documents_and_other:read; never grants business authority,"[""current_empleado""]",current employee + effective faculty + object + organization/legal entity + portfolio/tournament; UNPROVEN,read_candidate; side effects NOT verified,none only after read-purity proof,scoped source IDs/version and redacted durable receipt; writes need canonical transactional dedup + postcondition,"[""role/object/company deny"", ""revoked/expired"", ""isolation"", ""read purity""]",DISABLED; CANONICAL_SCOPE_UNPROVEN; route presence is not adapter or UI parity proof
283d42633149,src/devnous/gastos/routes/admin_amex_accounting_routes.py,95,amex_accounting_report_review,GET,[],DYNAMIC:BASE + '/informes/{informe_id}',"[""GET""]",[],[],[],[],"UNPROVEN: guards/dependencies are evidence, not a complete effective-role matrix",documents_and_other,secondary_or_unproven_mount,"[""require_admin_finanzas()""]",ROUTE OWNER ONLY; service authority unproven: src/devnous/gastos/routes/admin_amex_accounting_routes.py:amex_accounting_report_review,[],documents_and_other_amex_accounting_report_review_get_283d42,documents_and_other:read; never grants business authority,"[""informe_id"", ""current_empleado""]",current employee + effective faculty + object + organization/legal entity + portfolio/tournament; UNPROVEN,read_candidate; side effects NOT verified,none only after read-purity proof,scoped source IDs/version and redacted durable receipt; writes need canonical transactional dedup + postcondition,"[""role/object/company deny"", ""revoked/expired"", ""isolation"", ""read purity""]",DISABLED; CANONICAL_SCOPE_UNPROVEN; route presence is not adapter or UI parity proof
459311a14019,src/devnous/gastos/routes/admin_amex_accounting_routes.py,207,amex_accounting_review_save,POST,[],DYNAMIC:BASE + '/informes/{informe_id}/partidas/{expense_id}',"[""POST""]",[],[],[],[],"UNPROVEN: guards/dependencies are evidence, not a complete effective-role matrix",documents_and_other,secondary_or_unproven_mount,"[""require_admin_finanzas()""]",ROUTE OWNER ONLY; service authority unproven: src/devnous/gastos/routes/admin_amex_accounting_routes.py:amex_accounting_review_save,"[""session.commit""]",documents_and_other_amex_accounting_review_save_post_459311,documents_and_other:write; never grants business authority,"[""informe_id"", ""expense_id"", ""reviewed"", ""treatment"", ""debtor_account_id"", ""reason"", ""current_empleado""]",current employee + effective faculty + object + organization/legal entity + portfolio/tournament; UNPROVEN,write_or_effect_candidate,trusted human approval of exact draft/version/amount/currency/destination/digest; recheck at commit,scoped source IDs/version and redacted durable receipt; writes need canonical transactional dedup + postcondition,"[""role/object/company deny"", ""revoked/expired"", ""isolation"", ""read purity"", ""exact confirmation/version"", ""retry/crash/no duplicates"", ""verified receipt""]",DISABLED; CANONICAL_SCOPE_UNPROVEN; route presence is not adapter or UI parity proof
2d6e8c472b0a,src/devnous/gastos/routes/admin_amex_accounting_routes.py,244,amex_accounting_cut_confirm,POST,[],DYNAMIC:BASE + '/informes/{informe_id}/cortes',"[""POST""]",[],[],[],[],"UNPROVEN: guards/dependencies are evidence, not a complete effective-role matrix",documents_and_other,secondary_or_unproven_mount,"[""require_admin_finanzas()""]",ROUTE OWNER ONLY; service authority unproven: src/devnous/gastos/routes/admin_amex_accounting_routes.py:amex_accounting_cut_confirm,"[""session.commit""]",documents_and_other_amex_accounting_cut_confirm_post_2d6e8c,documents_and_other:write; never grants business authority,"[""informe_id"", ""expected_versions"", ""accounting_date"", ""confirmed"", ""adjustment"", ""reason"", ""current_empleado""]",current employee + effective faculty + object + organization/legal entity + portfolio/tournament; UNPROVEN,write_or_effect_candidate,trusted human approval of exact draft/version/amount/currency/destination/digest; recheck at commit,scoped source IDs/version and redacted durable receipt; writes need canonical transactional dedup + postcondition,"[""role/object/company deny"", ""revoked/expired"", ""isolation"", ""read purity"", ""exact confirmation/version"", ""retry/crash/no duplicates"", ""verified receipt""]",DISABLED; CANONICAL_SCOPE_UNPROVEN; route presence is not adapter or UI parity proof
d28b790c3321,src/devnous/gastos/routes/admin_amex_accounting_routes.py,290,amex_accounting_cut_export,GET,[],DYNAMIC:BASE + '/cortes/{cut_id}.{export_format}',"[""GET""]",[],[],[],[],"UNPROVEN: guards/dependencies are evidence, not a complete effective-role matrix",documents_and_other,secondary_or_unproven_mount,"[""require_admin_finanzas()""]",ROUTE OWNER ONLY; service authority unproven: src/devnous/gastos/routes/admin_amex_accounting_routes.py:amex_accounting_cut_export,[],documents_and_other_amex_accounting_cut_export_get_d28b79,documents_and_other:read; never grants business authority,"[""cut_id"", ""export_format"", ""current_empleado""]",current employee + effective faculty + object + organization/legal entity + portfolio/tournament; UNPROVEN,read_candidate; side effects NOT verified,none only after read-purity proof,scoped source IDs/version and redacted durable receipt; writes need canonical transactional dedup + postcondition,"[""role/object/company deny"", ""revoked/expired"", ""isolation"", ""read purity""]",DISABLED; CANONICAL_SCOPE_UNPROVEN; route presence is not adapter or UI parity proof
8082e6acf78a,src/devnous/gastos/routes/admin_budget_routes.py,586,admin_presupuestos_dashboard,GET,"[""/admin/presupuestos""]",/admin/presupuestos,"[""GET""]","[{""prefix"": """", ""evidence"": ""src/devnous/gastos/routes/admin_routes.py:28050"", ""status"": ""registration_function_static; runtime execution unverified""}]",[],[],"[{""key"": ""admin.root"", ""roles"": [""admin"", ""superadmin"", ""super_admin""], ""actions"": [""ver""], ""evidence"": ""src/devnous/gastos/services/access_control_service.py:125""}, {""key"": ""presupuestos.ingresos"", ""roles"": [""finanzas"", ""admin"", ""superadmin"", ""super_admin""], ""actions"": [""ver"", ""crear"", ""editar"", ""exportar""], ""evidence"": ""src/devnous/gastos/services/access_control_service.py:221""}]","UNPROVEN: guards/dependencies are evidence, not a complete effective-role matrix",budgets,live_entrypoint_static,"[""_require_budget_access(current_empleado, 'read')"", ""ensure_budget_schema(session)"", ""str(catalog_scope or 'none').strip()"", ""str(catalog_scope or 'none').strip().lower()""]",ROUTE OWNER ONLY; service authority unproven: src/devnous/gastos/routes/admin_budget_routes.py:admin_presupuestos_dashboard,"[""build_budget_monthly_actuals"", ""build_budget_monthly_plan_rollups"", ""build_budget_snapshot""]",budgets_admin_presupuestos_dashboard_get_8082e6,budgets:read; never grants business authority,"[""current_empleado"", ""edition_year"", ""version_id"", ""catalog_scope"", ""catalog_tournament_ids"", ""success_msg"", ""error_msg""]",current employee + effective faculty + object + organization/legal entity + portfolio/tournament; UNPROVEN,read_candidate; side effects NOT verified,none only after read-purity proof,scoped source IDs/version and redacted durable receipt; writes need canonical transactional dedup + postcondition,"[""role/object/company deny"", ""revoked/expired"", ""isolation"", ""read purity""]",DISABLED; CANONICAL_SCOPE_UNPROVEN; route presence is not adapter or UI parity proof
80fbeef350ab,src/devnous/gastos/routes/admin_budget_routes.py,886,admin_presupuestos_export_xlsx,GET,"[""/admin/presupuestos/export.xlsx""]",/admin/presupuestos/export.xlsx,"[""GET""]","[{""prefix"": """", ""evidence"": ""src/devnous/gastos/routes/admin_routes.py:28050"", ""status"": ""registration_function_static; runtime execution unverified""}]",[],[],"[{""key"": ""admin.root"", ""roles"": [""admin"", ""superadmin"", ""super_admin""], ""actions"": [""ver""], ""evidence"": ""src/devnous/gastos/services/access_control_service.py:125""}, {""key"": ""presupuestos.ingresos"", ""roles"": [""finanzas"", ""admin"", ""superadmin"", ""super_admin""], ""actions"": [""ver"", ""crear"", ""editar"", ""exportar""], ""evidence"": ""src/devnous/gastos/services/access_control_service.py:221""}]","UNPROVEN: guards/dependencies are evidence, not a complete effective-role matrix",budgets,live_entrypoint_static,"[""_budget_access_map(current_empleado).get('audit_read')"", ""_require_budget_access(current_empleado, 'export')"", ""ensure_budget_schema(session)""]",ROUTE OWNER ONLY; service authority unproven: src/devnous/gastos/routes/admin_budget_routes.py:admin_presupuestos_export_xlsx,"[""build_budget_snapshot""]",budgets_admin_presupuestos_export_xlsx_get_80fbee,budgets:read; never grants business authority,"[""current_empleado"", ""version_id""]",current employee + effective faculty + object + organization/legal entity + portfolio/tournament; UNPROVEN,read_candidate; side effects NOT verified,none only after read-purity proof,scoped source IDs/version and redacted durable receipt; writes need canonical transactional dedup + postcondition,"[""role/object/company deny"", ""revoked/expired"", ""isolation"", ""read purity""]",DISABLED; CANONICAL_SCOPE_UNPROVEN; route presence is not adapter or UI parity proof
56a85c13e4b5,src/devnous/gastos/routes/admin_budget_routes.py,947,admin_presupuestos_create_version,POST,"[""/admin/presupuestos/versiones/create""]",/admin/presupuestos/versiones/create,"[""POST""]","[{""prefix"": """", ""evidence"": ""src/devnous/gastos/routes/admin_routes.py:28050"", ""status"": ""registration_function_static; runtime execution unverified""}]",[],[],"[{""key"": ""admin.root"", ""roles"": [""admin"", ""superadmin"", ""super_admin""], ""actions"": [""ver""], ""evidence"": ""src/devnous/gastos/services/access_control_service.py:125""}, {""key"": ""presupuestos.ingresos"", ""roles"": [""finanzas"", ""admin"", ""superadmin"", ""super_admin""], ""actions"": [""ver"", ""crear"", ""editar"", ""exportar""], ""evidence"": ""src/devnous/gastos/services/access_control_service.py:221""}]","UNPROVEN: guards/dependencies are evidence, not a complete effective-role matrix",budgets,live_entrypoint_static,"[""_require_budget_access(current_empleado, 'create')""]",ROUTE OWNER ONLY; service authority unproven: src/devnous/gastos/routes/admin_budget_routes.py:admin_presupuestos_create_version,[],budgets_admin_presupuestos_create_version_post_56a85c,budgets:write; never grants business authority,"[""version_name"", ""notes"", ""edition_year"", ""current_empleado""]",current employee + effective faculty + object + organization/legal entity + portfolio/tournament; UNPROVEN,write_or_effect_candidate,trusted human approval of exact draft/version/amount/currency/destination/digest; recheck at commit,scoped source IDs/version and redacted durable receipt; writes need canonical transactional dedup + postcondition,"[""role/object/company deny"", ""revoked/expired"", ""isolation"", ""read purity"", ""exact confirmation/version"", ""retry/crash/no duplicates"", ""verified receipt""]",DISABLED; CANONICAL_SCOPE_UNPROVEN; route presence is not adapter or UI parity proof
06445b8f59d7,src/devnous/gastos/routes/admin_budget_routes.py,985,admin_presupuestos_transition_version,POST,"[""/admin/presupuestos/versiones/{version_id}/transition""]",/admin/presupuestos/versiones/{version_id}/transition,"[""POST""]","[{""prefix"": """", ""evidence"": ""src/devnous/gastos/routes/admin_routes.py:28050"", ""status"": ""registration_function_static; runtime execution unverified""}]",[],[],"[{""key"": ""admin.root"", ""roles"": [""admin"", ""superadmin"", ""super_admin""], ""actions"": [""ver""], ""evidence"": ""src/devnous/gastos/services/access_control_service.py:125""}, {""key"": ""presupuestos.ingresos"", ""roles"": [""finanzas"", ""admin"", ""superadmin"", ""super_admin""], ""actions"": [""ver"", ""crear"", ""editar"", ""exportar""], ""evidence"": ""src/devnous/gastos/services/access_control_service.py:221""}]","UNPROVEN: guards/dependencies are evidence, not a complete effective-role matrix",budgets,live_entrypoint_static,"[""_require_budget_access(current_empleado, 'approve')"", ""_require_budget_access(current_empleado, 'freeze')"", ""_require_budget_access(current_empleado, 'version_update')""]",ROUTE OWNER ONLY; service authority unproven: src/devnous/gastos/routes/admin_budget_routes.py:admin_presupuestos_transition_version,[],budgets_admin_presupuestos_transition_version_post_06445b,budgets:write; never grants business authority,"[""version_id"", ""status"", ""note"", ""current_empleado""]",current employee + effective faculty + object + organization/legal entity + portfolio/tournament; UNPROVEN,write_or_effect_candidate,trusted human approval of exact draft/version/amount/currency/destination/digest; recheck at commit,scoped source IDs/version and redacted durable receipt; writes need canonical transactional dedup + postcondition,"[""role/object/company deny"", ""revoked/expired"", ""isolation"", ""read purity"", ""exact confirmation/version"", ""retry/crash/no duplicates"", ""verified receipt""]",DISABLED; CANONICAL_SCOPE_UNPROVEN; route presence is not adapter or UI parity proof
02c9f71de40d,src/devnous/gastos/routes/admin_budget_routes.py,1031,admin_presupuestos_update_version,POST,"[""/admin/presupuestos/versiones/{version_id}/update""]",/admin/presupuestos/versiones/{version_id}/update,"[""POST""]","[{""prefix"": """", ""evidence"": ""src/devnous/gastos/routes/admin_routes.py:28050"", ""status"": ""registration_function_static; runtime execution unverified""}]",[],[],"[{""key"": ""admin.root"", ""roles"": [""admin"", ""superadmin"", ""super_admin""], ""actions"": [""ver""], ""evidence"": ""src/devnous/gastos/services/access_control_service.py:125""}, {""key"": ""presupuestos.ingresos"", ""roles"": [""finanzas"", ""admin"", ""superadmin"", ""super_admin""], ""actions"": [""ver"", ""crear"", ""editar"", ""exportar""], ""evidence"": ""src/devnous/gastos/services/access_control_service.py:221""}]","UNPROVEN: guards/dependencies are evidence, not a complete effective-role matrix",budgets,live_entrypoint_static,"[""_require_budget_access(current_empleado, 'version_update')""]",ROUTE OWNER ONLY; service authority unproven: src/devnous/gastos/routes/admin_budget_routes.py:admin_presupuestos_update_version,[],budgets_admin_presupuestos_update_version_post_02c9f7,budgets:write; never grants business authority,"[""version_id"", ""version_name"", ""notes"", ""current_empleado""]",current employee + effective faculty + object + organization/legal entity + portfolio/tournament; UNPROVEN,write_or_effect_candidate,trusted human approval of exact draft/version/amount/currency/destination/digest; recheck at commit,scoped source IDs/version and redacted durable receipt; writes need canonical transactional dedup + postcondition,"[""role/object/company deny"", ""revoked/expired"", ""isolation"", ""read purity"", ""exact confirmation/version"", ""retry/crash/no duplicates"", ""verified receipt""]",DISABLED; CANONICAL_SCOPE_UNPROVEN; route presence is not adapter or UI parity proof
d37b112ce2d5,src/devnous/gastos/routes/admin_budget_routes.py,1073,admin_presupuestos_create_line,POST,"[""/admin/presupuestos/versiones/{version_id}/lineas/create""]",/admin/presupuestos/versiones/{version_id}/lineas/create,"[""POST""]","[{""prefix"": """", ""evidence"": ""src/devnous/gastos/routes/admin_routes.py:28050"", ""status"": ""registration_function_static; runtime execution unverified""}]",[],[],"[{""key"": ""admin.root"", ""roles"": [""admin"", ""superadmin"", ""super_admin""], ""actions"": [""ver""], ""evidence"": ""src/devnous/gastos/services/access_control_service.py:125""}, {""key"": ""presupuestos.ingresos"", ""roles"": [""finanzas"", ""admin"", ""superadmin"", ""super_admin""], ""actions"": [""ver"", ""crear"", ""editar"", ""exportar""], ""evidence"": ""src/devnous/gastos/services/access_control_service.py:221""}]","UNPROVEN: guards/dependencies are evidence, not a complete effective-role matrix",budgets,live_entrypoint_static,"[""_require_budget_access(current_empleado, 'line_update')""]",ROUTE OWNER ONLY; service authority unproven: src/devnous/gastos/routes/admin_budget_routes.py:admin_presupuestos_create_line,[],budgets_admin_presupuestos_create_line_post_d37b11,budgets:write; never grants business authority,"[""version_id"", ""budget_concept_id"", ""tournament_id"", ""tournament_code"", ""tournament_name"", ""concept_name"", ""cuenta_contable_id"", ""cxc_cuenta_contable_id"", ""account_code_final"", ""phase"", ""owner_name"", ""priority"", ""budget_amount"", ""reference_amount"", ""criteria_note"", ""observations"", ""line_direction"", ""budget_view"", ""tournament_key"", ""current_empleado""]",current employee + effective faculty + object + organization/legal entity + portfolio/tournament; UNPROVEN,write_or_effect_candidate,trusted human approval of exact draft/version/amount/currency/destination/digest; recheck at commit,scoped source IDs/version and redacted durable receipt; writes need canonical transactional dedup + postcondition,"[""role/object/company deny"", ""revoked/expired"", ""isolation"", ""read purity"", ""exact confirmation/version"", ""retry/crash/no duplicates"", ""verified receipt""]",DISABLED; CANONICAL_SCOPE_UNPROVEN; route presence is not adapter or UI parity proof
669562c8b092,src/devnous/gastos/routes/admin_budget_routes.py,1166,admin_presupuestos_assign_existing_line,POST,"[""/admin/presupuestos/versiones/{version_id}/lineas/assign-existing""]",/admin/presupuestos/versiones/{version_id}/lineas/assign-existing,"[""POST""]","[{""prefix"": """", ""evidence"": ""src/devnous/gastos/routes/admin_routes.py:28050"", ""status"": ""registration_function_static; runtime execution unverified""}]",[],[],"[{""key"": ""admin.root"", ""roles"": [""admin"", ""superadmin"", ""super_admin""], ""actions"": [""ver""], ""evidence"": ""src/devnous/gastos/services/access_control_service.py:125""}, {""key"": ""presupuestos.ingresos"", ""roles"": [""finanzas"", ""admin"", ""superadmin"", ""super_admin""], ""actions"": [""ver"", ""crear"", ""editar"", ""exportar""], ""evidence"": ""src/devnous/gastos/services/access_control_service.py:221""}]","UNPROVEN: guards/dependencies are evidence, not a complete effective-role matrix",budgets,live_entrypoint_static,"[""_require_budget_access(current_empleado, 'line_update')""]",ROUTE OWNER ONLY; service authority unproven: src/devnous/gastos/routes/admin_budget_routes.py:admin_presupuestos_assign_existing_line,"[""session.commit""]",budgets_admin_presupuestos_assign_existing_line_post_669562,budgets:write; never grants business authority,"[""version_id"", ""budget_concept_id"", ""movement_key"", ""budget_amount"", ""phase"", ""tournament_key"", ""edition_year"", ""budget_view"", ""phase_filter"", ""current_empleado""]",current employee + effective faculty + object + organization/legal entity + portfolio/tournament; UNPROVEN,write_or_effect_candidate,trusted human approval of exact draft/version/amount/currency/destination/digest; recheck at commit,scoped source IDs/version and redacted durable receipt; writes need canonical transactional dedup + postcondition,"[""role/object/company deny"", ""revoked/expired"", ""isolation"", ""read purity"", ""exact confirmation/version"", ""retry/crash/no duplicates"", ""verified receipt""]",DISABLED; CANONICAL_SCOPE_UNPROVEN; route presence is not adapter or UI parity proof
59e86c5fdf2b,src/devnous/gastos/routes/admin_budget_routes.py,1251,admin_presupuestos_update_line,POST,"[""/admin/presupuestos/lineas/{line_id}/update""]",/admin/presupuestos/lineas/{line_id}/update,"[""POST""]","[{""prefix"": """", ""evidence"": ""src/devnous/gastos/routes/admin_routes.py:28050"", ""status"": ""registration_function_static; runtime execution unverified""}]",[],[],"[{""key"": ""admin.root"", ""roles"": [""admin"", ""superadmin"", ""super_admin""], ""actions"": [""ver""], ""evidence"": ""src/devnous/gastos/services/access_control_service.py:125""}, {""key"": ""presupuestos.ingresos"", ""roles"": [""finanzas"", ""admin"", ""superadmin"", ""super_admin""], ""actions"": [""ver"", ""crear"", ""editar"", ""exportar""], ""evidence"": ""src/devnous/gastos/services/access_control_service.py:221""}]","UNPROVEN: guards/dependencies are evidence, not a complete effective-role matrix",budgets,live_entrypoint_static,"[""_require_budget_access(current_empleado, 'line_update')"", ""str(save_scope or form.get('save_scope') or '').strip()""]",ROUTE OWNER ONLY; service authority unproven: src/devnous/gastos/routes/admin_budget_routes.py:admin_presupuestos_update_line,"[""session.commit"", ""validate_active_cuenta_contable_id"", ""validate_budget_expense_plan_total""]",budgets_admin_presupuestos_update_line_post_59e86c,budgets:write; never grants business authority,"[""line_id"", ""version_id"", ""tournament_key"", ""edition_year"", ""budget_view"", ""phase_filter"", ""budget_concept_id"", ""concept_name"", ""account_code_final"", ""cuenta_contable_id"", ""phase"", ""owner_name"", ""priority"", ""budget_amount"", ""criteria_note"", ""observations"", ""save_scope"", ""current_empleado""]",current employee + effective faculty + object + organization/legal entity + portfolio/tournament; UNPROVEN,write_or_effect_candidate,trusted human approval of exact draft/version/amount/currency/destination/digest; recheck at commit,scoped source IDs/version and redacted durable receipt; writes need canonical transactional dedup + postcondition,"[""role/object/company deny"", ""revoked/expired"", ""isolation"", ""read purity"", ""exact confirmation/version"", ""retry/crash/no duplicates"", ""verified receipt""]",DISABLED; CANONICAL_SCOPE_UNPROVEN; route presence is not adapter or UI parity proof
c2f64d7bc95d,src/devnous/gastos/routes/admin_budget_routes.py,1479,admin_presupuestos_tournament_detail,GET,"[""/admin/presupuestos/torneo/{tournament_key}""]",/admin/presupuestos/torneo/{tournament_key},"[""GET""]","[{""prefix"": """", ""evidence"": ""src/devnous/gastos/routes/admin_routes.py:28050"", ""status"": ""registration_function_static; runtime execution unverified""}]",[],[],"[{""key"": ""admin.root"", ""roles"": [""admin"", ""superadmin"", ""super_admin""], ""actions"": [""ver""], ""evidence"": ""src/devnous/gastos/services/access_control_service.py:125""}, {""key"": ""presupuestos.ingresos"", ""roles"": [""finanzas"", ""admin"", ""superadmin"", ""super_admin""], ""actions"": [""ver"", ""crear"", ""editar"", ""exportar""], ""evidence"": ""src/devnous/gastos/services/access_control_service.py:221""}]","UNPROVEN: guards/dependencies are evidence, not a complete effective-role matrix",budgets,live_entrypoint_static,"[""_require_budget_access(current_empleado, 'read')"", ""ensure_budget_schema(session)"", ""get_tournament_scope_labels(tournament_row)""]",ROUTE OWNER ONLY; service authority unproven: src/devnous/gastos/routes/admin_budget_routes.py:admin_presupuestos_tournament_detail,"[""build_budget_actuals_snapshot"", ""build_budget_monthly_plan_rollups""]",budgets_admin_presupuestos_tournament_detail_get_c2f64d,budgets:read; never grants business authority,"[""tournament_key"", ""current_empleado"", ""edition_year"", ""version_id"", ""budget_view"", ""phase_filter"", ""show_committed"", ""show_yoy"", ""budget_period"", ""success_msg"", ""error_msg""]",current employee + effective faculty + object + organization/legal entity + portfolio/tournament; UNPROVEN,read_candidate; side effects NOT verified,none only after read-purity proof,scoped source IDs/version and redacted durable receipt; writes need canonical transactional dedup + postcondition,"[""role/object/company deny"", ""revoked/expired"", ""isolation"", ""read purity""]",DISABLED; CANONICAL_SCOPE_UNPROVEN; route presence is not adapter or UI parity proof
de6bda91f925,src/devnous/gastos/routes/admin_budget_routes.py,1856,admin_presupuestos_import_income_lines,POST,"[""/admin/presupuestos/torneo/{tournament_key}/ingresos/import""]",/admin/presupuestos/torneo/{tournament_key}/ingresos/import,"[""POST""]","[{""prefix"": """", ""evidence"": ""src/devnous/gastos/routes/admin_routes.py:28050"", ""status"": ""registration_function_static; runtime execution unverified""}]",[],[],"[{""key"": ""admin.root"", ""roles"": [""admin"", ""superadmin"", ""super_admin""], ""actions"": [""ver""], ""evidence"": ""src/devnous/gastos/services/access_control_service.py:125""}, {""key"": ""presupuestos.ingresos"", ""roles"": [""finanzas"", ""admin"", ""superadmin"", ""super_admin""], ""actions"": [""ver"", ""crear"", ""editar"", ""exportar""], ""evidence"": ""src/devnous/gastos/services/access_control_service.py:221""}]","UNPROVEN: guards/dependencies are evidence, not a complete effective-role matrix",budgets,live_entrypoint_static,"[""_require_budget_access(current_empleado, 'line_update')""]",ROUTE OWNER ONLY; service authority unproven: src/devnous/gastos/routes/admin_budget_routes.py:admin_presupuestos_import_income_lines,[],budgets_admin_presupuestos_import_income_lines_post_de6bda,budgets:write; never grants business authority,"[""tournament_key"", ""version_id"", ""edition_year"", ""archivo_presupuesto"", ""current_empleado""]",current employee + effective faculty + object + organization/legal entity + portfolio/tournament; UNPROVEN,write_or_effect_candidate,trusted human approval of exact draft/version/amount/currency/destination/digest; recheck at commit,scoped source IDs/version and redacted durable receipt; writes need canonical transactional dedup + postcondition,"[""role/object/company deny"", ""revoked/expired"", ""isolation"", ""read purity"", ""exact confirmation/version"", ""retry/crash/no duplicates"", ""verified receipt""]",DISABLED; CANONICAL_SCOPE_UNPROVEN; route presence is not adapter or UI parity proof
a35ae1be3bde,src/devnous/gastos/routes/admin_budget_routes.py,1918,admin_presupuestos_export_income_xlsx,GET,"[""/admin/presupuestos/torneo/{tournament_key}/ingresos/export.xlsx""]",/admin/presupuestos/torneo/{tournament_key}/ingresos/export.xlsx,"[""GET""]","[{""prefix"": """", ""evidence"": ""src/devnous/gastos/routes/admin_routes.py:28050"", ""status"": ""registration_function_static; runtime execution unverified""}]",[],[],"[{""key"": ""admin.root"", ""roles"": [""admin"", ""superadmin"", ""super_admin""], ""actions"": [""ver""], ""evidence"": ""src/devnous/gastos/services/access_control_service.py:125""}, {""key"": ""presupuestos.ingresos"", ""roles"": [""finanzas"", ""admin"", ""superadmin"", ""super_admin""], ""actions"": [""ver"", ""crear"", ""editar"", ""exportar""], ""evidence"": ""src/devnous/gastos/services/access_control_service.py:221""}]","UNPROVEN: guards/dependencies are evidence, not a complete effective-role matrix",budgets,live_entrypoint_static,"[""_require_budget_access(current_empleado, 'export')"", ""ensure_budget_schema(session)""]",ROUTE OWNER ONLY; service authority unproven: src/devnous/gastos/routes/admin_budget_routes.py:admin_presupuestos_export_income_xlsx,"[""build_budget_monthly_actuals""]",budgets_admin_presupuestos_export_income_xlsx_get_a35ae1,budgets:read; never grants business authority,"[""tournament_key"", ""edition_year"", ""version_id"", ""current_empleado""]",current employee + effective faculty + object + organization/legal entity + portfolio/tournament; UNPROVEN,read_candidate; side effects NOT verified,none only after read-purity proof,scoped source IDs/version and redacted durable receipt; writes need canonical transactional dedup + postcondition,"[""role/object/company deny"", ""revoked/expired"", ""isolation"", ""read purity""]",DISABLED; CANONICAL_SCOPE_UNPROVEN; route presence is not adapter or UI parity proof
e76fba875d88,src/devnous/gastos/routes/admin_budget_routes.py,2016,admin_presupuestos_cfdi_income_redirect,GET,"[""/admin/presupuestos/torneo/{tournament_key}/cfdi-ingresos""]",/admin/presupuestos/torneo/{tournament_key}/cfdi-ingresos,"[""GET""]","[{""prefix"": """", ""evidence"": ""src/devnous/gastos/routes/admin_routes.py:28050"", ""status"": ""registration_function_static; runtime execution unverified""}]",[],[],"[{""key"": ""admin.root"", ""roles"": [""admin"", ""superadmin"", ""super_admin""], ""actions"": [""ver""], ""evidence"": ""src/devnous/gastos/services/access_control_service.py:125""}, {""key"": ""presupuestos.ingresos"", ""roles"": [""finanzas"", ""admin"", ""superadmin"", ""super_admin""], ""actions"": [""ver"", ""crear"", ""editar"", ""exportar""], ""evidence"": ""src/devnous/gastos/services/access_control_service.py:221""}]","UNPROVEN: guards/dependencies are evidence, not a complete effective-role matrix",budgets,live_entrypoint_static,"[""NO_LOCAL_GUARD_FOUND; inherited/middleware review required""]",ROUTE OWNER ONLY; service authority unproven: src/devnous/gastos/routes/admin_budget_routes.py:admin_presupuestos_cfdi_income_redirect,[],budgets_admin_presupuestos_cfdi_income_redirect_get_e76fba,budgets:read; never grants business authority,"[""tournament_key"", ""edition_year""]",current employee + effective faculty + object + organization/legal entity + portfolio/tournament; UNPROVEN,read_candidate; side effects NOT verified,none only after read-purity proof,scoped source IDs/version and redacted durable receipt; writes need canonical transactional dedup + postcondition,"[""role/object/company deny"", ""revoked/expired"", ""isolation"", ""read purity""]",DISABLED; CANONICAL_SCOPE_UNPROVEN; route presence is not adapter or UI parity proof
0156892a96f4,src/devnous/gastos/routes/admin_budget_routes.py,2030,admin_presupuestos_link_cfdi_income,POST,"[""/admin/presupuestos/torneo/{tournament_key}/cfdi-ingresos/link""]",/admin/presupuestos/torneo/{tournament_key}/cfdi-ingresos/link,"[""POST""]","[{""prefix"": """", ""evidence"": ""src/devnous/gastos/routes/admin_routes.py:28050"", ""status"": ""registration_function_static; runtime execution unverified""}]",[],[],"[{""key"": ""admin.root"", ""roles"": [""admin"", ""superadmin"", ""super_admin""], ""actions"": [""ver""], ""evidence"": ""src/devnous/gastos/services/access_control_service.py:125""}, {""key"": ""presupuestos.ingresos"", ""roles"": [""finanzas"", ""admin"", ""superadmin"", ""super_admin""], ""actions"": [""ver"", ""crear"", ""editar"", ""exportar""], ""evidence"": ""src/devnous/gastos/services/access_control_service.py:221""}]","UNPROVEN: guards/dependencies are evidence, not a complete effective-role matrix",budgets,live_entrypoint_static,"[""_require_budget_access(current_empleado, 'line_update')""]",ROUTE OWNER ONLY; service authority unproven: src/devnous/gastos/routes/admin_budget_routes.py:admin_presupuestos_link_cfdi_income,[],budgets_admin_presupuestos_link_cfdi_income_post_015689,budgets:write; never grants business authority,"[""tournament_key"", ""cfdi_report_id"", ""budget_line_id"", ""amount"", ""income_date"", ""edition_year"", ""return_to"", ""current_empleado""]",current employee + effective faculty + object + organization/legal entity + portfolio/tournament; UNPROVEN,write_or_effect_candidate,trusted human approval of exact draft/version/amount/currency/destination/digest; recheck at commit,scoped source IDs/version and redacted durable receipt; writes need canonical transactional dedup + postcondition,"[""role/object/company deny"", ""revoked/expired"", ""isolation"", ""read purity"", ""exact confirmation/version"", ""retry/crash/no duplicates"", ""verified receipt""]",DISABLED; CANONICAL_SCOPE_UNPROVEN; route presence is not adapter or UI parity proof
a3c9836ed519,src/devnous/gastos/routes/admin_budget_routes.py,2094,admin_presupuestos_decide_cfdi_income,POST,"[""/admin/presupuestos/torneo/{tournament_key}/cfdi-ingresos/{link_id}/decision""]",/admin/presupuestos/torneo/{tournament_key}/cfdi-ingresos/{link_id}/decision,"[""POST""]","[{""prefix"": """", ""evidence"": ""src/devnous/gastos/routes/admin_routes.py:28050"", ""status"": ""registration_function_static; runtime execution unverified""}]",[],[],"[{""key"": ""admin.root"", ""roles"": [""admin"", ""superadmin"", ""super_admin""], ""actions"": [""ver""], ""evidence"": ""src/devnous/gastos/services/access_control_service.py:125""}, {""key"": ""presupuestos.ingresos"", ""roles"": [""finanzas"", ""admin"", ""superadmin"", ""super_admin""], ""actions"": [""ver"", ""crear"", ""editar"", ""exportar""], ""evidence"": ""src/devnous/gastos/services/access_control_service.py:221""}]","UNPROVEN: guards/dependencies are evidence, not a complete effective-role matrix",budgets,live_entrypoint_static,"[""_require_budget_access(current_empleado, 'approve')""]",ROUTE OWNER ONLY; service authority unproven: src/devnous/gastos/routes/admin_budget_routes.py:admin_presupuestos_decide_cfdi_income,[],budgets_admin_presupuestos_decide_cfdi_income_post_a3c983,budgets:write; never grants business authority,"[""tournament_key"", ""link_id"", ""decision"", ""comment"", ""edition_year"", ""return_to"", ""current_empleado""]",current employee + effective faculty + object + organization/legal entity + portfolio/tournament; UNPROVEN,write_or_effect_candidate,trusted human approval of exact draft/version/amount/currency/destination/digest; recheck at commit,scoped source IDs/version and redacted durable receipt; writes need canonical transactional dedup + postcondition,"[""role/object/company deny"", ""revoked/expired"", ""isolation"", ""read purity"", ""exact confirmation/version"", ""retry/crash/no duplicates"", ""verified receipt""]",DISABLED; CANONICAL_SCOPE_UNPROVEN; route presence is not adapter or UI parity proof
96d42d6553fd,src/devnous/gastos/routes/admin_budget_routes.py,2127,admin_presupuestos_confirm_cfdi_income_collection,POST,"[""/admin/presupuestos/torneo/{tournament_key}/cfdi-ingresos/{link_id}/collection""]",/admin/presupuestos/torneo/{tournament_key}/cfdi-ingresos/{link_id}/collection,"[""POST""]","[{""prefix"": """", ""evidence"": ""src/devnous/gastos/routes/admin_routes.py:28050"", ""status"": ""registration_function_static; runtime execution unverified""}]",[],[],"[{""key"": ""admin.root"", ""roles"": [""admin"", ""superadmin"", ""super_admin""], ""actions"": [""ver""], ""evidence"": ""src/devnous/gastos/services/access_control_service.py:125""}, {""key"": ""presupuestos.ingresos"", ""roles"": [""finanzas"", ""admin"", ""superadmin"", ""super_admin""], ""actions"": [""ver"", ""crear"", ""editar"", ""exportar""], ""evidence"": ""src/devnous/gastos/services/access_control_service.py:221""}]","UNPROVEN: guards/dependencies are evidence, not a complete effective-role matrix",budgets,live_entrypoint_static,"[""_require_budget_access(current_empleado, 'line_update')""]",ROUTE OWNER ONLY; service authority unproven: src/devnous/gastos/routes/admin_budget_routes.py:admin_presupuestos_confirm_cfdi_income_collection,[],budgets_admin_presupuestos_confirm_cfdi_income_collectio_96d42d,budgets:write; never grants business authority,"[""tournament_key"", ""link_id"", ""collection_date"", ""edition_year"", ""return_to"", ""current_empleado""]",current employee + effective faculty + object + organization/legal entity + portfolio/tournament; UNPROVEN,write_or_effect_candidate,trusted human approval of exact draft/version/amount/currency/destination/digest; recheck at commit,scoped source IDs/version and redacted durable receipt; writes need canonical transactional dedup + postcondition,"[""role/object/company deny"", ""revoked/expired"", ""isolation"", ""read purity"", ""exact confirmation/version"", ""retry/crash/no duplicates"", ""verified receipt""]",DISABLED; CANONICAL_SCOPE_UNPROVEN; route presence is not adapter or UI parity proof
30dc188b5041,src/devnous/gastos/routes/admin_budget_routes.py,2159,admin_presupuestos_upload_link_cfdi_income,POST,"[""/admin/presupuestos/torneo/{tournament_key}/cfdi-ingresos/upload-link""]",/admin/presupuestos/torneo/{tournament_key}/cfdi-ingresos/upload-link,"[""POST""]","[{""prefix"": """", ""evidence"": ""src/devnous/gastos/routes/admin_routes.py:28050"", ""status"": ""registration_function_static; runtime execution unverified""}]",[],[],"[{""key"": ""admin.root"", ""roles"": [""admin"", ""superadmin"", ""super_admin""], ""actions"": [""ver""], ""evidence"": ""src/devnous/gastos/services/access_control_service.py:125""}, {""key"": ""presupuestos.ingresos"", ""roles"": [""finanzas"", ""admin"", ""superadmin"", ""super_admin""], ""actions"": [""ver"", ""crear"", ""editar"", ""exportar""], ""evidence"": ""src/devnous/gastos/services/access_control_service.py:221""}]","UNPROVEN: guards/dependencies are evidence, not a complete effective-role matrix",budgets,live_entrypoint_static,"[""_require_budget_access(current_empleado, 'line_update')""]",ROUTE OWNER ONLY; service authority unproven: src/devnous/gastos/routes/admin_budget_routes.py:admin_presupuestos_upload_link_cfdi_income,[],budgets_admin_presupuestos_upload_link_cfdi_income_post_30dc18,budgets:write; never grants business authority,"[""tournament_key"", ""budget_line_id"", ""amount"", ""income_date"", ""edition_year"", ""return_to"", ""cfdi_xml"", ""cfdi_pdf"", ""current_empleado""]",current employee + effective faculty + object + organization/legal entity + portfolio/tournament; UNPROVEN,write_or_effect_candidate,trusted human approval of exact draft/version/amount/currency/destination/digest; recheck at commit,scoped source IDs/version and redacted durable receipt; writes need canonical transactional dedup + postcondition,"[""role/object/company deny"", ""revoked/expired"", ""isolation"", ""read purity"", ""exact confirmation/version"", ""retry/crash/no duplicates"", ""verified receipt""]",DISABLED; CANONICAL_SCOPE_UNPROVEN; route presence is not adapter or UI parity proof
05e47d659af7,src/devnous/gastos/routes/admin_budget_routes.py,2231,admin_presupuestos_unlink_cfdi_income,POST,"[""/admin/presupuestos/torneo/{tournament_key}/cfdi-ingresos/{link_id}/unlink""]",/admin/presupuestos/torneo/{tournament_key}/cfdi-ingresos/{link_id}/unlink,"[""POST""]","[{""prefix"": """", ""evidence"": ""src/devnous/gastos/routes/admin_routes.py:28050"", ""status"": ""registration_function_static; runtime execution unverified""}]",[],[],"[{""key"": ""admin.root"", ""roles"": [""admin"", ""superadmin"", ""super_admin""], ""actions"": [""ver""], ""evidence"": ""src/devnous/gastos/services/access_control_service.py:125""}, {""key"": ""presupuestos.ingresos"", ""roles"": [""finanzas"", ""admin"", ""superadmin"", ""super_admin""], ""actions"": [""ver"", ""crear"", ""editar"", ""exportar""], ""evidence"": ""src/devnous/gastos/services/access_control_service.py:221""}]","UNPROVEN: guards/dependencies are evidence, not a complete effective-role matrix",budgets,live_entrypoint_static,"[""_require_budget_access(current_empleado, 'line_update')""]",ROUTE OWNER ONLY; service authority unproven: src/devnous/gastos/routes/admin_budget_routes.py:admin_presupuestos_unlink_cfdi_income,[],budgets_admin_presupuestos_unlink_cfdi_income_post_05e47d,budgets:write; never grants business authority,"[""tournament_key"", ""link_id"", ""edition_year"", ""return_to"", ""current_empleado""]",current employee + effective faculty + object + organization/legal entity + portfolio/tournament; UNPROVEN,write_or_effect_candidate,trusted human approval of exact draft/version/amount/currency/destination/digest; recheck at commit,scoped source IDs/version and redacted durable receipt; writes need canonical transactional dedup + postcondition,"[""role/object/company deny"", ""revoked/expired"", ""isolation"", ""read purity"", ""exact confirmation/version"", ""retry/crash/no duplicates"", ""verified receipt""]",DISABLED; CANONICAL_SCOPE_UNPROVEN; route presence is not adapter or UI parity proof
9b1c995319e0,src/devnous/gastos/routes/admin_budget_routes.py,2275,admin_presupuestos_copy_forward,POST,"[""/admin/presupuestos/versiones/copy-forward""]",/admin/presupuestos/versiones/copy-forward,"[""POST""]","[{""prefix"": """", ""evidence"": ""src/devnous/gastos/routes/admin_routes.py:28050"", ""status"": ""registration_function_static; runtime execution unverified""}]",[],[],"[{""key"": ""admin.root"", ""roles"": [""admin"", ""superadmin"", ""super_admin""], ""actions"": [""ver""], ""evidence"": ""src/devnous/gastos/services/access_control_service.py:125""}, {""key"": ""presupuestos.ingresos"", ""roles"": [""finanzas"", ""admin"", ""superadmin"", ""super_admin""], ""actions"": [""ver"", ""crear"", ""editar"", ""exportar""], ""evidence"": ""src/devnous/gastos/services/access_control_service.py:221""}]","UNPROVEN: guards/dependencies are evidence, not a complete effective-role matrix",budgets,live_entrypoint_static,"[""_require_budget_access(current_empleado, 'create')""]",ROUTE OWNER ONLY; service authority unproven: src/devnous/gastos/routes/admin_budget_routes.py:admin_presupuestos_copy_forward,[],budgets_admin_presupuestos_copy_forward_post_9b1c99,budgets:write; never grants business authority,"[""source_version_id"", ""target_edition_year"", ""version_name"", ""tournament_key"", ""current_empleado""]",current employee + effective faculty + object + organization/legal entity + portfolio/tournament; UNPROVEN,write_or_effect_candidate,trusted human approval of exact draft/version/amount/currency/destination/digest; recheck at commit,scoped source IDs/version and redacted durable receipt; writes need canonical transactional dedup + postcondition,"[""role/object/company deny"", ""revoked/expired"", ""isolation"", ""read purity"", ""exact confirmation/version"", ""retry/crash/no duplicates"", ""verified receipt""]",DISABLED; CANONICAL_SCOPE_UNPROVEN; route presence is not adapter or UI parity proof
ac495836a8cf,src/devnous/gastos/routes/admin_routes.py,2241,admin_health_live,GET,"[""/admin/health/live""]",/admin/health/live,"[""GET""]","[{""prefix"": """", ""evidence"": ""copa_telmex_dashboard.py:2236"", ""status"": ""include_router_static; conditional/runtime execution unverified""}]",[],[],"[{""key"": ""admin.root"", ""roles"": [""admin"", ""superadmin"", ""super_admin""], ""actions"": [""ver""], ""evidence"": ""src/devnous/gastos/services/access_control_service.py:125""}]","UNPROVEN: guards/dependencies are evidence, not a complete effective-role matrix",documents_and_other,live_entrypoint_static,"[""NO_LOCAL_GUARD_FOUND; inherited/middleware review required""]",ROUTE OWNER ONLY; service authority unproven: src/devnous/gastos/routes/admin_routes.py:admin_health_live,[],documents_and_other_admin_health_live_get_ac4958,documents_and_other:read; never grants business authority,[],current employee + effective faculty + object + organization/legal entity + portfolio/tournament; UNPROVEN,read_candidate; side effects NOT verified,none only after read-purity proof,scoped source IDs/version and redacted durable receipt; writes need canonical transactional dedup + postcondition,"[""role/object/company deny"", ""revoked/expired"", ""isolation"", ""read purity""]",DISABLED; CANONICAL_SCOPE_UNPROVEN; route presence is not adapter or UI parity proof
8c0d96e87f30,src/devnous/gastos/routes/admin_routes.py,2260,admin_health,GET,"[""/admin/health""]",/admin/health,"[""GET""]","[{""prefix"": """", ""evidence"": ""copa_telmex_dashboard.py:2236"", ""status"": ""include_router_static; conditional/runtime execution unverified""}]",[],[],"[{""key"": ""admin.root"", ""roles"": [""admin"", ""superadmin"", ""super_admin""], ""actions"": [""ver""], ""evidence"": ""src/devnous/gastos/services/access_control_service.py:125""}]","UNPROVEN: guards/dependencies are evidence, not a complete effective-role matrix",documents_and_other,live_entrypoint_static,"[""require_admin_finanzas()""]",ROUTE OWNER ONLY; service authority unproven: src/devnous/gastos/routes/admin_routes.py:admin_health,[],documents_and_other_admin_health_get_8c0d96,documents_and_other:read; never grants business authority,"[""current_empleado""]",current employee + effective faculty + object + organization/legal entity + portfolio/tournament; UNPROVEN,read_candidate; side effects NOT verified,none only after read-purity proof,scoped source IDs/version and redacted durable receipt; writes need canonical transactional dedup + postcondition,"[""role/object/company deny"", ""revoked/expired"", ""isolation"", ""read purity""]",DISABLED; CANONICAL_SCOPE_UNPROVEN; route presence is not adapter or UI parity proof
659294ce3828,src/devnous/gastos/routes/admin_routes.py,2377,admin_health_history,GET,"[""/admin/health/history""]",/admin/health/history,"[""GET""]","[{""prefix"": """", ""evidence"": ""copa_telmex_dashboard.py:2236"", ""status"": ""include_router_static; conditional/runtime execution unverified""}]",[],[],"[{""key"": ""admin.root"", ""roles"": [""admin"", ""superadmin"", ""super_admin""], ""actions"": [""ver""], ""evidence"": ""src/devnous/gastos/services/access_control_service.py:125""}]","UNPROVEN: guards/dependencies are evidence, not a complete effective-role matrix",documents_and_other,live_entrypoint_static,"[""require_admin_finanzas()""]",ROUTE OWNER ONLY; service authority unproven: src/devnous/gastos/routes/admin_routes.py:admin_health_history,[],documents_and_other_admin_health_history_get_659294,documents_and_other:read; never grants business authority,"[""limit"", ""current_empleado""]",current employee + effective faculty + object + organization/legal entity + portfolio/tournament; UNPROVEN,read_candidate; side effects NOT verified,none only after read-purity proof,scoped source IDs/version and redacted durable receipt; writes need canonical transactional dedup + postcondition,"[""role/object/company deny"", ""revoked/expired"", ""isolation"", ""read purity""]",DISABLED; CANONICAL_SCOPE_UNPROVEN; route presence is not adapter or UI parity proof
46fe12afacf5,src/devnous/gastos/routes/admin_routes.py,3450,admin_dashboard,GET,"[""/admin/gastos""]",/admin/gastos,"[""GET""]","[{""prefix"": """", ""evidence"": ""copa_telmex_dashboard.py:2236"", ""status"": ""include_router_static; conditional/runtime execution unverified""}]",[],[],"[{""key"": ""admin.root"", ""roles"": [""admin"", ""superadmin"", ""super_admin""], ""actions"": [""ver""], ""evidence"": ""src/devnous/gastos/services/access_control_service.py:125""}, {""key"": ""admin.gastos.dashboard"", ""roles"": [""finanzas"", ""admin"", ""superadmin"", ""super_admin""], ""actions"": [""ver""], ""evidence"": ""src/devnous/gastos/services/access_control_service.py:141""}]","UNPROVEN: guards/dependencies are evidence, not a complete effective-role matrix",documents_and_other,live_entrypoint_static,"[""(bi_scope or '').strip()"", ""(bi_scope or '').strip().lower()"", ""require_admin_finanzas()""]",ROUTE OWNER ONLY; service authority unproven: src/devnous/gastos/routes/admin_routes.py:admin_dashboard,[],documents_and_other_admin_dashboard_get_46fe12,documents_and_other:read; never grants business authority,"[""current_empleado"", ""bi_year"", ""bi_scope""]",current employee + effective faculty + object + organization/legal entity + portfolio/tournament; UNPROVEN,read_candidate; side effects NOT verified,none only after read-purity proof,scoped source IDs/version and redacted durable receipt; writes need canonical transactional dedup + postcondition,"[""role/object/company deny"", ""revoked/expired"", ""isolation"", ""read purity""]",DISABLED; CANONICAL_SCOPE_UNPROVEN; route presence is not adapter or UI parity proof
9842ae00bba1,src/devnous/gastos/routes/admin_routes.py,3578,admin_executive_center,GET,"[""/admin/ejecutivo""]",/admin/ejecutivo,"[""GET""]","[{""prefix"": """", ""evidence"": ""copa_telmex_dashboard.py:2236"", ""status"": ""include_router_static; conditional/runtime execution unverified""}]",[],[],"[{""key"": ""admin.root"", ""roles"": [""admin"", ""superadmin"", ""super_admin""], ""actions"": [""ver""], ""evidence"": ""src/devnous/gastos/services/access_control_service.py:125""}]","UNPROVEN: guards/dependencies are evidence, not a complete effective-role matrix",documents_and_other,live_entrypoint_static,"[""require_admin_finanzas()""]",ROUTE OWNER ONLY; service authority unproven: src/devnous/gastos/routes/admin_routes.py:admin_executive_center,[],documents_and_other_admin_executive_center_get_9842ae,documents_and_other:read; never grants business authority,"[""current_empleado""]",current employee + effective faculty + object + organization/legal entity + portfolio/tournament; UNPROVEN,read_candidate; side effects NOT verified,none only after read-purity proof,scoped source IDs/version and redacted durable receipt; writes need canonical transactional dedup + postcondition,"[""role/object/company deny"", ""revoked/expired"", ""isolation"", ""read purity""]",DISABLED; CANONICAL_SCOPE_UNPROVEN; route presence is not adapter or UI parity proof
035de76ec327,src/devnous/gastos/routes/admin_routes.py,3736,admin_executive_export_xlsx,GET,"[""/admin/ejecutivo/export.xlsx""]",/admin/ejecutivo/export.xlsx,"[""GET""]","[{""prefix"": """", ""evidence"": ""copa_telmex_dashboard.py:2236"", ""status"": ""include_router_static; conditional/runtime execution unverified""}]",[],[],"[{""key"": ""admin.root"", ""roles"": [""admin"", ""superadmin"", ""super_admin""], ""actions"": [""ver""], ""evidence"": ""src/devnous/gastos/services/access_control_service.py:125""}]","UNPROVEN: guards/dependencies are evidence, not a complete effective-role matrix",documents_and_other,live_entrypoint_static,"[""require_admin_finanzas()""]",ROUTE OWNER ONLY; service authority unproven: src/devnous/gastos/routes/admin_routes.py:admin_executive_export_xlsx,"[""_build_consolidated_executive_alerts"", ""build_ar_operational_rows"", ""build_ar_read_model"", ""build_budget_snapshot"", ""build_finance_platform_snapshot"", ""build_finance_source_snapshot"", ""build_sam_inbox_payload""]",documents_and_other_admin_executive_export_xlsx_get_035de7,documents_and_other:read; never grants business authority,"[""current_empleado"", ""year"", ""month"", ""edition_year"", ""budget_version_id"", ""dias_credito"", ""limit""]",current employee + effective faculty + object + organization/legal entity + portfolio/tournament; UNPROVEN,read_candidate; side effects NOT verified,none only after read-purity proof,scoped source IDs/version and redacted durable receipt; writes need canonical transactional dedup + postcondition,"[""role/object/company deny"", ""revoked/expired"", ""isolation"", ""read purity""]",DISABLED; CANONICAL_SCOPE_UNPROVEN; route presence is not adapter or UI parity proof
eae97a1be6ed,src/devnous/gastos/routes/admin_routes.py,3879,admin_executive_alerts,GET,"[""/admin/ejecutivo/alertas""]",/admin/ejecutivo/alertas,"[""GET""]","[{""prefix"": """", ""evidence"": ""copa_telmex_dashboard.py:2236"", ""status"": ""include_router_static; conditional/runtime execution unverified""}]",[],[],"[{""key"": ""admin.root"", ""roles"": [""admin"", ""superadmin"", ""super_admin""], ""actions"": [""ver""], ""evidence"": ""src/devnous/gastos/services/access_control_service.py:125""}]","UNPROVEN: guards/dependencies are evidence, not a complete effective-role matrix",documents_and_other,live_entrypoint_static,"[""require_admin_finanzas()""]",ROUTE OWNER ONLY; service authority unproven: src/devnous/gastos/routes/admin_routes.py:admin_executive_alerts,"[""_build_consolidated_executive_alerts"", ""build_finance_platform_snapshot"", ""build_finance_source_snapshot"", ""build_sam_inbox_payload""]",documents_and_other_admin_executive_alerts_get_eae97a,documents_and_other:read; never grants business authority,"[""current_empleado"", ""year"", ""month""]",current employee + effective faculty + object + organization/legal entity + portfolio/tournament; UNPROVEN,read_candidate; side effects NOT verified,none only after read-purity proof,scoped source IDs/version and redacted durable receipt; writes need canonical transactional dedup + postcondition,"[""role/object/company deny"", ""revoked/expired"", ""isolation"", ""read purity""]",DISABLED; CANONICAL_SCOPE_UNPROVEN; route presence is not adapter or UI parity proof
65be1219ed9f,src/devnous/gastos/routes/admin_routes.py,4047,finance_training_page,GET,"[""/admin/gastos/finance-training""]",/admin/gastos/finance-training,"[""GET""]","[{""prefix"": """", ""evidence"": ""copa_telmex_dashboard.py:2236"", ""status"": ""include_router_static; conditional/runtime execution unverified""}]",[],[],"[{""key"": ""admin.root"", ""roles"": [""admin"", ""superadmin"", ""super_admin""], ""actions"": [""ver""], ""evidence"": ""src/devnous/gastos/services/access_control_service.py:125""}, {""key"": ""admin.gastos.dashboard"", ""roles"": [""finanzas"", ""admin"", ""superadmin"", ""super_admin""], ""actions"": [""ver""], ""evidence"": ""src/devnous/gastos/services/access_control_service.py:141""}, {""key"": ""admin.gastos.finance_training"", ""roles"": [""finanzas"", ""admin"", ""superadmin"", ""super_admin""], ""actions"": [""ver"", ""administrar""], ""evidence"": ""src/devnous/gastos/services/access_control_service.py:167""}]","UNPROVEN: guards/dependencies are evidence, not a complete effective-role matrix",documents_and_other,live_entrypoint_static,"[""require_admin_finanzas()""]",ROUTE OWNER ONLY; service authority unproven: src/devnous/gastos/routes/admin_routes.py:finance_training_page,[],documents_and_other_finance_training_page_get_65be12,documents_and_other:read; never grants business authority,"[""current_empleado""]",current employee + effective faculty + object + organization/legal entity + portfolio/tournament; UNPROVEN,read_candidate; side effects NOT verified,none only after read-purity proof,scoped source IDs/version and redacted durable receipt; writes need canonical transactional dedup + postcondition,"[""role/object/company deny"", ""revoked/expired"", ""isolation"", ""read purity""]",DISABLED; CANONICAL_SCOPE_UNPROVEN; route presence is not adapter or UI parity proof
ee86a0389d0b,src/devnous/gastos/routes/admin_routes.py,4162,finance_training_generate,POST,"[""/admin/gastos/finance-training/generate""]",/admin/gastos/finance-training/generate,"[""POST""]","[{""prefix"": """", ""evidence"": ""copa_telmex_dashboard.py:2236"", ""status"": ""include_router_static; conditional/runtime execution unverified""}]",[],[],"[{""key"": ""admin.root"", ""roles"": [""admin"", ""superadmin"", ""super_admin""], ""actions"": [""ver""], ""evidence"": ""src/devnous/gastos/services/access_control_service.py:125""}, {""key"": ""admin.gastos.dashboard"", ""roles"": [""finanzas"", ""admin"", ""superadmin"", ""super_admin""], ""actions"": [""ver""], ""evidence"": ""src/devnous/gastos/services/access_control_service.py:141""}, {""key"": ""admin.gastos.finance_training"", ""roles"": [""finanzas"", ""admin"", ""superadmin"", ""super_admin""], ""actions"": [""ver"", ""administrar""], ""evidence"": ""src/devnous/gastos/services/access_control_service.py:167""}]","UNPROVEN: guards/dependencies are evidence, not a complete effective-role matrix",documents_and_other,live_entrypoint_static,"[""require_admin_finanzas()""]",ROUTE OWNER ONLY; service authority unproven: src/devnous/gastos/routes/admin_routes.py:finance_training_generate,[],documents_and_other_finance_training_generate_post_ee86a0,documents_and_other:write; never grants business authority,"[""current_empleado"", ""batch_key"", ""seed"", ""modo"", ""force""]",current employee + effective faculty + object + organization/legal entity + portfolio/tournament; UNPROVEN,write_or_effect_candidate,trusted human approval of exact draft/version/amount/currency/destination/digest; recheck at commit,scoped source IDs/version and redacted durable receipt; writes need canonical transactional dedup + postcondition,"[""role/object/company deny"", ""revoked/expired"", ""isolation"", ""read purity"", ""exact confirmation/version"", ""retry/crash/no duplicates"", ""verified receipt""]",DISABLED; CANONICAL_SCOPE_UNPROVEN; route presence is not adapter or UI parity proof
5b2ba99dbae0,src/devnous/gastos/routes/admin_routes.py,4220,finance_training_cleanup,POST,"[""/admin/gastos/finance-training/cleanup""]",/admin/gastos/finance-training/cleanup,"[""POST""]","[{""prefix"": """", ""evidence"": ""copa_telmex_dashboard.py:2236"", ""status"": ""include_router_static; conditional/runtime execution unverified""}]",[],[],"[{""key"": ""admin.root"", ""roles"": [""admin"", ""superadmin"", ""super_admin""], ""actions"": [""ver""], ""evidence"": ""src/devnous/gastos/services/access_control_service.py:125""}, {""key"": ""admin.gastos.dashboard"", ""roles"": [""finanzas"", ""admin"", ""superadmin"", ""super_admin""], ""actions"": [""ver""], ""evidence"": ""src/devnous/gastos/services/access_control_service.py:141""}, {""key"": ""admin.gastos.finance_training"", ""roles"": [""finanzas"", ""admin"", ""superadmin"", ""super_admin""], ""actions"": [""ver"", ""administrar""], ""evidence"": ""src/devnous/gastos/services/access_control_service.py:167""}]","UNPROVEN: guards/dependencies are evidence, not a complete effective-role matrix",documents_and_other,live_entrypoint_static,"[""require_admin_finanzas()""]",ROUTE OWNER ONLY; service authority unproven: src/devnous/gastos/routes/admin_routes.py:finance_training_cleanup,[],documents_and_other_finance_training_cleanup_post_5b2ba9,documents_and_other:write; never grants business authority,"[""current_empleado"", ""batch_key"", ""modo""]",current employee + effective faculty + object + organization/legal entity + portfolio/tournament; UNPROVEN,write_or_effect_candidate,trusted human approval of exact draft/version/amount/currency/destination/digest; recheck at commit,scoped source IDs/version and redacted durable receipt; writes need canonical transactional dedup + postcondition,"[""role/object/company deny"", ""revoked/expired"", ""isolation"", ""read purity"", ""exact confirmation/version"", ""retry/crash/no duplicates"", ""verified receipt""]",DISABLED; CANONICAL_SCOPE_UNPROVEN; route presence is not adapter or UI parity proof
3aa97d9c14bc,src/devnous/gastos/routes/admin_routes.py,4267,finance_training_reset,POST,"[""/admin/gastos/finance-training/reset""]",/admin/gastos/finance-training/reset,"[""POST""]","[{""prefix"": """", ""evidence"": ""copa_telmex_dashboard.py:2236"", ""status"": ""include_router_static; conditional/runtime execution unverified""}]",[],[],"[{""key"": ""admin.root"", ""roles"": [""admin"", ""superadmin"", ""super_admin""], ""actions"": [""ver""], ""evidence"": ""src/devnous/gastos/services/access_control_service.py:125""}, {""key"": ""admin.gastos.dashboard"", ""roles"": [""finanzas"", ""admin"", ""superadmin"", ""super_admin""], ""actions"": [""ver""], ""evidence"": ""src/devnous/gastos/services/access_control_service.py:141""}, {""key"": ""admin.gastos.finance_training"", ""roles"": [""finanzas"", ""admin"", ""superadmin"", ""super_admin""], ""actions"": [""ver"", ""administrar""], ""evidence"": ""src/devnous/gastos/services/access_control_service.py:167""}]","UNPROVEN: guards/dependencies are evidence, not a complete effective-role matrix",documents_and_other,live_entrypoint_static,"[""require_admin_finanzas()""]",ROUTE OWNER ONLY; service authority unproven: src/devnous/gastos/routes/admin_routes.py:finance_training_reset,[],documents_and_other_finance_training_reset_post_3aa97d,documents_and_other:write; never grants business authority,"[""current_empleado"", ""batch_key"", ""seed""]",current employee + effective faculty + object + organization/legal entity + portfolio/tournament; UNPROVEN,write_or_effect_candidate,trusted human approval of exact draft/version/amount/currency/destination/digest; recheck at commit,scoped source IDs/version and redacted durable receipt; writes need canonical transactional dedup + postcondition,"[""role/object/company deny"", ""revoked/expired"", ""isolation"", ""read purity"", ""exact confirmation/version"", ""retry/crash/no duplicates"", ""verified receipt""]",DISABLED; CANONICAL_SCOPE_UNPROVEN; route presence is not adapter or UI parity proof
b1dd609fd0d9,src/devnous/gastos/routes/admin_routes.py,4312,finance_training_cfdi_csv_download,GET,"[""/admin/gastos/finance-training/cfdi-csv""]",/admin/gastos/finance-training/cfdi-csv,"[""GET""]","[{""prefix"": """", ""evidence"": ""copa_telmex_dashboard.py:2236"", ""status"": ""include_router_static; conditional/runtime execution unverified""}]",[],[],"[{""key"": ""admin.root"", ""roles"": [""admin"", ""superadmin"", ""super_admin""], ""actions"": [""ver""], ""evidence"": ""src/devnous/gastos/services/access_control_service.py:125""}, {""key"": ""admin.gastos.dashboard"", ""roles"": [""finanzas"", ""admin"", ""superadmin"", ""super_admin""], ""actions"": [""ver""], ""evidence"": ""src/devnous/gastos/services/access_control_service.py:141""}, {""key"": ""admin.gastos.finance_training"", ""roles"": [""finanzas"", ""admin"", ""superadmin"", ""super_admin""], ""actions"": [""ver"", ""administrar""], ""evidence"": ""src/devnous/gastos/services/access_control_service.py:167""}]","UNPROVEN: guards/dependencies are evidence, not a complete effective-role matrix",accounting,live_entrypoint_static,"[""require_admin_finanzas()""]",ROUTE OWNER ONLY; service authority unproven: src/devnous/gastos/routes/admin_routes.py:finance_training_cfdi_csv_download,[],accounting_finance_training_cfdi_csv_download_get_b1dd60,accounting:read; never grants business authority,"[""batch_key"", ""current_empleado""]",current employee + effective faculty + object + organization/legal entity + portfolio/tournament; UNPROVEN,read_candidate; side effects NOT verified,none only after read-purity proof,scoped source IDs/version and redacted durable receipt; writes need canonical transactional dedup + postcondition,"[""role/object/company deny"", ""revoked/expired"", ""isolation"", ""read purity""]",DISABLED; CANONICAL_SCOPE_UNPROVEN; route presence is not adapter or UI parity proof
809e94e4fd44,src/devnous/gastos/routes/admin_routes.py,4365,admin_expenses,GET,"[""/admin/gastos/expenses""]",/admin/gastos/expenses,"[""GET""]","[{""prefix"": """", ""evidence"": ""copa_telmex_dashboard.py:2236"", ""status"": ""include_router_static; conditional/runtime execution unverified""}]",[],[],"[{""key"": ""admin.root"", ""roles"": [""admin"", ""superadmin"", ""super_admin""], ""actions"": [""ver""], ""evidence"": ""src/devnous/gastos/services/access_control_service.py:125""}, {""key"": ""admin.gastos.dashboard"", ""roles"": [""finanzas"", ""admin"", ""superadmin"", ""super_admin""], ""actions"": [""ver""], ""evidence"": ""src/devnous/gastos/services/access_control_service.py:141""}, {""key"": ""admin.gastos.expenses"", ""roles"": [""finanzas"", ""admin"", ""superadmin"", ""super_admin""], ""actions"": [""ver"", ""exportar""], ""evidence"": ""src/devnous/gastos/services/access_control_service.py:149""}]","UNPROVEN: guards/dependencies are evidence, not a complete effective-role matrix",documents_and_other,live_entrypoint_static,"[""(bi_scope or '').strip()"", ""(bi_scope or '').strip().lower()"", ""json.dumps(export_rows, ensure_ascii=False).replace('</', '<\\\\/')"", ""require_admin_finanzas()""]",ROUTE OWNER ONLY; service authority unproven: src/devnous/gastos/routes/admin_routes.py:admin_expenses,"[""build_expense_filters""]",documents_and_other_admin_expenses_get_809e94,documents_and_other:read; never grants business authority,"[""numero_referencia"", ""proyecto"", ""cantidad_min"", ""cantidad_max"", ""concepto"", ""tipo_gasto"", ""estado_factura"", ""estado_reembolso"", ""created_from"", ""created_to"", ""cfdi_status"", ""bi_year"", ""bi_scope"", ""current_empleado""]",current employee + effective faculty + object + organization/legal entity + portfolio/tournament; UNPROVEN,read_candidate; side effects NOT verified,none only after read-purity proof,scoped source IDs/version and redacted durable receipt; writes need canonical transactional dedup + postcondition,"[""role/object/company deny"", ""revoked/expired"", ""isolation"", ""read purity""]",DISABLED; CANONICAL_SCOPE_UNPROVEN; route presence is not adapter or UI parity proof
fd865e9c4cfb,src/devnous/gastos/routes/admin_routes.py,5020,admin_invoices,GET,"[""/admin/gastos/invoices""]",/admin/gastos/invoices,"[""GET""]","[{""prefix"": """", ""evidence"": ""copa_telmex_dashboard.py:2236"", ""status"": ""include_router_static; conditional/runtime execution unverified""}]",[],[],"[{""key"": ""admin.root"", ""roles"": [""admin"", ""superadmin"", ""super_admin""], ""actions"": [""ver""], ""evidence"": ""src/devnous/gastos/services/access_control_service.py:125""}, {""key"": ""admin.gastos.dashboard"", ""roles"": [""finanzas"", ""admin"", ""superadmin"", ""super_admin""], ""actions"": [""ver""], ""evidence"": ""src/devnous/gastos/services/access_control_service.py:141""}, {""key"": ""admin.gastos.invoices"", ""roles"": [""finanzas"", ""admin"", ""superadmin"", ""super_admin""], ""actions"": [""ver"", ""exportar""], ""evidence"": ""src/devnous/gastos/services/access_control_service.py:158""}]","UNPROVEN: guards/dependencies are evidence, not a complete effective-role matrix",documents_and_other,live_entrypoint_static,"[""require_admin_finanzas()""]",ROUTE OWNER ONLY; service authority unproven: src/devnous/gastos/routes/admin_routes.py:admin_invoices,"[""build_invoice_filters""]",documents_and_other_admin_invoices_get_fd865e,documents_and_other:read; never grants business authority,"[""nova_request_id"", ""estado_factura"", ""has_error"", ""created_from"", ""created_to"", ""origen"", ""current_empleado""]",current employee + effective faculty + object + organization/legal entity + portfolio/tournament; UNPROVEN,read_candidate; side effects NOT verified,none only after read-purity proof,scoped source IDs/version and redacted durable receipt; writes need canonical transactional dedup + postcondition,"[""role/object/company deny"", ""revoked/expired"", ""isolation"", ""read purity""]",DISABLED; CANONICAL_SCOPE_UNPROVEN; route presence is not adapter or UI parity proof
d44bba8d33a2,src/devnous/gastos/routes/admin_routes.py,5280,export_expenses,GET,"[""/admin/gastos/expenses/export""]",/admin/gastos/expenses/export,"[""GET""]","[{""prefix"": """", ""evidence"": ""copa_telmex_dashboard.py:2236"", ""status"": ""include_router_static; conditional/runtime execution unverified""}]",[],[],"[{""key"": ""admin.root"", ""roles"": [""admin"", ""superadmin"", ""super_admin""], ""actions"": [""ver""], ""evidence"": ""src/devnous/gastos/services/access_control_service.py:125""}, {""key"": ""admin.gastos.dashboard"", ""roles"": [""finanzas"", ""admin"", ""superadmin"", ""super_admin""], ""actions"": [""ver""], ""evidence"": ""src/devnous/gastos/services/access_control_service.py:141""}, {""key"": ""admin.gastos.expenses"", ""roles"": [""finanzas"", ""admin"", ""superadmin"", ""super_admin""], ""actions"": [""ver"", ""exportar""], ""evidence"": ""src/devnous/gastos/services/access_control_service.py:149""}]","UNPROVEN: guards/dependencies are evidence, not a complete effective-role matrix",documents_and_other,live_entrypoint_static,"[""NO_LOCAL_GUARD_FOUND; inherited/middleware review required""]",ROUTE OWNER ONLY; service authority unproven: src/devnous/gastos/routes/admin_routes.py:export_expenses,"[""build_expense_filters""]",documents_and_other_export_expenses_get_d44bba,documents_and_other:read; never grants business authority,"[""numero_referencia"", ""proyecto"", ""cantidad_min"", ""cantidad_max"", ""concepto"", ""tipo_gasto"", ""estado_factura"", ""estado_reembolso"", ""created_from"", ""created_to""]",current employee + effective faculty + object + organization/legal entity + portfolio/tournament; UNPROVEN,read_candidate; side effects NOT verified,none only after read-purity proof,scoped source IDs/version and redacted durable receipt; writes need canonical transactional dedup + postcondition,"[""role/object/company deny"", ""revoked/expired"", ""isolation"", ""read purity""]",DISABLED; CANONICAL_SCOPE_UNPROVEN; route presence is not adapter or UI parity proof
aac5ba9f4b62,src/devnous/gastos/routes/admin_routes.py,5517,export_invoices,GET,"[""/admin/gastos/invoices/export""]",/admin/gastos/invoices/export,"[""GET""]","[{""prefix"": """", ""evidence"": ""copa_telmex_dashboard.py:2236"", ""status"": ""include_router_static; conditional/runtime execution unverified""}]",[],[],"[{""key"": ""admin.root"", ""roles"": [""admin"", ""superadmin"", ""super_admin""], ""actions"": [""ver""], ""evidence"": ""src/devnous/gastos/services/access_control_service.py:125""}, {""key"": ""admin.gastos.dashboard"", ""roles"": [""finanzas"", ""admin"", ""superadmin"", ""super_admin""], ""actions"": [""ver""], ""evidence"": ""src/devnous/gastos/services/access_control_service.py:141""}, {""key"": ""admin.gastos.invoices"", ""roles"": [""finanzas"", ""admin"", ""superadmin"", ""super_admin""], ""actions"": [""ver"", ""exportar""], ""evidence"": ""src/devnous/gastos/services/access_control_service.py:158""}]","UNPROVEN: guards/dependencies are evidence, not a complete effective-role matrix",documents_and_other,live_entrypoint_static,"[""NO_LOCAL_GUARD_FOUND; inherited/middleware review required""]",ROUTE OWNER ONLY; service authority unproven: src/devnous/gastos/routes/admin_routes.py:export_invoices,"[""build_invoice_filters""]",documents_and_other_export_invoices_get_aac5ba,documents_and_other:read; never grants business authority,"[""nova_request_id"", ""estado_factura"", ""has_error"", ""created_from"", ""created_to""]",current employee + effective faculty + object + organization/legal entity + portfolio/tournament; UNPROVEN,read_candidate; side effects NOT verified,none only after read-purity proof,scoped source IDs/version and redacted durable receipt; writes need canonical transactional dedup + postcondition,"[""role/object/company deny"", ""revoked/expired"", ""isolation"", ""read purity""]",DISABLED; CANONICAL_SCOPE_UNPROVEN; route presence is not adapter or UI parity proof
419890647315,src/devnous/gastos/routes/admin_routes.py,6100,admin_sports_platform,GET,"[""/admin/sports""]",/admin/sports,"[""GET""]","[{""prefix"": """", ""evidence"": ""copa_telmex_dashboard.py:2236"", ""status"": ""include_router_static; conditional/runtime execution unverified""}]",[],[],"[{""key"": ""admin.root"", ""roles"": [""admin"", ""superadmin"", ""super_admin""], ""actions"": [""ver""], ""evidence"": ""src/devnous/gastos/services/access_control_service.py:125""}]","UNPROVEN: guards/dependencies are evidence, not a complete effective-role matrix",documents_and_other,live_entrypoint_static,"[""NO_LOCAL_GUARD_FOUND; inherited/middleware review required""]",ROUTE OWNER ONLY; service authority unproven: src/devnous/gastos/routes/admin_routes.py:admin_sports_platform,"[""build_sports_platform_snapshot"", ""build_tournament_soul_snapshot""]",documents_and_other_admin_sports_platform_get_419890,documents_and_other:read; never grants business authority,"[""current_empleado"", ""tournament_key"", ""tournament_slug"", ""team_id"", ""match_id""]",current employee + effective faculty + object + organization/legal entity + portfolio/tournament; UNPROVEN,read_candidate; side effects NOT verified,none only after read-purity proof,scoped source IDs/version and redacted durable receipt; writes need canonical transactional dedup + postcondition,"[""role/object/company deny"", ""revoked/expired"", ""isolation"", ""read purity""]",DISABLED; CANONICAL_SCOPE_UNPROVEN; route presence is not adapter or UI parity proof
166da1c5f007,src/devnous/gastos/routes/admin_routes.py,6608,admin_sports_director_general_entity_dossier,GET,"[""/admin/sports/expediente-entidades""]",/admin/sports/expediente-entidades,"[""GET""]","[{""prefix"": """", ""evidence"": ""copa_telmex_dashboard.py:2236"", ""status"": ""include_router_static; conditional/runtime execution unverified""}]",[],[],"[{""key"": ""admin.root"", ""roles"": [""admin"", ""superadmin"", ""super_admin""], ""actions"": [""ver""], ""evidence"": ""src/devnous/gastos/services/access_control_service.py:125""}]","UNPROVEN: guards/dependencies are evidence, not a complete effective-role matrix",documents_and_other,live_entrypoint_static,"[""NO_LOCAL_GUARD_FOUND; inherited/middleware review required""]",ROUTE OWNER ONLY; service authority unproven: src/devnous/gastos/routes/admin_routes.py:admin_sports_director_general_entity_dossier,"[""build_director_general_entity_dossier"", ""build_tournament_soul_snapshot""]",documents_and_other_admin_sports_director_general_entity_166da1,documents_and_other:read; never grants business authority,"[""current_empleado"", ""tournament_key"", ""tournament_slug"", ""entity_name""]",current employee + effective faculty + object + organization/legal entity + portfolio/tournament; UNPROVEN,read_candidate; side effects NOT verified,none only after read-purity proof,scoped source IDs/version and redacted durable receipt; writes need canonical transactional dedup + postcondition,"[""role/object/company deny"", ""revoked/expired"", ""isolation"", ""read purity""]",DISABLED; CANONICAL_SCOPE_UNPROVEN; route presence is not adapter or UI parity proof
f6829fe47806,src/devnous/gastos/routes/admin_routes.py,6851,admin_contabilidad_deudores,GET,"[""/admin/contabilidad/deudores""]",/admin/contabilidad/deudores,"[""GET""]","[{""prefix"": """", ""evidence"": ""copa_telmex_dashboard.py:2236"", ""status"": ""include_router_static; conditional/runtime execution unverified""}]",[],[],"[{""key"": ""admin.root"", ""roles"": [""admin"", ""superadmin"", ""super_admin""], ""actions"": [""ver""], ""evidence"": ""src/devnous/gastos/services/access_control_service.py:125""}, {""key"": ""admin.contabilidad"", ""roles"": [""finanzas"", ""admin"", ""superadmin"", ""super_admin""], ""actions"": [""ver"", ""crear"", ""editar"", ""exportar"", ""administrar""], ""evidence"": ""src/devnous/gastos/services/access_control_service.py:301""}]","UNPROVEN: guards/dependencies are evidence, not a complete effective-role matrix",accounting,live_entrypoint_static,"[""require_admin_finanzas()""]",ROUTE OWNER ONLY; service authority unproven: src/devnous/gastos/routes/admin_routes.py:admin_contabilidad_deudores,"[""build_debtors_admin_snapshot""]",accounting_admin_contabilidad_deudores_get_f6829f,accounting:read; never grants business authority,"[""current_empleado"", ""year"", ""month"", ""q""]",current employee + effective faculty + object + organization/legal entity + portfolio/tournament; UNPROVEN,read_candidate; side effects NOT verified,none only after read-purity proof,scoped source IDs/version and redacted durable receipt; writes need canonical transactional dedup + postcondition,"[""role/object/company deny"", ""revoked/expired"", ""isolation"", ""read purity""]",DISABLED; CANONICAL_SCOPE_UNPROVEN; route presence is not adapter or UI parity proof
b57035d795b8,src/devnous/gastos/routes/admin_routes.py,6991,admin_finance_platform,GET,"[""/admin/finanzas""]",/admin/finanzas,"[""GET""]","[{""prefix"": """", ""evidence"": ""copa_telmex_dashboard.py:2236"", ""status"": ""include_router_static; conditional/runtime execution unverified""}]",[],[],"[{""key"": ""admin.root"", ""roles"": [""admin"", ""superadmin"", ""super_admin""], ""actions"": [""ver""], ""evidence"": ""src/devnous/gastos/services/access_control_service.py:125""}, {""key"": ""admin.finanzas"", ""roles"": [""finanzas"", ""admin"", ""superadmin"", ""super_admin""], ""actions"": [""ver""], ""evidence"": ""src/devnous/gastos/services/access_control_service.py:230""}]","UNPROVEN: guards/dependencies are evidence, not a complete effective-role matrix",finance,live_entrypoint_static,"[""NO_LOCAL_GUARD_FOUND; inherited/middleware review required""]",ROUTE OWNER ONLY; service authority unproven: src/devnous/gastos/routes/admin_routes.py:admin_finance_platform,"[""build_finance_platform_snapshot"", ""build_finance_source_snapshot""]",finance_admin_finance_platform_get_b57035,finance:read; never grants business authority,"[""current_empleado"", ""year"", ""month"", ""expense_id""]",current employee + effective faculty + object + organization/legal entity + portfolio/tournament; UNPROVEN,read_candidate; side effects NOT verified,none only after read-purity proof,scoped source IDs/version and redacted durable receipt; writes need canonical transactional dedup + postcondition,"[""role/object/company deny"", ""revoked/expired"", ""isolation"", ""read purity""]",DISABLED; CANONICAL_SCOPE_UNPROVEN; route presence is not adapter or UI parity proof
1c1bde6e4b31,src/devnous/gastos/routes/admin_routes.py,7412,admin_sam_inbox,GET,"[""/admin/sam-inbox""]",/admin/sam-inbox,"[""GET""]","[{""prefix"": """", ""evidence"": ""copa_telmex_dashboard.py:2236"", ""status"": ""include_router_static; conditional/runtime execution unverified""}]","[""src/devnous/gastos/routes/admin_routes.py:2571:_can_access_sam_inbox""]",[],"[{""key"": ""admin.root"", ""roles"": [""admin"", ""superadmin"", ""super_admin""], ""actions"": [""ver""], ""evidence"": ""src/devnous/gastos/services/access_control_service.py:125""}]","UNPROVEN: guards/dependencies are evidence, not a complete effective-role matrix",artifacts,live_entrypoint_static,"[""(getattr(current_empleado, 'rol', '') or '').strip()"", ""(getattr(current_empleado, 'rol', '') or '').strip().lower()"", ""_can_access_sam_inbox(current_empleado)""]",ROUTE OWNER ONLY; service authority unproven: src/devnous/gastos/routes/admin_routes.py:admin_sam_inbox,"[""build_sam_inbox_payload""]",artifacts_admin_sam_inbox_get_1c1bde,artifacts:read; never grants business authority,"[""tab"", ""severity"", ""status"", ""source_type"", ""module"", ""current_empleado""]",current employee + effective faculty + object + organization/legal entity + portfolio/tournament; UNPROVEN,read_candidate; side effects NOT verified,none only after read-purity proof,scoped source IDs/version and redacted durable receipt; writes need canonical transactional dedup + postcondition,"[""role/object/company deny"", ""revoked/expired"", ""isolation"", ""read purity""]",DISABLED; CANONICAL_SCOPE_UNPROVEN; route presence is not adapter or UI parity proof
9b86f704bcaa,src/devnous/gastos/routes/admin_routes.py,7710,admin_runtime_artifacts,GET,"[""/admin/artifacts""]",/admin/artifacts,"[""GET""]","[{""prefix"": """", ""evidence"": ""copa_telmex_dashboard.py:2236"", ""status"": ""include_router_static; conditional/runtime execution unverified""}]",[],[],"[{""key"": ""admin.root"", ""roles"": [""admin"", ""superadmin"", ""super_admin""], ""actions"": [""ver""], ""evidence"": ""src/devnous/gastos/services/access_control_service.py:125""}]","UNPROVEN: guards/dependencies are evidence, not a complete effective-role matrix",artifacts,live_entrypoint_static,"[""require_admin_finanzas()""]",ROUTE OWNER ONLY; service authority unproven: src/devnous/gastos/routes/admin_routes.py:admin_runtime_artifacts,"[""build_runtime_artifact_index""]",artifacts_admin_runtime_artifacts_get_9b86f7,artifacts:read; never grants business authority,"[""current_empleado""]",current employee + effective faculty + object + organization/legal entity + portfolio/tournament; UNPROVEN,read_candidate; side effects NOT verified,none only after read-purity proof,scoped source IDs/version and redacted durable receipt; writes need canonical transactional dedup + postcondition,"[""role/object/company deny"", ""revoked/expired"", ""isolation"", ""read purity""]",DISABLED; CANONICAL_SCOPE_UNPROVEN; route presence is not adapter or UI parity proof
3f873d51e340,src/devnous/gastos/routes/admin_routes.py,7760,admin_finance_cashflow,GET,"[""/admin/finanzas/cashflow""]",/admin/finanzas/cashflow,"[""GET""]","[{""prefix"": """", ""evidence"": ""copa_telmex_dashboard.py:2236"", ""status"": ""include_router_static; conditional/runtime execution unverified""}]",[],[],"[{""key"": ""admin.root"", ""roles"": [""admin"", ""superadmin"", ""super_admin""], ""actions"": [""ver""], ""evidence"": ""src/devnous/gastos/services/access_control_service.py:125""}, {""key"": ""admin.finanzas"", ""roles"": [""finanzas"", ""admin"", ""superadmin"", ""super_admin""], ""actions"": [""ver""], ""evidence"": ""src/devnous/gastos/services/access_control_service.py:230""}]","UNPROVEN: guards/dependencies are evidence, not a complete effective-role matrix",finance,live_entrypoint_static,"[""require_admin_finanzas()""]",ROUTE OWNER ONLY; service authority unproven: src/devnous/gastos/routes/admin_routes.py:admin_finance_cashflow,"[""build_cashflow_planning_read_model""]",finance_admin_finance_cashflow_get_3f873d,finance:read; never grants business authority,"[""current_empleado"", ""edition_year"", ""budget_version_id"", ""year"", ""month"", ""horizon_months"", ""limit""]",current employee + effective faculty + object + organization/legal entity + portfolio/tournament; UNPROVEN,read_candidate; side effects NOT verified,none only after read-purity proof,scoped source IDs/version and redacted durable receipt; writes need canonical transactional dedup + postcondition,"[""role/object/company deny"", ""revoked/expired"", ""isolation"", ""read purity""]",DISABLED; CANONICAL_SCOPE_UNPROVEN; route presence is not adapter or UI parity proof
894c8621bcb6,src/devnous/gastos/routes/admin_routes.py,7923,admin_finance_accounts_receivable,GET,"[""/admin/finanzas/cuentas-por-cobrar""]",/admin/finanzas/cuentas-por-cobrar,"[""GET""]","[{""prefix"": """", ""evidence"": ""copa_telmex_dashboard.py:2236"", ""status"": ""include_router_static; conditional/runtime execution unverified""}]","[""src/devnous/gastos/routes/admin_routes.py:1616:_can_operate_ar_cxc""]",[],"[{""key"": ""admin.root"", ""roles"": [""admin"", ""superadmin"", ""super_admin""], ""actions"": [""ver""], ""evidence"": ""src/devnous/gastos/services/access_control_service.py:125""}, {""key"": ""admin.finanzas"", ""roles"": [""finanzas"", ""admin"", ""superadmin"", ""super_admin""], ""actions"": [""ver""], ""evidence"": ""src/devnous/gastos/services/access_control_service.py:230""}]","UNPROVEN: guards/dependencies are evidence, not a complete effective-role matrix",receivables,live_entrypoint_static,"[""require_admin_finanzas()""]",ROUTE OWNER ONLY; service authority unproven: src/devnous/gastos/routes/admin_routes.py:admin_finance_accounts_receivable,"[""build_ar_matching_workbench"", ""build_ar_read_model""]",receivables_admin_finance_accounts_receivable_get_894c86,receivables:read; never grants business authority,"[""current_empleado"", ""edition_year"", ""budget_version_id"", ""tournament_id"", ""tournament_code"", ""year"", ""month"", ""tolerance"", ""limit"", ""estado"", ""cliente"", ""dias_credito"", ""sort_by"", ""sort_dir"", ""cfdi_report_id""]",current employee + effective faculty + object + organization/legal entity + portfolio/tournament; UNPROVEN,read_candidate; side effects NOT verified,none only after read-purity proof,scoped source IDs/version and redacted durable receipt; writes need canonical transactional dedup + postcondition,"[""role/object/company deny"", ""revoked/expired"", ""isolation"", ""read purity""]",DISABLED; CANONICAL_SCOPE_UNPROVEN; route presence is not adapter or UI parity proof
744aa65417d3,src/devnous/gastos/routes/admin_routes.py,8272,admin_finance_ar_cfdi_link,POST,"[""/admin/finanzas/cuentas-por-cobrar/cfdi-link""]",/admin/finanzas/cuentas-por-cobrar/cfdi-link,"[""POST""]","[{""prefix"": """", ""evidence"": ""copa_telmex_dashboard.py:2236"", ""status"": ""include_router_static; conditional/runtime execution unverified""}]",[],[],"[{""key"": ""admin.root"", ""roles"": [""admin"", ""superadmin"", ""super_admin""], ""actions"": [""ver""], ""evidence"": ""src/devnous/gastos/services/access_control_service.py:125""}, {""key"": ""admin.finanzas"", ""roles"": [""finanzas"", ""admin"", ""superadmin"", ""super_admin""], ""actions"": [""ver""], ""evidence"": ""src/devnous/gastos/services/access_control_service.py:230""}]","UNPROVEN: guards/dependencies are evidence, not a complete effective-role matrix",receivables,live_entrypoint_static,"[""require_admin_finanzas()""]",ROUTE OWNER ONLY; service authority unproven: src/devnous/gastos/routes/admin_routes.py:admin_finance_ar_cfdi_link,[],receivables_admin_finance_ar_cfdi_link_post_744aa6,receivables:write; never grants business authority,"[""cfdi_report_id"", ""budget_line_id"", ""amount"", ""income_date"", ""budget_month"", ""return_to"", ""current_empleado""]",current employee + effective faculty + object + organization/legal entity + portfolio/tournament; UNPROVEN,write_or_effect_candidate,trusted human approval of exact draft/version/amount/currency/destination/digest; recheck at commit,scoped source IDs/version and redacted durable receipt; writes need canonical transactional dedup + postcondition,"[""role/object/company deny"", ""revoked/expired"", ""isolation"", ""read purity"", ""exact confirmation/version"", ""retry/crash/no duplicates"", ""verified receipt""]",DISABLED; CANONICAL_SCOPE_UNPROVEN; route presence is not adapter or UI parity proof
333c11aadcaf,src/devnous/gastos/routes/admin_routes.py,8309,admin_finance_accounts_receivable_item_detail,GET,"[""/admin/finanzas/cuentas-por-cobrar/item/{ar_item_id:path}""]",/admin/finanzas/cuentas-por-cobrar/item/{ar_item_id:path},"[""GET""]","[{""prefix"": """", ""evidence"": ""copa_telmex_dashboard.py:2236"", ""status"": ""include_router_static; conditional/runtime execution unverified""}]","[""src/devnous/gastos/routes/admin_routes.py:1616:_can_operate_ar_cxc""]",[],"[{""key"": ""admin.root"", ""roles"": [""admin"", ""superadmin"", ""super_admin""], ""actions"": [""ver""], ""evidence"": ""src/devnous/gastos/services/access_control_service.py:125""}, {""key"": ""admin.finanzas"", ""roles"": [""finanzas"", ""admin"", ""superadmin"", ""super_admin""], ""actions"": [""ver""], ""evidence"": ""src/devnous/gastos/services/access_control_service.py:230""}]","UNPROVEN: guards/dependencies are evidence, not a complete effective-role matrix",receivables,live_entrypoint_static,"[""require_admin_finanzas()""]",ROUTE OWNER ONLY; service authority unproven: src/devnous/gastos/routes/admin_routes.py:admin_finance_accounts_receivable_item_detail,"[""build_ar_read_model""]",receivables_admin_finance_accounts_receivable_item_detai_333c11,receivables:read; never grants business authority,"[""ar_item_id"", ""current_empleado"", ""edition_year"", ""budget_version_id"", ""tournament_id"", ""tournament_code"", ""limit"", ""dias_credito"", ""return_to""]",current employee + effective faculty + object + organization/legal entity + portfolio/tournament; UNPROVEN,read_candidate; side effects NOT verified,none only after read-purity proof,scoped source IDs/version and redacted durable receipt; writes need canonical transactional dedup + postcondition,"[""role/object/company deny"", ""revoked/expired"", ""isolation"", ""read purity""]",DISABLED; CANONICAL_SCOPE_UNPROVEN; route presence is not adapter or UI parity proof
61d956c175bb,src/devnous/gastos/routes/admin_routes.py,8433,admin_finance_ar_match_accept,POST,"[""/admin/finanzas/cuentas-por-cobrar/matches/accept""]",/admin/finanzas/cuentas-por-cobrar/matches/accept,"[""POST""]","[{""prefix"": """", ""evidence"": ""copa_telmex_dashboard.py:2236"", ""status"": ""include_router_static; conditional/runtime execution unverified""}]","[""src/devnous/gastos/routes/admin_routes.py:1616:_can_operate_ar_cxc""]",[],"[{""key"": ""admin.root"", ""roles"": [""admin"", ""superadmin"", ""super_admin""], ""actions"": [""ver""], ""evidence"": ""src/devnous/gastos/services/access_control_service.py:125""}, {""key"": ""admin.finanzas"", ""roles"": [""finanzas"", ""admin"", ""superadmin"", ""super_admin""], ""actions"": [""ver""], ""evidence"": ""src/devnous/gastos/services/access_control_service.py:230""}]","UNPROVEN: guards/dependencies are evidence, not a complete effective-role matrix",receivables,live_entrypoint_static,"[""require_admin_finanzas()""]",ROUTE OWNER ONLY; service authority unproven: src/devnous/gastos/routes/admin_routes.py:admin_finance_ar_match_accept,"[""session.commit""]",receivables_admin_finance_ar_match_accept_post_61d956,receivables:write; never grants business authority,"[""budget_version_id"", ""ar_item_id"", ""bank_movement_id"", ""ar_amount"", ""acceptance_reason"", ""bank_account_id"", ""budget_line_id"", ""cfdi_report_id"", ""payer_rfc"", ""payer_name"", ""return_to"", ""current_empleado""]",current employee + effective faculty + object + organization/legal entity + portfolio/tournament; UNPROVEN,write_or_effect_candidate,trusted human approval of exact draft/version/amount/currency/destination/digest; recheck at commit,scoped source IDs/version and redacted durable receipt; writes need canonical transactional dedup + postcondition,"[""role/object/company deny"", ""revoked/expired"", ""isolation"", ""read purity"", ""exact confirmation/version"", ""retry/crash/no duplicates"", ""verified receipt""]",DISABLED; CANONICAL_SCOPE_UNPROVEN; route presence is not adapter or UI parity proof
61dcf157780e,src/devnous/gastos/routes/admin_routes.py,8484,admin_finance_ar_match_reverse,POST,"[""/admin/finanzas/cuentas-por-cobrar/matches/{match_id}/reverse""]",/admin/finanzas/cuentas-por-cobrar/matches/{match_id}/reverse,"[""POST""]","[{""prefix"": """", ""evidence"": ""copa_telmex_dashboard.py:2236"", ""status"": ""include_router_static; conditional/runtime execution unverified""}]","[""src/devnous/gastos/routes/admin_routes.py:1616:_can_operate_ar_cxc""]",[],"[{""key"": ""admin.root"", ""roles"": [""admin"", ""superadmin"", ""super_admin""], ""actions"": [""ver""], ""evidence"": ""src/devnous/gastos/services/access_control_service.py:125""}, {""key"": ""admin.finanzas"", ""roles"": [""finanzas"", ""admin"", ""superadmin"", ""super_admin""], ""actions"": [""ver""], ""evidence"": ""src/devnous/gastos/services/access_control_service.py:230""}]","UNPROVEN: guards/dependencies are evidence, not a complete effective-role matrix",receivables,live_entrypoint_static,"[""require_admin_finanzas()""]",ROUTE OWNER ONLY; service authority unproven: src/devnous/gastos/routes/admin_routes.py:admin_finance_ar_match_reverse,"[""session.commit""]",receivables_admin_finance_ar_match_reverse_post_61dcf1,receivables:write; never grants business authority,"[""match_id"", ""reversal_reason"", ""return_to"", ""current_empleado""]",current employee + effective faculty + object + organization/legal entity + portfolio/tournament; UNPROVEN,write_or_effect_candidate,trusted human approval of exact draft/version/amount/currency/destination/digest; recheck at commit,scoped source IDs/version and redacted durable receipt; writes need canonical transactional dedup + postcondition,"[""role/object/company deny"", ""revoked/expired"", ""isolation"", ""read purity"", ""exact confirmation/version"", ""retry/crash/no duplicates"", ""verified receipt""]",DISABLED; CANONICAL_SCOPE_UNPROVEN; route presence is not adapter or UI parity proof
ee9cca258897,src/devnous/gastos/routes/admin_routes.py,8516,admin_finance_accounts_receivable_export_xlsx,GET,"[""/admin/finanzas/cuentas-por-cobrar/export.xlsx""]",/admin/finanzas/cuentas-por-cobrar/export.xlsx,"[""GET""]","[{""prefix"": """", ""evidence"": ""copa_telmex_dashboard.py:2236"", ""status"": ""include_router_static; conditional/runtime execution unverified""}]",[],[],"[{""key"": ""admin.root"", ""roles"": [""admin"", ""superadmin"", ""super_admin""], ""actions"": [""ver""], ""evidence"": ""src/devnous/gastos/services/access_control_service.py:125""}, {""key"": ""admin.finanzas"", ""roles"": [""finanzas"", ""admin"", ""superadmin"", ""super_admin""], ""actions"": [""ver""], ""evidence"": ""src/devnous/gastos/services/access_control_service.py:230""}]","UNPROVEN: guards/dependencies are evidence, not a complete effective-role matrix",receivables,live_entrypoint_static,"[""require_admin_finanzas()""]",ROUTE OWNER ONLY; service authority unproven: src/devnous/gastos/routes/admin_routes.py:admin_finance_accounts_receivable_export_xlsx,"[""build_ar_accounting_preview"", ""build_ar_actionable_gaps"", ""build_ar_billing_schedule"", ""build_ar_operational_rows"", ""build_ar_read_model""]",receivables_admin_finance_accounts_receivable_export_xls_ee9cca,receivables:read; never grants business authority,"[""current_empleado"", ""edition_year"", ""budget_version_id"", ""tournament_id"", ""tournament_code"", ""limit"", ""estado"", ""cliente"", ""dias_credito"", ""sort_by"", ""sort_dir""]",current employee + effective faculty + object + organization/legal entity + portfolio/tournament; UNPROVEN,read_candidate; side effects NOT verified,none only after read-purity proof,scoped source IDs/version and redacted durable receipt; writes need canonical transactional dedup + postcondition,"[""role/object/company deny"", ""revoked/expired"", ""isolation"", ""read purity""]",DISABLED; CANONICAL_SCOPE_UNPROVEN; route presence is not adapter or UI parity proof
9c9cb16f4df5,src/devnous/gastos/routes/admin_routes.py,8830,admin_finance_accounts_receivable_prepolizas_coi_xlsx,GET,"[""/admin/finanzas/cuentas-por-cobrar/prepolizas-coi.xlsx""]",/admin/finanzas/cuentas-por-cobrar/prepolizas-coi.xlsx,"[""GET""]","[{""prefix"": """", ""evidence"": ""copa_telmex_dashboard.py:2236"", ""status"": ""include_router_static; conditional/runtime execution unverified""}]",[],[],"[{""key"": ""admin.root"", ""roles"": [""admin"", ""superadmin"", ""super_admin""], ""actions"": [""ver""], ""evidence"": ""src/devnous/gastos/services/access_control_service.py:125""}, {""key"": ""admin.finanzas"", ""roles"": [""finanzas"", ""admin"", ""superadmin"", ""super_admin""], ""actions"": [""ver""], ""evidence"": ""src/devnous/gastos/services/access_control_service.py:230""}]","UNPROVEN: guards/dependencies are evidence, not a complete effective-role matrix",receivables,live_entrypoint_static,"[""require_admin_finanzas()""]",ROUTE OWNER ONLY; service authority unproven: src/devnous/gastos/routes/admin_routes.py:admin_finance_accounts_receivable_prepolizas_coi_xlsx,"[""build_ar_operational_rows"", ""build_ar_read_model""]",receivables_admin_finance_accounts_receivable_prepolizas_9c9cb1,receivables:read; never grants business authority,"[""current_empleado"", ""edition_year"", ""budget_version_id"", ""tournament_id"", ""tournament_code"", ""limit"", ""estado"", ""cliente"", ""dias_credito"", ""sort_by"", ""sort_dir""]",current employee + effective faculty + object + organization/legal entity + portfolio/tournament; UNPROVEN,read_candidate; side effects NOT verified,none only after read-purity proof,scoped source IDs/version and redacted durable receipt; writes need canonical transactional dedup + postcondition,"[""role/object/company deny"", ""revoked/expired"", ""isolation"", ""read purity""]",DISABLED; CANONICAL_SCOPE_UNPROVEN; route presence is not adapter or UI parity proof
bf43e262848a,src/devnous/gastos/routes/admin_routes.py,8909,admin_finance_platform_export_xlsx,GET,"[""/admin/finanzas/export.xlsx""]",/admin/finanzas/export.xlsx,"[""GET""]","[{""prefix"": """", ""evidence"": ""copa_telmex_dashboard.py:2236"", ""status"": ""include_router_static; conditional/runtime execution unverified""}]",[],[],"[{""key"": ""admin.root"", ""roles"": [""admin"", ""superadmin"", ""super_admin""], ""actions"": [""ver""], ""evidence"": ""src/devnous/gastos/services/access_control_service.py:125""}, {""key"": ""admin.finanzas"", ""roles"": [""finanzas"", ""admin"", ""superadmin"", ""super_admin""], ""actions"": [""ver""], ""evidence"": ""src/devnous/gastos/services/access_control_service.py:230""}]","UNPROVEN: guards/dependencies are evidence, not a complete effective-role matrix",finance,live_entrypoint_static,"[""require_admin_finanzas()""]",ROUTE OWNER ONLY; service authority unproven: src/devnous/gastos/routes/admin_routes.py:admin_finance_platform_export_xlsx,"[""build_finance_platform_snapshot"", ""build_finance_source_snapshot""]",finance_admin_finance_platform_export_xlsx_get_bf43e2,finance:read; never grants business authority,"[""current_empleado"", ""year"", ""month""]",current employee + effective faculty + object + organization/legal entity + portfolio/tournament; UNPROVEN,read_candidate; side effects NOT verified,none only after read-purity proof,scoped source IDs/version and redacted durable receipt; writes need canonical transactional dedup + postcondition,"[""role/object/company deny"", ""revoked/expired"", ""isolation"", ""read purity""]",DISABLED; CANONICAL_SCOPE_UNPROVEN; route presence is not adapter or UI parity proof
df36313baeeb,src/devnous/gastos/routes/admin_routes.py,8946,admin_no_deductibles_control,GET,"[""/admin/finanzas/no-deducibles""]",/admin/finanzas/no-deducibles,"[""GET""]","[{""prefix"": """", ""evidence"": ""copa_telmex_dashboard.py:2236"", ""status"": ""include_router_static; conditional/runtime execution unverified""}]",[],[],"[{""key"": ""admin.root"", ""roles"": [""admin"", ""superadmin"", ""super_admin""], ""actions"": [""ver""], ""evidence"": ""src/devnous/gastos/services/access_control_service.py:125""}, {""key"": ""admin.finanzas"", ""roles"": [""finanzas"", ""admin"", ""superadmin"", ""super_admin""], ""actions"": [""ver""], ""evidence"": ""src/devnous/gastos/services/access_control_service.py:230""}]","UNPROVEN: guards/dependencies are evidence, not a complete effective-role matrix",finance,live_entrypoint_static,"[""require_admin_finanzas()""]",ROUTE OWNER ONLY; service authority unproven: src/devnous/gastos/routes/admin_routes.py:admin_no_deductibles_control,"[""build_no_deductibles_source""]",finance_admin_no_deductibles_control_get_df3631,finance:read; never grants business authority,"[""current_empleado"", ""year"", ""month"", ""start_date"", ""end_date"", ""tournament_id""]",current employee + effective faculty + object + organization/legal entity + portfolio/tournament; UNPROVEN,read_candidate; side effects NOT verified,none only after read-purity proof,scoped source IDs/version and redacted durable receipt; writes need canonical transactional dedup + postcondition,"[""role/object/company deny"", ""revoked/expired"", ""isolation"", ""read purity""]",DISABLED; CANONICAL_SCOPE_UNPROVEN; route presence is not adapter or UI parity proof
bd0c29eb100c,src/devnous/gastos/routes/admin_routes.py,8998,admin_no_deductibles_export_xlsx,GET,"[""/admin/finanzas/no-deducibles/export.xlsx""]",/admin/finanzas/no-deducibles/export.xlsx,"[""GET""]","[{""prefix"": """", ""evidence"": ""copa_telmex_dashboard.py:2236"", ""status"": ""include_router_static; conditional/runtime execution unverified""}]",[],[],"[{""key"": ""admin.root"", ""roles"": [""admin"", ""superadmin"", ""super_admin""], ""actions"": [""ver""], ""evidence"": ""src/devnous/gastos/services/access_control_service.py:125""}, {""key"": ""admin.finanzas"", ""roles"": [""finanzas"", ""admin"", ""superadmin"", ""super_admin""], ""actions"": [""ver""], ""evidence"": ""src/devnous/gastos/services/access_control_service.py:230""}]","UNPROVEN: guards/dependencies are evidence, not a complete effective-role matrix",finance,live_entrypoint_static,"[""require_admin_finanzas()""]",ROUTE OWNER ONLY; service authority unproven: src/devnous/gastos/routes/admin_routes.py:admin_no_deductibles_export_xlsx,"[""build_no_deductibles_source""]",finance_admin_no_deductibles_export_xlsx_get_bd0c29,finance:read; never grants business authority,"[""current_empleado"", ""year"", ""month"", ""start_date"", ""end_date"", ""tournament_id""]",current employee + effective faculty + object + organization/legal entity + portfolio/tournament; UNPROVEN,read_candidate; side effects NOT verified,none only after read-purity proof,scoped source IDs/version and redacted durable receipt; writes need canonical transactional dedup + postcondition,"[""role/object/company deny"", ""revoked/expired"", ""isolation"", ""read purity""]",DISABLED; CANONICAL_SCOPE_UNPROVEN; route presence is not adapter or UI parity proof
77085382a61e,src/devnous/gastos/routes/admin_routes.py,9342,admin_finance_coi_batch_consolidated_xlsx,GET,"[""/admin/finanzas/coi-lote-consolidado.xlsx""]",/admin/finanzas/coi-lote-consolidado.xlsx,"[""GET""]","[{""prefix"": """", ""evidence"": ""copa_telmex_dashboard.py:2236"", ""status"": ""include_router_static; conditional/runtime execution unverified""}]",[],[],"[{""key"": ""admin.root"", ""roles"": [""admin"", ""superadmin"", ""super_admin""], ""actions"": [""ver""], ""evidence"": ""src/devnous/gastos/services/access_control_service.py:125""}, {""key"": ""admin.finanzas"", ""roles"": [""finanzas"", ""admin"", ""superadmin"", ""super_admin""], ""actions"": [""ver""], ""evidence"": ""src/devnous/gastos/services/access_control_service.py:230""}]","UNPROVEN: guards/dependencies are evidence, not a complete effective-role matrix",accounting,live_entrypoint_static,"[""require_admin_finanzas()""]",ROUTE OWNER ONLY; service authority unproven: src/devnous/gastos/routes/admin_routes.py:admin_finance_coi_batch_consolidated_xlsx,"[""_build_finance_coi_batch_blocker_summary"", ""_build_finance_coi_batch_expenses""]",accounting_admin_finance_coi_batch_consolidated_xlsx_get_770853,accounting:read; never grants business authority,"[""current_empleado"", ""year"", ""month""]",current employee + effective faculty + object + organization/legal entity + portfolio/tournament; UNPROVEN,read_candidate; side effects NOT verified,none only after read-purity proof,scoped source IDs/version and redacted durable receipt; writes need canonical transactional dedup + postcondition,"[""role/object/company deny"", ""revoked/expired"", ""isolation"", ""read purity""]",DISABLED; CANONICAL_SCOPE_UNPROVEN; route presence is not adapter or UI parity proof
3ca50ad34d8c,src/devnous/gastos/routes/admin_routes.py,9407,admin_finance_coi_batch_xlsx,GET,"[""/admin/finanzas/coi-lote.zip""]",/admin/finanzas/coi-lote.zip,"[""GET""]","[{""prefix"": """", ""evidence"": ""copa_telmex_dashboard.py:2236"", ""status"": ""include_router_static; conditional/runtime execution unverified""}]",[],[],"[{""key"": ""admin.root"", ""roles"": [""admin"", ""superadmin"", ""super_admin""], ""actions"": [""ver""], ""evidence"": ""src/devnous/gastos/services/access_control_service.py:125""}, {""key"": ""admin.finanzas"", ""roles"": [""finanzas"", ""admin"", ""superadmin"", ""super_admin""], ""actions"": [""ver""], ""evidence"": ""src/devnous/gastos/services/access_control_service.py:230""}]","UNPROVEN: guards/dependencies are evidence, not a complete effective-role matrix",accounting,live_entrypoint_static,"[""require_admin_finanzas()""]",ROUTE OWNER ONLY; service authority unproven: src/devnous/gastos/routes/admin_routes.py:admin_finance_coi_batch_xlsx,"[""_build_finance_coi_batch_blocker_summary"", ""_build_finance_coi_batch_expenses""]",accounting_admin_finance_coi_batch_xlsx_get_3ca50a,accounting:read; never grants business authority,"[""current_empleado"", ""year"", ""month""]",current employee + effective faculty + object + organization/legal entity + portfolio/tournament; UNPROVEN,read_candidate; side effects NOT verified,none only after read-purity proof,scoped source IDs/version and redacted durable receipt; writes need canonical transactional dedup + postcondition,"[""role/object/company deny"", ""revoked/expired"", ""isolation"", ""read purity""]",DISABLED; CANONICAL_SCOPE_UNPROVEN; route presence is not adapter or UI parity proof
8c0e10d03ccd,src/devnous/gastos/routes/admin_routes.py,9407,admin_finance_coi_batch_xlsx,GET,"[""/admin/finanzas/coi-lote.xlsx""]",/admin/finanzas/coi-lote.xlsx,"[""GET""]","[{""prefix"": """", ""evidence"": ""copa_telmex_dashboard.py:2236"", ""status"": ""include_router_static; conditional/runtime execution unverified""}]",[],[],"[{""key"": ""admin.root"", ""roles"": [""admin"", ""superadmin"", ""super_admin""], ""actions"": [""ver""], ""evidence"": ""src/devnous/gastos/services/access_control_service.py:125""}, {""key"": ""admin.finanzas"", ""roles"": [""finanzas"", ""admin"", ""superadmin"", ""super_admin""], ""actions"": [""ver""], ""evidence"": ""src/devnous/gastos/services/access_control_service.py:230""}]","UNPROVEN: guards/dependencies are evidence, not a complete effective-role matrix",accounting,live_entrypoint_static,"[""require_admin_finanzas()""]",ROUTE OWNER ONLY; service authority unproven: src/devnous/gastos/routes/admin_routes.py:admin_finance_coi_batch_xlsx,"[""_build_finance_coi_batch_blocker_summary"", ""_build_finance_coi_batch_expenses""]",accounting_admin_finance_coi_batch_xlsx_get_8c0e10,accounting:read; never grants business authority,"[""current_empleado"", ""year"", ""month""]",current employee + effective faculty + object + organization/legal entity + portfolio/tournament; UNPROVEN,read_candidate; side effects NOT verified,none only after read-purity proof,scoped source IDs/version and redacted durable receipt; writes need canonical transactional dedup + postcondition,"[""role/object/company deny"", ""revoked/expired"", ""isolation"", ""read purity""]",DISABLED; CANONICAL_SCOPE_UNPROVEN; route presence is not adapter or UI parity proof
4feea2653901,src/devnous/gastos/routes/admin_routes.py,10183,admin_finance_payment_run,GET,"[""/admin/finanzas/payment-run""]",/admin/finanzas/payment-run,"[""GET""]","[{""prefix"": """", ""evidence"": ""copa_telmex_dashboard.py:2236"", ""status"": ""include_router_static; conditional/runtime execution unverified""}]",[],[],"[{""key"": ""admin.root"", ""roles"": [""admin"", ""superadmin"", ""super_admin""], ""actions"": [""ver""], ""evidence"": ""src/devnous/gastos/services/access_control_service.py:125""}, {""key"": ""admin.finanzas"", ""roles"": [""finanzas"", ""admin"", ""superadmin"", ""super_admin""], ""actions"": [""ver""], ""evidence"": ""src/devnous/gastos/services/access_control_service.py:230""}]","UNPROVEN: guards/dependencies are evidence, not a complete effective-role matrix",payments,live_entrypoint_static,"[""require_payment_run_access(current_empleado)""]",ROUTE OWNER ONLY; service authority unproven: src/devnous/gastos/routes/admin_routes.py:admin_finance_payment_run,"[""approved_rows.extend""]",payments_admin_finance_payment_run_get_4feea2,payments:read; never grants business authority,"[""current_empleado"", ""status"", ""date_from"", ""date_to"", ""q"", ""vista""]",current employee + effective faculty + object + organization/legal entity + portfolio/tournament; UNPROVEN,read_candidate; side effects NOT verified,none only after read-purity proof,scoped source IDs/version and redacted durable receipt; writes need canonical transactional dedup + postcondition,"[""role/object/company deny"", ""revoked/expired"", ""isolation"", ""read purity""]",DISABLED; CANONICAL_SCOPE_UNPROVEN; route presence is not adapter or UI parity proof
dcba7fbd421a,src/devnous/gastos/routes/admin_routes.py,10692,admin_finance_payment_history,GET,"[""/admin/finanzas/payment-history""]",/admin/finanzas/payment-history,"[""GET""]","[{""prefix"": """", ""evidence"": ""copa_telmex_dashboard.py:2236"", ""status"": ""include_router_static; conditional/runtime execution unverified""}]",[],[],"[{""key"": ""admin.root"", ""roles"": [""admin"", ""superadmin"", ""super_admin""], ""actions"": [""ver""], ""evidence"": ""src/devnous/gastos/services/access_control_service.py:125""}, {""key"": ""admin.finanzas"", ""roles"": [""finanzas"", ""admin"", ""superadmin"", ""super_admin""], ""actions"": [""ver""], ""evidence"": ""src/devnous/gastos/services/access_control_service.py:230""}]","UNPROVEN: guards/dependencies are evidence, not a complete effective-role matrix",payments,live_entrypoint_static,"[""require_payment_run_access(current_empleado)""]",ROUTE OWNER ONLY; service authority unproven: src/devnous/gastos/routes/admin_routes.py:admin_finance_payment_history,[],payments_admin_finance_payment_history_get_dcba7f,payments:read; never grants business authority,"[""current_empleado"", ""status"", ""date_from"", ""date_to"", ""q""]",current employee + effective faculty + object + organization/legal entity + portfolio/tournament; UNPROVEN,read_candidate; side effects NOT verified,none only after read-purity proof,scoped source IDs/version and redacted durable receipt; writes need canonical transactional dedup + postcondition,"[""role/object/company deny"", ""revoked/expired"", ""isolation"", ""read purity""]",DISABLED; CANONICAL_SCOPE_UNPROVEN; route presence is not adapter or UI parity proof
2968ce4800df,src/devnous/gastos/routes/admin_routes.py,10786,admin_finance_payment_run_update_fecha_pago,POST,"[""/admin/finanzas/payment-run/documentos/{documento_id}/fecha-pago""]",/admin/finanzas/payment-run/documentos/{documento_id}/fecha-pago,"[""POST""]","[{""prefix"": """", ""evidence"": ""copa_telmex_dashboard.py:2236"", ""status"": ""include_router_static; conditional/runtime execution unverified""}]",[],[],"[{""key"": ""admin.root"", ""roles"": [""admin"", ""superadmin"", ""super_admin""], ""actions"": [""ver""], ""evidence"": ""src/devnous/gastos/services/access_control_service.py:125""}, {""key"": ""admin.finanzas"", ""roles"": [""finanzas"", ""admin"", ""superadmin"", ""super_admin""], ""actions"": [""ver""], ""evidence"": ""src/devnous/gastos/services/access_control_service.py:230""}]","UNPROVEN: guards/dependencies are evidence, not a complete effective-role matrix",payments,live_entrypoint_static,"[""require_payment_run_manager(current_empleado)""]",ROUTE OWNER ONLY; service authority unproven: src/devnous/gastos/routes/admin_routes.py:admin_finance_payment_run_update_fecha_pago,[],payments_admin_finance_payment_run_update_fecha_pago_pos_2968ce,payments:write; never grants business authority,"[""documento_id"", ""current_empleado"", ""fecha_pago""]",current employee + effective faculty + object + organization/legal entity + portfolio/tournament; UNPROVEN,write_or_effect_candidate,trusted human approval of exact draft/version/amount/currency/destination/digest; recheck at commit,scoped source IDs/version and redacted durable receipt; writes need canonical transactional dedup + postcondition,"[""role/object/company deny"", ""revoked/expired"", ""isolation"", ""read purity"", ""exact confirmation/version"", ""retry/crash/no duplicates"", ""verified receipt""]",DISABLED; CANONICAL_SCOPE_UNPROVEN; route presence is not adapter or UI parity proof
6c071d3c9bb2,src/devnous/gastos/routes/admin_routes.py,10812,admin_finance_payment_run_close,POST,"[""/admin/finanzas/payment-run/closures""]",/admin/finanzas/payment-run/closures,"[""POST""]","[{""prefix"": """", ""evidence"": ""copa_telmex_dashboard.py:2236"", ""status"": ""include_router_static; conditional/runtime execution unverified""}]",[],[],"[{""key"": ""admin.root"", ""roles"": [""admin"", ""superadmin"", ""super_admin""], ""actions"": [""ver""], ""evidence"": ""src/devnous/gastos/services/access_control_service.py:125""}, {""key"": ""admin.finanzas"", ""roles"": [""finanzas"", ""admin"", ""superadmin"", ""super_admin""], ""actions"": [""ver""], ""evidence"": ""src/devnous/gastos/services/access_control_service.py:230""}]","UNPROVEN: guards/dependencies are evidence, not a complete effective-role matrix",payments,live_entrypoint_static,"[""require_payment_run_manager(current_empleado)""]",ROUTE OWNER ONLY; service authority unproven: src/devnous/gastos/routes/admin_routes.py:admin_finance_payment_run_close,[],payments_admin_finance_payment_run_close_post_6c071d,payments:write; never grants business authority,"[""current_empleado"", ""document_ids"", ""notes"", ""run_date""]",current employee + effective faculty + object + organization/legal entity + portfolio/tournament; UNPROVEN,write_or_effect_candidate,trusted human approval of exact draft/version/amount/currency/destination/digest; recheck at commit,scoped source IDs/version and redacted durable receipt; writes need canonical transactional dedup + postcondition,"[""role/object/company deny"", ""revoked/expired"", ""isolation"", ""read purity"", ""exact confirmation/version"", ""retry/crash/no duplicates"", ""verified receipt""]",DISABLED; CANONICAL_SCOPE_UNPROVEN; route presence is not adapter or UI parity proof
4b8828c429c6,src/devnous/gastos/routes/admin_routes.py,10844,admin_finance_payment_run_upload_payment_proof,POST,"[""/admin/finanzas/payment-run/documentos/{documento_id}/comprobante-pago""]",/admin/finanzas/payment-run/documentos/{documento_id}/comprobante-pago,"[""POST""]","[{""prefix"": """", ""evidence"": ""copa_telmex_dashboard.py:2236"", ""status"": ""include_router_static; conditional/runtime execution unverified""}]",[],[],"[{""key"": ""admin.root"", ""roles"": [""admin"", ""superadmin"", ""super_admin""], ""actions"": [""ver""], ""evidence"": ""src/devnous/gastos/services/access_control_service.py:125""}, {""key"": ""admin.finanzas"", ""roles"": [""finanzas"", ""admin"", ""superadmin"", ""super_admin""], ""actions"": [""ver""], ""evidence"": ""src/devnous/gastos/services/access_control_service.py:230""}]","UNPROVEN: guards/dependencies are evidence, not a complete effective-role matrix",payments,live_entrypoint_static,"[""require_payment_run_access(current_empleado)"", ""require_payment_run_payment_confirmation(current_empleado)""]",ROUTE OWNER ONLY; service authority unproven: src/devnous/gastos/routes/admin_routes.py:admin_finance_payment_run_upload_payment_proof,"[""validate_solicitud_terceros_attachment""]",payments_admin_finance_payment_run_upload_payment_proof__4b8828,payments:write; never grants business authority,"[""documento_id"", ""current_empleado"", ""comprobante_pago"", ""fecha_pago_efectiva"", ""payment_proof_resolution_reason""]",current employee + effective faculty + object + organization/legal entity + portfolio/tournament; UNPROVEN,write_or_effect_candidate,trusted human approval of exact draft/version/amount/currency/destination/digest; recheck at commit,scoped source IDs/version and redacted durable receipt; writes need canonical transactional dedup + postcondition,"[""role/object/company deny"", ""revoked/expired"", ""isolation"", ""read purity"", ""exact confirmation/version"", ""retry/crash/no duplicates"", ""verified receipt""]",DISABLED; CANONICAL_SCOPE_UNPROVEN; route presence is not adapter or UI parity proof
afb858e39245,src/devnous/gastos/routes/admin_routes.py,11002,admin_payment_run_replace_document_proof,POST,"[""/admin/finanzas/payment-run/documento/{documento_id}/sustituir-comprobante""]",/admin/finanzas/payment-run/documento/{documento_id}/sustituir-comprobante,"[""POST""]","[{""prefix"": """", ""evidence"": ""copa_telmex_dashboard.py:2236"", ""status"": ""include_router_static; conditional/runtime execution unverified""}]",[],[],"[{""key"": ""admin.root"", ""roles"": [""admin"", ""superadmin"", ""super_admin""], ""actions"": [""ver""], ""evidence"": ""src/devnous/gastos/services/access_control_service.py:125""}, {""key"": ""admin.finanzas"", ""roles"": [""finanzas"", ""admin"", ""superadmin"", ""super_admin""], ""actions"": [""ver""], ""evidence"": ""src/devnous/gastos/services/access_control_service.py:230""}]","UNPROVEN: guards/dependencies are evidence, not a complete effective-role matrix",payments,live_entrypoint_static,"[""require_payment_run_access(current_empleado)"", ""require_payment_run_payment_confirmation(current_empleado)""]",ROUTE OWNER ONLY; service authority unproven: src/devnous/gastos/routes/admin_routes.py:admin_payment_run_replace_document_proof,"[""session.commit"", ""validate_solicitud_terceros_attachment""]",payments_admin_payment_run_replace_document_proof_post_afb858,payments:write; never grants business authority,"[""documento_id"", ""current_empleado"", ""previous_id"", ""comprobante_pago"", ""motivo"", ""return_to""]",current employee + effective faculty + object + organization/legal entity + portfolio/tournament; UNPROVEN,write_or_effect_candidate,trusted human approval of exact draft/version/amount/currency/destination/digest; recheck at commit,scoped source IDs/version and redacted durable receipt; writes need canonical transactional dedup + postcondition,"[""role/object/company deny"", ""revoked/expired"", ""isolation"", ""read purity"", ""exact confirmation/version"", ""retry/crash/no duplicates"", ""verified receipt""]",DISABLED; CANONICAL_SCOPE_UNPROVEN; route presence is not adapter or UI parity proof
959859b5f82f,src/devnous/gastos/routes/admin_routes.py,11086,admin_payment_run_replace_loan_proof,POST,"[""/admin/finanzas/payment-run/prestamo/{prestamo_id}/sustituir-comprobante""]",/admin/finanzas/payment-run/prestamo/{prestamo_id}/sustituir-comprobante,"[""POST""]","[{""prefix"": """", ""evidence"": ""copa_telmex_dashboard.py:2236"", ""status"": ""include_router_static; conditional/runtime execution unverified""}]",[],[],"[{""key"": ""admin.root"", ""roles"": [""admin"", ""superadmin"", ""super_admin""], ""actions"": [""ver""], ""evidence"": ""src/devnous/gastos/services/access_control_service.py:125""}, {""key"": ""admin.finanzas"", ""roles"": [""finanzas"", ""admin"", ""superadmin"", ""super_admin""], ""actions"": [""ver""], ""evidence"": ""src/devnous/gastos/services/access_control_service.py:230""}]","UNPROVEN: guards/dependencies are evidence, not a complete effective-role matrix",payments,live_entrypoint_static,"[""require_payment_run_access(current_empleado)"", ""require_payment_run_payment_confirmation(current_empleado)""]",ROUTE OWNER ONLY; service authority unproven: src/devnous/gastos/routes/admin_routes.py:admin_payment_run_replace_loan_proof,"[""session.commit"", ""validate_solicitud_terceros_attachment""]",payments_admin_payment_run_replace_loan_proof_post_959859,payments:write; never grants business authority,"[""prestamo_id"", ""current_empleado"", ""comprobante_pago"", ""motivo"", ""previous_id""]",current employee + effective faculty + object + organization/legal entity + portfolio/tournament; UNPROVEN,write_or_effect_candidate,trusted human approval of exact draft/version/amount/currency/destination/digest; recheck at commit,scoped source IDs/version and redacted durable receipt; writes need canonical transactional dedup + postcondition,"[""role/object/company deny"", ""revoked/expired"", ""isolation"", ""read purity"", ""exact confirmation/version"", ""retry/crash/no duplicates"", ""verified receipt""]",DISABLED; CANONICAL_SCOPE_UNPROVEN; route presence is not adapter or UI parity proof
6f5619f1a2b9,src/devnous/gastos/routes/admin_routes.py,11145,admin_payment_run_download_document_proof,GET,"[""/admin/finanzas/payment-run/documento/{documento_id}/comprobante/{adjunto_id}""]",/admin/finanzas/payment-run/documento/{documento_id}/comprobante/{adjunto_id},"[""GET""]","[{""prefix"": """", ""evidence"": ""copa_telmex_dashboard.py:2236"", ""status"": ""include_router_static; conditional/runtime execution unverified""}]",[],[],"[{""key"": ""admin.root"", ""roles"": [""admin"", ""superadmin"", ""super_admin""], ""actions"": [""ver""], ""evidence"": ""src/devnous/gastos/services/access_control_service.py:125""}, {""key"": ""admin.finanzas"", ""roles"": [""finanzas"", ""admin"", ""superadmin"", ""super_admin""], ""actions"": [""ver""], ""evidence"": ""src/devnous/gastos/services/access_control_service.py:230""}]","UNPROVEN: guards/dependencies are evidence, not a complete effective-role matrix",payments,live_entrypoint_static,"[""require_payment_run_access(current_empleado)""]",ROUTE OWNER ONLY; service authority unproven: src/devnous/gastos/routes/admin_routes.py:admin_payment_run_download_document_proof,[],payments_admin_payment_run_download_document_proof_get_6f5619,payments:read; never grants business authority,"[""documento_id"", ""adjunto_id"", ""current_empleado""]",current employee + effective faculty + object + organization/legal entity + portfolio/tournament; UNPROVEN,read_candidate; side effects NOT verified,none only after read-purity proof,scoped source IDs/version and redacted durable receipt; writes need canonical transactional dedup + postcondition,"[""role/object/company deny"", ""revoked/expired"", ""isolation"", ""read purity""]",DISABLED; CANONICAL_SCOPE_UNPROVEN; route presence is not adapter or UI parity proof
f0a45285b35e,src/devnous/gastos/routes/admin_routes.py,11179,admin_payment_run_download_loan_proof,GET,"[""/admin/finanzas/payment-run/prestamo/{prestamo_id}/comprobante/{version}""]",/admin/finanzas/payment-run/prestamo/{prestamo_id}/comprobante/{version},"[""GET""]","[{""prefix"": """", ""evidence"": ""copa_telmex_dashboard.py:2236"", ""status"": ""include_router_static; conditional/runtime execution unverified""}]",[],[],"[{""key"": ""admin.root"", ""roles"": [""admin"", ""superadmin"", ""super_admin""], ""actions"": [""ver""], ""evidence"": ""src/devnous/gastos/services/access_control_service.py:125""}, {""key"": ""admin.finanzas"", ""roles"": [""finanzas"", ""admin"", ""superadmin"", ""super_admin""], ""actions"": [""ver""], ""evidence"": ""src/devnous/gastos/services/access_control_service.py:230""}]","UNPROVEN: guards/dependencies are evidence, not a complete effective-role matrix",payments,live_entrypoint_static,"[""require_payment_run_access(current_empleado)""]",ROUTE OWNER ONLY; service authority unproven: src/devnous/gastos/routes/admin_routes.py:admin_payment_run_download_loan_proof,[],payments_admin_payment_run_download_loan_proof_get_f0a452,payments:read; never grants business authority,"[""prestamo_id"", ""version"", ""current_empleado""]",current employee + effective faculty + object + organization/legal entity + portfolio/tournament; UNPROVEN,read_candidate; side effects NOT verified,none only after read-purity proof,scoped source IDs/version and redacted durable receipt; writes need canonical transactional dedup + postcondition,"[""role/object/company deny"", ""revoked/expired"", ""isolation"", ""read purity""]",DISABLED; CANONICAL_SCOPE_UNPROVEN; route presence is not adapter or UI parity proof
42c6748880f3,src/devnous/gastos/routes/admin_routes.py,11216,admin_finance_payment_run_review_payment_proof,POST,"[""/admin/finanzas/payment-run/documentos/{documento_id}/comprobante-pago/revision""]",/admin/finanzas/payment-run/documentos/{documento_id}/comprobante-pago/revision,"[""POST""]","[{""prefix"": """", ""evidence"": ""copa_telmex_dashboard.py:2236"", ""status"": ""include_router_static; conditional/runtime execution unverified""}]",[],[],"[{""key"": ""admin.root"", ""roles"": [""admin"", ""superadmin"", ""super_admin""], ""actions"": [""ver""], ""evidence"": ""src/devnous/gastos/services/access_control_service.py:125""}, {""key"": ""admin.finanzas"", ""roles"": [""finanzas"", ""admin"", ""superadmin"", ""super_admin""], ""actions"": [""ver""], ""evidence"": ""src/devnous/gastos/services/access_control_service.py:230""}]","UNPROVEN: guards/dependencies are evidence, not a complete effective-role matrix",payments,live_entrypoint_static,"[""require_payment_run_access(current_empleado)"", ""require_payment_run_payment_confirmation(current_empleado)""]",ROUTE OWNER ONLY; service authority unproven: src/devnous/gastos/routes/admin_routes.py:admin_finance_payment_run_review_payment_proof,"[""validate_solicitud_terceros_attachment""]",payments_admin_finance_payment_run_review_payment_proof__42c674,payments:write; never grants business authority,"[""documento_id"", ""current_empleado"", ""comprobante_pago""]",current employee + effective faculty + object + organization/legal entity + portfolio/tournament; UNPROVEN,write_or_effect_candidate,trusted human approval of exact draft/version/amount/currency/destination/digest; recheck at commit,scoped source IDs/version and redacted durable receipt; writes need canonical transactional dedup + postcondition,"[""role/object/company deny"", ""revoked/expired"", ""isolation"", ""read purity"", ""exact confirmation/version"", ""retry/crash/no duplicates"", ""verified receipt""]",DISABLED; CANONICAL_SCOPE_UNPROVEN; route presence is not adapter or UI parity proof
3e25a9ca5762,src/devnous/gastos/routes/admin_routes.py,11281,admin_finance_payment_run_upload_payment_proofs_bulk,POST,"[""/admin/finanzas/payment-run/comprobantes-pago/lote""]",/admin/finanzas/payment-run/comprobantes-pago/lote,"[""POST""]","[{""prefix"": """", ""evidence"": ""copa_telmex_dashboard.py:2236"", ""status"": ""include_router_static; conditional/runtime execution unverified""}]",[],[],"[{""key"": ""admin.root"", ""roles"": [""admin"", ""superadmin"", ""super_admin""], ""actions"": [""ver""], ""evidence"": ""src/devnous/gastos/services/access_control_service.py:125""}, {""key"": ""admin.finanzas"", ""roles"": [""finanzas"", ""admin"", ""superadmin"", ""super_admin""], ""actions"": [""ver""], ""evidence"": ""src/devnous/gastos/services/access_control_service.py:230""}]","UNPROVEN: guards/dependencies are evidence, not a complete effective-role matrix",payments,live_entrypoint_static,"[""require_payment_run_access(current_empleado)"", ""require_payment_run_payment_confirmation(current_empleado)""]",ROUTE OWNER ONLY; service authority unproven: src/devnous/gastos/routes/admin_routes.py:admin_finance_payment_run_upload_payment_proofs_bulk,"[""_build_payment_proof_upload_plan"", ""session.commit"", ""validate_solicitud_terceros_attachment""]",payments_admin_finance_payment_run_upload_payment_proofs_3e25a9,payments:write; never grants business authority,"[""current_empleado"", ""selected_document_ids"", ""proof_document_ids"", ""comprobantes_pago"", ""effective_payment_dates"", ""payment_proof_resolution_reasons"", ""apply_one_to_all""]",current employee + effective faculty + object + organization/legal entity + portfolio/tournament; UNPROVEN,write_or_effect_candidate,trusted human approval of exact draft/version/amount/currency/destination/digest; recheck at commit,scoped source IDs/version and redacted durable receipt; writes need canonical transactional dedup + postcondition,"[""role/object/company deny"", ""revoked/expired"", ""isolation"", ""read purity"", ""exact confirmation/version"", ""retry/crash/no duplicates"", ""verified receipt""]",DISABLED; CANONICAL_SCOPE_UNPROVEN; route presence is not adapter or UI parity proof
e5eeed2b685b,src/devnous/gastos/routes/admin_routes.py,11541,admin_finance_payment_run_closure_order_export,GET,"[""/admin/finanzas/payment-run/closures/{closure_id}/orden-pago.xlsx""]",/admin/finanzas/payment-run/closures/{closure_id}/orden-pago.xlsx,"[""GET""]","[{""prefix"": """", ""evidence"": ""copa_telmex_dashboard.py:2236"", ""status"": ""include_router_static; conditional/runtime execution unverified""}]",[],[],"[{""key"": ""admin.root"", ""roles"": [""admin"", ""superadmin"", ""super_admin""], ""actions"": [""ver""], ""evidence"": ""src/devnous/gastos/services/access_control_service.py:125""}, {""key"": ""admin.finanzas"", ""roles"": [""finanzas"", ""admin"", ""superadmin"", ""super_admin""], ""actions"": [""ver""], ""evidence"": ""src/devnous/gastos/services/access_control_service.py:230""}]","UNPROVEN: guards/dependencies are evidence, not a complete effective-role matrix",payments,live_entrypoint_static,"[""require_payment_run_manager(current_empleado)""]",ROUTE OWNER ONLY; service authority unproven: src/devnous/gastos/routes/admin_routes.py:admin_finance_payment_run_closure_order_export,[],payments_admin_finance_payment_run_closure_order_export__e5eeed,payments:read; never grants business authority,"[""closure_id"", ""current_empleado""]",current employee + effective faculty + object + organization/legal entity + portfolio/tournament; UNPROVEN,read_candidate; side effects NOT verified,none only after read-purity proof,scoped source IDs/version and redacted durable receipt; writes need canonical transactional dedup + postcondition,"[""role/object/company deny"", ""revoked/expired"", ""isolation"", ""read purity""]",DISABLED; CANONICAL_SCOPE_UNPROVEN; route presence is not adapter or UI parity proof
74c89423d039,src/devnous/gastos/routes/admin_routes.py,11570,admin_finance_payment_run_closure_detail,GET,"[""/admin/finanzas/payment-run/closures/{closure_id}""]",/admin/finanzas/payment-run/closures/{closure_id},"[""GET""]","[{""prefix"": """", ""evidence"": ""copa_telmex_dashboard.py:2236"", ""status"": ""include_router_static; conditional/runtime execution unverified""}]",[],[],"[{""key"": ""admin.root"", ""roles"": [""admin"", ""superadmin"", ""super_admin""], ""actions"": [""ver""], ""evidence"": ""src/devnous/gastos/services/access_control_service.py:125""}, {""key"": ""admin.finanzas"", ""roles"": [""finanzas"", ""admin"", ""superadmin"", ""super_admin""], ""actions"": [""ver""], ""evidence"": ""src/devnous/gastos/services/access_control_service.py:230""}]","UNPROVEN: guards/dependencies are evidence, not a complete effective-role matrix",payments,live_entrypoint_static,"[""require_payment_run_access(current_empleado)""]",ROUTE OWNER ONLY; service authority unproven: src/devnous/gastos/routes/admin_routes.py:admin_finance_payment_run_closure_detail,[],payments_admin_finance_payment_run_closure_detail_get_74c894,payments:read; never grants business authority,"[""closure_id"", ""current_empleado""]",current employee + effective faculty + object + organization/legal entity + portfolio/tournament; UNPROVEN,read_candidate; side effects NOT verified,none only after read-purity proof,scoped source IDs/version and redacted durable receipt; writes need canonical transactional dedup + postcondition,"[""role/object/company deny"", ""revoked/expired"", ""isolation"", ""read purity""]",DISABLED; CANONICAL_SCOPE_UNPROVEN; route presence is not adapter or UI parity proof
fef551c14d99,src/devnous/gastos/routes/admin_routes.py,11653,admin_finance_payment_run_pay,POST,"[""/admin/finanzas/payment-run/pay""]",/admin/finanzas/payment-run/pay,"[""POST""]","[{""prefix"": """", ""evidence"": ""copa_telmex_dashboard.py:2236"", ""status"": ""include_router_static; conditional/runtime execution unverified""}]",[],[],"[{""key"": ""admin.root"", ""roles"": [""admin"", ""superadmin"", ""super_admin""], ""actions"": [""ver""], ""evidence"": ""src/devnous/gastos/services/access_control_service.py:125""}, {""key"": ""admin.finanzas"", ""roles"": [""finanzas"", ""admin"", ""superadmin"", ""super_admin""], ""actions"": [""ver""], ""evidence"": ""src/devnous/gastos/services/access_control_service.py:230""}]","UNPROVEN: guards/dependencies are evidence, not a complete effective-role matrix",payments,live_entrypoint_static,"[""NO_LOCAL_GUARD_FOUND; inherited/middleware review required""]",ROUTE OWNER ONLY; service authority unproven: src/devnous/gastos/routes/admin_routes.py:admin_finance_payment_run_pay,[],payments_admin_finance_payment_run_pay_post_fef551,payments:write; never grants business authority,"[""current_empleado"", ""document_ids"", ""year"", ""month""]",current employee + effective faculty + object + organization/legal entity + portfolio/tournament; UNPROVEN,write_or_effect_candidate,trusted human approval of exact draft/version/amount/currency/destination/digest; recheck at commit,scoped source IDs/version and redacted durable receipt; writes need canonical transactional dedup + postcondition,"[""role/object/company deny"", ""revoked/expired"", ""isolation"", ""read purity"", ""exact confirmation/version"", ""retry/crash/no duplicates"", ""verified receipt""]",DISABLED; CANONICAL_SCOPE_UNPROVEN; route presence is not adapter or UI parity proof
c1c17cb0db3d,src/devnous/gastos/routes/admin_routes.py,11675,admin_finance_classify_coi_pending,POST,"[""/admin/finanzas/coi-pendientes/clasificar""]",/admin/finanzas/coi-pendientes/clasificar,"[""POST""]","[{""prefix"": """", ""evidence"": ""copa_telmex_dashboard.py:2236"", ""status"": ""include_router_static; conditional/runtime execution unverified""}]",[],[],"[{""key"": ""admin.root"", ""roles"": [""admin"", ""superadmin"", ""super_admin""], ""actions"": [""ver""], ""evidence"": ""src/devnous/gastos/services/access_control_service.py:125""}, {""key"": ""admin.finanzas"", ""roles"": [""finanzas"", ""admin"", ""superadmin"", ""super_admin""], ""actions"": [""ver""], ""evidence"": ""src/devnous/gastos/services/access_control_service.py:230""}]","UNPROVEN: guards/dependencies are evidence, not a complete effective-role matrix",accounting,live_entrypoint_static,"[""require_admin_finanzas()""]",ROUTE OWNER ONLY; service authority unproven: src/devnous/gastos/routes/admin_routes.py:admin_finance_classify_coi_pending,"[""session.commit""]",accounting_admin_finance_classify_coi_pending_post_c1c17c,accounting:write; never grants business authority,"[""current_empleado""]",current employee + effective faculty + object + organization/legal entity + portfolio/tournament; UNPROVEN,write_or_effect_candidate,trusted human approval of exact draft/version/amount/currency/destination/digest; recheck at commit,scoped source IDs/version and redacted durable receipt; writes need canonical transactional dedup + postcondition,"[""role/object/company deny"", ""revoked/expired"", ""isolation"", ""read purity"", ""exact confirmation/version"", ""retry/crash/no duplicates"", ""verified receipt""]",DISABLED; CANONICAL_SCOPE_UNPROVEN; route presence is not adapter or UI parity proof
64307ac14fb0,src/devnous/gastos/routes/admin_routes.py,11817,admin_finance_link_diot_blockers_cfdi,POST,"[""/admin/finanzas/diot-blockers/link-cfdi""]",/admin/finanzas/diot-blockers/link-cfdi,"[""POST""]","[{""prefix"": """", ""evidence"": ""copa_telmex_dashboard.py:2236"", ""status"": ""include_router_static; conditional/runtime execution unverified""}]",[],[],"[{""key"": ""admin.root"", ""roles"": [""admin"", ""superadmin"", ""super_admin""], ""actions"": [""ver""], ""evidence"": ""src/devnous/gastos/services/access_control_service.py:125""}, {""key"": ""admin.finanzas"", ""roles"": [""finanzas"", ""admin"", ""superadmin"", ""super_admin""], ""actions"": [""ver""], ""evidence"": ""src/devnous/gastos/services/access_control_service.py:230""}]","UNPROVEN: guards/dependencies are evidence, not a complete effective-role matrix",accounting,live_entrypoint_static,"[""require_admin_finanzas()""]",ROUTE OWNER ONLY; service authority unproven: src/devnous/gastos/routes/admin_routes.py:admin_finance_link_diot_blockers_cfdi,"[""session.commit""]",accounting_admin_finance_link_diot_blockers_cfdi_post_64307a,accounting:write; never grants business authority,"[""current_empleado""]",current employee + effective faculty + object + organization/legal entity + portfolio/tournament; UNPROVEN,write_or_effect_candidate,trusted human approval of exact draft/version/amount/currency/destination/digest; recheck at commit,scoped source IDs/version and redacted durable receipt; writes need canonical transactional dedup + postcondition,"[""role/object/company deny"", ""revoked/expired"", ""isolation"", ""read purity"", ""exact confirmation/version"", ""retry/crash/no duplicates"", ""verified receipt""]",DISABLED; CANONICAL_SCOPE_UNPROVEN; route presence is not adapter or UI parity proof
463b69d6f7d6,src/devnous/gastos/routes/admin_routes.py,12233,admin_soul_wizard,GET,"[""/admin/sports/soul-wizard""]",/admin/sports/soul-wizard,"[""GET""]","[{""prefix"": """", ""evidence"": ""copa_telmex_dashboard.py:2236"", ""status"": ""include_router_static; conditional/runtime execution unverified""}]",[],[],"[{""key"": ""admin.root"", ""roles"": [""admin"", ""superadmin"", ""super_admin""], ""actions"": [""ver""], ""evidence"": ""src/devnous/gastos/services/access_control_service.py:125""}]","UNPROVEN: guards/dependencies are evidence, not a complete effective-role matrix",operations,live_entrypoint_static,"[""NO_LOCAL_GUARD_FOUND; inherited/middleware review required""]",ROUTE OWNER ONLY; service authority unproven: src/devnous/gastos/routes/admin_routes.py:admin_soul_wizard,[],operations_admin_soul_wizard_get_463b69,operations:read; never grants business authority,"[""current_empleado""]",current employee + effective faculty + object + organization/legal entity + portfolio/tournament; UNPROVEN,read_candidate; side effects NOT verified,none only after read-purity proof,scoped source IDs/version and redacted durable receipt; writes need canonical transactional dedup + postcondition,"[""role/object/company deny"", ""revoked/expired"", ""isolation"", ""read purity""]",DISABLED; CANONICAL_SCOPE_UNPROVEN; route presence is not adapter or UI parity proof
4e35a30758ee,src/devnous/gastos/routes/admin_routes.py,12247,admin_soul_wizard_review,POST,"[""/admin/sports/soul-wizard""]",/admin/sports/soul-wizard,"[""POST""]","[{""prefix"": """", ""evidence"": ""copa_telmex_dashboard.py:2236"", ""status"": ""include_router_static; conditional/runtime execution unverified""}]",[],[],"[{""key"": ""admin.root"", ""roles"": [""admin"", ""superadmin"", ""super_admin""], ""actions"": [""ver""], ""evidence"": ""src/devnous/gastos/services/access_control_service.py:125""}]","UNPROVEN: guards/dependencies are evidence, not a complete effective-role matrix",operations,live_entrypoint_static,"[""NO_LOCAL_GUARD_FOUND; inherited/middleware review required""]",ROUTE OWNER ONLY; service authority unproven: src/devnous/gastos/routes/admin_routes.py:admin_soul_wizard_review,"[""build_soul_wizard_payload_from_form""]",operations_admin_soul_wizard_review_post_4e35a3,operations:write; never grants business authority,"[""current_empleado"", ""_csrf""]",current employee + effective faculty + object + organization/legal entity + portfolio/tournament; UNPROVEN,write_or_effect_candidate,trusted human approval of exact draft/version/amount/currency/destination/digest; recheck at commit,scoped source IDs/version and redacted durable receipt; writes need canonical transactional dedup + postcondition,"[""role/object/company deny"", ""revoked/expired"", ""isolation"", ""read purity"", ""exact confirmation/version"", ""retry/crash/no duplicates"", ""verified receipt""]",DISABLED; CANONICAL_SCOPE_UNPROVEN; route presence is not adapter or UI parity proof
d6da5c2bffba,src/devnous/gastos/routes/admin_routes.py,12266,admin_tournaments,GET,"[""/admin/torneos""]",/admin/torneos,"[""GET""]","[{""prefix"": """", ""evidence"": ""copa_telmex_dashboard.py:2236"", ""status"": ""include_router_static; conditional/runtime execution unverified""}]",[],[],"[{""key"": ""admin.root"", ""roles"": [""admin"", ""superadmin"", ""super_admin""], ""actions"": [""ver""], ""evidence"": ""src/devnous/gastos/services/access_control_service.py:125""}, {""key"": ""admin.torneos"", ""roles"": [""finanzas"", ""admin"", ""superadmin"", ""super_admin""], ""actions"": [""ver"", ""crear"", ""editar""], ""evidence"": ""src/devnous/gastos/services/access_control_service.py:265""}]","UNPROVEN: guards/dependencies are evidence, not a complete effective-role matrix",operations,live_entrypoint_static,"[""_ensure_tournaments_admin_schema(session)""]",ROUTE OWNER ONLY; service authority unproven: src/devnous/gastos/routes/admin_routes.py:admin_tournaments,[],operations_admin_tournaments_get_d6da5c,operations:read; never grants business authority,"[""current_empleado""]",current employee + effective faculty + object + organization/legal entity + portfolio/tournament; UNPROVEN,read_candidate; side effects NOT verified,none only after read-purity proof,scoped source IDs/version and redacted durable receipt; writes need canonical transactional dedup + postcondition,"[""role/object/company deny"", ""revoked/expired"", ""isolation"", ""read purity""]",DISABLED; CANONICAL_SCOPE_UNPROVEN; route presence is not adapter or UI parity proof
3572b65e16c9,src/devnous/gastos/routes/admin_routes.py,12704,admin_tournaments_domain_alignment,GET,"[""/admin/torneos/domain-alignment""]",/admin/torneos/domain-alignment,"[""GET""]","[{""prefix"": """", ""evidence"": ""copa_telmex_dashboard.py:2236"", ""status"": ""include_router_static; conditional/runtime execution unverified""}]",[],[],"[{""key"": ""admin.root"", ""roles"": [""admin"", ""superadmin"", ""super_admin""], ""actions"": [""ver""], ""evidence"": ""src/devnous/gastos/services/access_control_service.py:125""}, {""key"": ""admin.torneos"", ""roles"": [""finanzas"", ""admin"", ""superadmin"", ""super_admin""], ""actions"": [""ver"", ""crear"", ""editar""], ""evidence"": ""src/devnous/gastos/services/access_control_service.py:265""}]","UNPROVEN: guards/dependencies are evidence, not a complete effective-role matrix",operations,live_entrypoint_static,"[""NO_LOCAL_GUARD_FOUND; inherited/middleware review required""]",ROUTE OWNER ONLY; service authority unproven: src/devnous/gastos/routes/admin_routes.py:admin_tournaments_domain_alignment,[],operations_admin_tournaments_domain_alignment_get_3572b6,operations:read; never grants business authority,"[""current_empleado""]",current employee + effective faculty + object + organization/legal entity + portfolio/tournament; UNPROVEN,read_candidate; side effects NOT verified,none only after read-purity proof,scoped source IDs/version and redacted durable receipt; writes need canonical transactional dedup + postcondition,"[""role/object/company deny"", ""revoked/expired"", ""isolation"", ""read purity""]",DISABLED; CANONICAL_SCOPE_UNPROVEN; route presence is not adapter or UI parity proof
463a9c3f1a5b,src/devnous/gastos/routes/admin_routes.py,12717,admin_tournaments_domain_alignment_run,POST,"[""/admin/torneos/domain-alignment/run""]",/admin/torneos/domain-alignment/run,"[""POST""]","[{""prefix"": """", ""evidence"": ""copa_telmex_dashboard.py:2236"", ""status"": ""include_router_static; conditional/runtime execution unverified""}]",[],[],"[{""key"": ""admin.root"", ""roles"": [""admin"", ""superadmin"", ""super_admin""], ""actions"": [""ver""], ""evidence"": ""src/devnous/gastos/services/access_control_service.py:125""}, {""key"": ""admin.torneos"", ""roles"": [""finanzas"", ""admin"", ""superadmin"", ""super_admin""], ""actions"": [""ver"", ""crear"", ""editar""], ""evidence"": ""src/devnous/gastos/services/access_control_service.py:265""}]","UNPROVEN: guards/dependencies are evidence, not a complete effective-role matrix",operations,live_entrypoint_static,"[""(scope or ACTIVE_TOURNAMENT_SCOPE).strip()"", ""(scope or ACTIVE_TOURNAMENT_SCOPE).strip().lower()""]",ROUTE OWNER ONLY; service authority unproven: src/devnous/gastos/routes/admin_routes.py:admin_tournaments_domain_alignment_run,[],operations_admin_tournaments_domain_alignment_run_post_463a9c,operations:write; never grants business authority,"[""mode"", ""scope"", ""tournament_slug"", ""team_limit"", ""current_empleado"", ""_csrf""]",current employee + effective faculty + object + organization/legal entity + portfolio/tournament; UNPROVEN,write_or_effect_candidate,trusted human approval of exact draft/version/amount/currency/destination/digest; recheck at commit,scoped source IDs/version and redacted durable receipt; writes need canonical transactional dedup + postcondition,"[""role/object/company deny"", ""revoked/expired"", ""isolation"", ""read purity"", ""exact confirmation/version"", ""retry/crash/no duplicates"", ""verified receipt""]",DISABLED; CANONICAL_SCOPE_UNPROVEN; route presence is not adapter or UI parity proof
4a63452f1bb4,src/devnous/gastos/routes/admin_routes.py,12841,admin_tournaments_domain_alignment_audit,POST,"[""/admin/torneos/domain-alignment/audit""]",/admin/torneos/domain-alignment/audit,"[""POST""]","[{""prefix"": """", ""evidence"": ""copa_telmex_dashboard.py:2236"", ""status"": ""include_router_static; conditional/runtime execution unverified""}]",[],[],"[{""key"": ""admin.root"", ""roles"": [""admin"", ""superadmin"", ""super_admin""], ""actions"": [""ver""], ""evidence"": ""src/devnous/gastos/services/access_control_service.py:125""}, {""key"": ""admin.torneos"", ""roles"": [""finanzas"", ""admin"", ""superadmin"", ""super_admin""], ""actions"": [""ver"", ""crear"", ""editar""], ""evidence"": ""src/devnous/gastos/services/access_control_service.py:265""}]","UNPROVEN: guards/dependencies are evidence, not a complete effective-role matrix",operations,live_entrypoint_static,"[""(scope or ACTIVE_TOURNAMENT_SCOPE).strip()"", ""(scope or ACTIVE_TOURNAMENT_SCOPE).strip().lower()""]",ROUTE OWNER ONLY; service authority unproven: src/devnous/gastos/routes/admin_routes.py:admin_tournaments_domain_alignment_audit,[],operations_admin_tournaments_domain_alignment_audit_post_4a6345,operations:write; never grants business authority,"[""scope"", ""tournament_slug"", ""team_limit"", ""current_empleado"", ""_csrf""]",current employee + effective faculty + object + organization/legal entity + portfolio/tournament; UNPROVEN,write_or_effect_candidate,trusted human approval of exact draft/version/amount/currency/destination/digest; recheck at commit,scoped source IDs/version and redacted durable receipt; writes need canonical transactional dedup + postcondition,"[""role/object/company deny"", ""revoked/expired"", ""isolation"", ""read purity"", ""exact confirmation/version"", ""retry/crash/no duplicates"", ""verified receipt""]",DISABLED; CANONICAL_SCOPE_UNPROVEN; route presence is not adapter or UI parity proof
866179572010,src/devnous/gastos/routes/admin_routes.py,12958,create_tournament,POST,"[""/admin/torneos/create""]",/admin/torneos/create,"[""POST""]","[{""prefix"": """", ""evidence"": ""copa_telmex_dashboard.py:2236"", ""status"": ""include_router_static; conditional/runtime execution unverified""}]",[],[],"[{""key"": ""admin.root"", ""roles"": [""admin"", ""superadmin"", ""super_admin""], ""actions"": [""ver""], ""evidence"": ""src/devnous/gastos/services/access_control_service.py:125""}, {""key"": ""admin.torneos"", ""roles"": [""finanzas"", ""admin"", ""superadmin"", ""super_admin""], ""actions"": [""ver"", ""crear"", ""editar""], ""evidence"": ""src/devnous/gastos/services/access_control_service.py:265""}]","UNPROVEN: guards/dependencies are evidence, not a complete effective-role matrix",operations,live_entrypoint_static,"[""_ensure_tournaments_admin_schema(session)""]",ROUTE OWNER ONLY; service authority unproven: src/devnous/gastos/routes/admin_routes.py:create_tournament,"[""session.commit""]",operations_create_tournament_post_866179,operations:write; never grants business authority,"[""name"", ""description"", ""display_order"", ""cuenta_contable_relacionada"", ""etapas"", ""categorias"", ""active"", ""current_empleado"", ""_csrf""]",current employee + effective faculty + object + organization/legal entity + portfolio/tournament; UNPROVEN,write_or_effect_candidate,trusted human approval of exact draft/version/amount/currency/destination/digest; recheck at commit,scoped source IDs/version and redacted durable receipt; writes need canonical transactional dedup + postcondition,"[""role/object/company deny"", ""revoked/expired"", ""isolation"", ""read purity"", ""exact confirmation/version"", ""retry/crash/no duplicates"", ""verified receipt""]",DISABLED; CANONICAL_SCOPE_UNPROVEN; route presence is not adapter or UI parity proof
212521e99097,src/devnous/gastos/routes/admin_routes.py,13023,create_tournament_from_operations,POST,"[""/admin/torneos/create/from-torneo""]",/admin/torneos/create/from-torneo,"[""POST""]","[{""prefix"": """", ""evidence"": ""copa_telmex_dashboard.py:2236"", ""status"": ""include_router_static; conditional/runtime execution unverified""}]",[],[],"[{""key"": ""admin.root"", ""roles"": [""admin"", ""superadmin"", ""super_admin""], ""actions"": [""ver""], ""evidence"": ""src/devnous/gastos/services/access_control_service.py:125""}, {""key"": ""admin.torneos"", ""roles"": [""finanzas"", ""admin"", ""superadmin"", ""super_admin""], ""actions"": [""ver"", ""crear"", ""editar""], ""evidence"": ""src/devnous/gastos/services/access_control_service.py:265""}]","UNPROVEN: guards/dependencies are evidence, not a complete effective-role matrix",operations,live_entrypoint_static,"[""_ensure_tournaments_admin_schema(session)""]",ROUTE OWNER ONLY; service authority unproven: src/devnous/gastos/routes/admin_routes.py:create_tournament_from_operations,"[""session.commit""]",operations_create_tournament_from_operations_post_212521,operations:write; never grants business authority,"[""linked_operations_tournament_id"", ""display_order"", ""active"", ""current_empleado"", ""_csrf""]",current employee + effective faculty + object + organization/legal entity + portfolio/tournament; UNPROVEN,write_or_effect_candidate,trusted human approval of exact draft/version/amount/currency/destination/digest; recheck at commit,scoped source IDs/version and redacted durable receipt; writes need canonical transactional dedup + postcondition,"[""role/object/company deny"", ""revoked/expired"", ""isolation"", ""read purity"", ""exact confirmation/version"", ""retry/crash/no duplicates"", ""verified receipt""]",DISABLED; CANONICAL_SCOPE_UNPROVEN; route presence is not adapter or UI parity proof
b70054abc36f,src/devnous/gastos/routes/admin_routes.py,13108,link_tournament_to_operations,POST,"[""/admin/torneos/link/{tournament_id}""]",/admin/torneos/link/{tournament_id},"[""POST""]","[{""prefix"": """", ""evidence"": ""copa_telmex_dashboard.py:2236"", ""status"": ""include_router_static; conditional/runtime execution unverified""}]","[""src/devnous/gastos/routes/admin_routes.py:2096:_require_legacy_gastos_project_mutable""]",[],"[{""key"": ""admin.root"", ""roles"": [""admin"", ""superadmin"", ""super_admin""], ""actions"": [""ver""], ""evidence"": ""src/devnous/gastos/services/access_control_service.py:125""}, {""key"": ""admin.torneos"", ""roles"": [""finanzas"", ""admin"", ""superadmin"", ""super_admin""], ""actions"": [""ver"", ""crear"", ""editar""], ""evidence"": ""src/devnous/gastos/services/access_control_service.py:265""}]","UNPROVEN: guards/dependencies are evidence, not a complete effective-role matrix",operations,live_entrypoint_static,"[""_ensure_tournaments_admin_schema(session)"", ""_require_legacy_gastos_project_mutable(session, tournament_id)""]",ROUTE OWNER ONLY; service authority unproven: src/devnous/gastos/routes/admin_routes.py:link_tournament_to_operations,"[""session.commit""]",operations_link_tournament_to_operations_post_b70054,operations:write; never grants business authority,"[""tournament_id"", ""linked_operations_tournament_id"", ""current_empleado"", ""_csrf""]",current employee + effective faculty + object + organization/legal entity + portfolio/tournament; UNPROVEN,write_or_effect_candidate,trusted human approval of exact draft/version/amount/currency/destination/digest; recheck at commit,scoped source IDs/version and redacted durable receipt; writes need canonical transactional dedup + postcondition,"[""role/object/company deny"", ""revoked/expired"", ""isolation"", ""read purity"", ""exact confirmation/version"", ""retry/crash/no duplicates"", ""verified receipt""]",DISABLED; CANONICAL_SCOPE_UNPROVEN; route presence is not adapter or UI parity proof
d863aa7a2540,src/devnous/gastos/routes/admin_routes.py,13173,edit_tournament_form,GET,"[""/admin/torneos/edit/{tournament_id}""]",/admin/torneos/edit/{tournament_id},"[""GET""]","[{""prefix"": """", ""evidence"": ""copa_telmex_dashboard.py:2236"", ""status"": ""include_router_static; conditional/runtime execution unverified""}]","[""src/devnous/gastos/routes/admin_routes.py:2096:_require_legacy_gastos_project_mutable""]",[],"[{""key"": ""admin.root"", ""roles"": [""admin"", ""superadmin"", ""super_admin""], ""actions"": [""ver""], ""evidence"": ""src/devnous/gastos/services/access_control_service.py:125""}, {""key"": ""admin.torneos"", ""roles"": [""finanzas"", ""admin"", ""superadmin"", ""super_admin""], ""actions"": [""ver"", ""crear"", ""editar""], ""evidence"": ""src/devnous/gastos/services/access_control_service.py:265""}]","UNPROVEN: guards/dependencies are evidence, not a complete effective-role matrix",operations,live_entrypoint_static,"[""_ensure_tournaments_admin_schema(session)"", ""_require_legacy_gastos_project_mutable(session, tournament_id)""]",ROUTE OWNER ONLY; service authority unproven: src/devnous/gastos/routes/admin_routes.py:edit_tournament_form,[],operations_edit_tournament_form_get_d863aa,operations:read; never grants business authority,"[""tournament_id"", ""current_empleado""]",current employee + effective faculty + object + organization/legal entity + portfolio/tournament; UNPROVEN,read_candidate; side effects NOT verified,none only after read-purity proof,scoped source IDs/version and redacted durable receipt; writes need canonical transactional dedup + postcondition,"[""role/object/company deny"", ""revoked/expired"", ""isolation"", ""read purity""]",DISABLED; CANONICAL_SCOPE_UNPROVEN; route presence is not adapter or UI parity proof
1fc3ce351c06,src/devnous/gastos/routes/admin_routes.py,13349,update_tournament,POST,"[""/admin/torneos/update/{tournament_id}""]",/admin/torneos/update/{tournament_id},"[""POST""]","[{""prefix"": """", ""evidence"": ""copa_telmex_dashboard.py:2236"", ""status"": ""include_router_static; conditional/runtime execution unverified""}]","[""src/devnous/gastos/routes/admin_routes.py:2096:_require_legacy_gastos_project_mutable""]",[],"[{""key"": ""admin.root"", ""roles"": [""admin"", ""superadmin"", ""super_admin""], ""actions"": [""ver""], ""evidence"": ""src/devnous/gastos/services/access_control_service.py:125""}, {""key"": ""admin.torneos"", ""roles"": [""finanzas"", ""admin"", ""superadmin"", ""super_admin""], ""actions"": [""ver"", ""crear"", ""editar""], ""evidence"": ""src/devnous/gastos/services/access_control_service.py:265""}]","UNPROVEN: guards/dependencies are evidence, not a complete effective-role matrix",operations,live_entrypoint_static,"[""_ensure_tournaments_admin_schema(session)"", ""_require_legacy_gastos_project_mutable(session, tournament_id)"", ""clear_budget_concept_scope_for_tournament(session, tournament_id=str(tournament.id), commit=False)"", ""tournament_scope_config_changed(previous_etapas=tournament.etapas, previous_categorias=tournament.categorias, next_etapas=etapas_list, next_categorias=categorias_list)""]",ROUTE OWNER ONLY; service authority unproven: src/devnous/gastos/routes/admin_routes.py:update_tournament,"[""session.commit""]",operations_update_tournament_post_1fc3ce,operations:write; never grants business authority,"[""tournament_id"", ""name"", ""description"", ""display_order"", ""cuenta_contable_relacionada"", ""etapas"", ""categorias"", ""current_empleado"", ""_csrf""]",current employee + effective faculty + object + organization/legal entity + portfolio/tournament; UNPROVEN,write_or_effect_candidate,trusted human approval of exact draft/version/amount/currency/destination/digest; recheck at commit,scoped source IDs/version and redacted durable receipt; writes need canonical transactional dedup + postcondition,"[""role/object/company deny"", ""revoked/expired"", ""isolation"", ""read purity"", ""exact confirmation/version"", ""retry/crash/no duplicates"", ""verified receipt""]",DISABLED; CANONICAL_SCOPE_UNPROVEN; route presence is not adapter or UI parity proof
cdcc4a4ea235,src/devnous/gastos/routes/admin_routes.py,13461,toggle_tournament,POST,"[""/admin/torneos/toggle/{tournament_id}""]",/admin/torneos/toggle/{tournament_id},"[""POST""]","[{""prefix"": """", ""evidence"": ""copa_telmex_dashboard.py:2236"", ""status"": ""include_router_static; conditional/runtime execution unverified""}]","[""src/devnous/gastos/routes/admin_routes.py:2096:_require_legacy_gastos_project_mutable""]",[],"[{""key"": ""admin.root"", ""roles"": [""admin"", ""superadmin"", ""super_admin""], ""actions"": [""ver""], ""evidence"": ""src/devnous/gastos/services/access_control_service.py:125""}, {""key"": ""admin.torneos"", ""roles"": [""finanzas"", ""admin"", ""superadmin"", ""super_admin""], ""actions"": [""ver"", ""crear"", ""editar""], ""evidence"": ""src/devnous/gastos/services/access_control_service.py:265""}]","UNPROVEN: guards/dependencies are evidence, not a complete effective-role matrix",operations,live_entrypoint_static,"[""_ensure_tournaments_admin_schema(session)"", ""_require_legacy_gastos_project_mutable(session, tournament_id)""]",ROUTE OWNER ONLY; service authority unproven: src/devnous/gastos/routes/admin_routes.py:toggle_tournament,"[""session.commit""]",operations_toggle_tournament_post_cdcc4a,operations:write; never grants business authority,"[""tournament_id"", ""current_empleado"", ""_csrf""]",current employee + effective faculty + object + organization/legal entity + portfolio/tournament; UNPROVEN,write_or_effect_candidate,trusted human approval of exact draft/version/amount/currency/destination/digest; recheck at commit,scoped source IDs/version and redacted durable receipt; writes need canonical transactional dedup + postcondition,"[""role/object/company deny"", ""revoked/expired"", ""isolation"", ""read purity"", ""exact confirmation/version"", ""retry/crash/no duplicates"", ""verified receipt""]",DISABLED; CANONICAL_SCOPE_UNPROVEN; route presence is not adapter or UI parity proof
e0774605b4df,src/devnous/gastos/routes/admin_routes.py,13499,delete_tournament,POST,"[""/admin/torneos/delete/{tournament_id}""]",/admin/torneos/delete/{tournament_id},"[""POST""]","[{""prefix"": """", ""evidence"": ""copa_telmex_dashboard.py:2236"", ""status"": ""include_router_static; conditional/runtime execution unverified""}]","[""src/devnous/gastos/routes/admin_routes.py:2096:_require_legacy_gastos_project_mutable""]",[],"[{""key"": ""admin.root"", ""roles"": [""admin"", ""superadmin"", ""super_admin""], ""actions"": [""ver""], ""evidence"": ""src/devnous/gastos/services/access_control_service.py:125""}, {""key"": ""admin.torneos"", ""roles"": [""finanzas"", ""admin"", ""superadmin"", ""super_admin""], ""actions"": [""ver"", ""crear"", ""editar""], ""evidence"": ""src/devnous/gastos/services/access_control_service.py:265""}]","UNPROVEN: guards/dependencies are evidence, not a complete effective-role matrix",operations,live_entrypoint_static,"[""_ensure_tournaments_admin_schema(session)"", ""_require_legacy_gastos_project_mutable(session, tournament_id)""]",ROUTE OWNER ONLY; service authority unproven: src/devnous/gastos/routes/admin_routes.py:delete_tournament,"[""session.commit""]",operations_delete_tournament_post_e07746,operations:write; never grants business authority,"[""tournament_id"", ""current_empleado"", ""_csrf""]",current employee + effective faculty + object + organization/legal entity + portfolio/tournament; UNPROVEN,write_or_effect_candidate,trusted human approval of exact draft/version/amount/currency/destination/digest; recheck at commit,scoped source IDs/version and redacted durable receipt; writes need canonical transactional dedup + postcondition,"[""role/object/company deny"", ""revoked/expired"", ""isolation"", ""read purity"", ""exact confirmation/version"", ""retry/crash/no duplicates"", ""verified receipt""]",DISABLED; CANONICAL_SCOPE_UNPROVEN; route presence is not adapter or UI parity proof
66a5d451dc4c,src/devnous/gastos/routes/admin_routes.py,13537,get_tournaments_api,GET,"[""/api/torneos""]",/api/torneos,"[""GET""]","[{""prefix"": """", ""evidence"": ""copa_telmex_dashboard.py:2236"", ""status"": ""include_router_static; conditional/runtime execution unverified""}]",[],[],[],"UNPROVEN: guards/dependencies are evidence, not a complete effective-role matrix",operations,live_entrypoint_static,"[""_ensure_tournaments_admin_schema(session)""]",ROUTE OWNER ONLY; service authority unproven: src/devnous/gastos/routes/admin_routes.py:get_tournaments_api,[],operations_get_tournaments_api_get_66a5d4,operations:read; never grants business authority,"[""active_only""]",current employee + effective faculty + object + organization/legal entity + portfolio/tournament; UNPROVEN,read_candidate; side effects NOT verified,none only after read-purity proof,scoped source IDs/version and redacted durable receipt; writes need canonical transactional dedup + postcondition,"[""role/object/company deny"", ""revoked/expired"", ""isolation"", ""read purity""]",DISABLED; CANONICAL_SCOPE_UNPROVEN; route presence is not adapter or UI parity proof
79e12c5b755a,src/devnous/gastos/routes/admin_routes.py,13556,get_tournament_etapas_api,GET,"[""/api/torneos/{tournament_id}/etapas""]",/api/torneos/{tournament_id}/etapas,"[""GET""]","[{""prefix"": """", ""evidence"": ""copa_telmex_dashboard.py:2236"", ""status"": ""include_router_static; conditional/runtime execution unverified""}]",[],[],[],"UNPROVEN: guards/dependencies are evidence, not a complete effective-role matrix",operations,live_entrypoint_static,"[""get_tournament_scope_labels(tournament)"", ""get_tournament_scope_options(tournament)""]",ROUTE OWNER ONLY; service authority unproven: src/devnous/gastos/routes/admin_routes.py:get_tournament_etapas_api,[],operations_get_tournament_etapas_api_get_79e12c,operations:read; never grants business authority,"[""tournament_id""]",current employee + effective faculty + object + organization/legal entity + portfolio/tournament; UNPROVEN,read_candidate; side effects NOT verified,none only after read-purity proof,scoped source IDs/version and redacted durable receipt; writes need canonical transactional dedup + postcondition,"[""role/object/company deny"", ""revoked/expired"", ""isolation"", ""read purity""]",DISABLED; CANONICAL_SCOPE_UNPROVEN; route presence is not adapter or UI parity proof
ae60be9b414a,src/devnous/gastos/routes/admin_routes.py,13581,get_tournament_partidas_presupuestales_api,GET,"[""/api/torneos/{tournament_id}/partidas-presupuestales""]",/api/torneos/{tournament_id}/partidas-presupuestales,"[""GET""]","[{""prefix"": """", ""evidence"": ""copa_telmex_dashboard.py:2236"", ""status"": ""include_router_static; conditional/runtime execution unverified""}]",[],[],[],"UNPROVEN: guards/dependencies are evidence, not a complete effective-role matrix",operations,live_entrypoint_static,"[""NO_LOCAL_GUARD_FOUND; inherited/middleware review required""]",ROUTE OWNER ONLY; service authority unproven: src/devnous/gastos/routes/admin_routes.py:get_tournament_partidas_presupuestales_api,[],operations_get_tournament_partidas_presupuestales_api_ge_ae60be,operations:read; never grants business authority,"[""tournament_id"", ""fase""]",current employee + effective faculty + object + organization/legal entity + portfolio/tournament; UNPROVEN,read_candidate; side effects NOT verified,none only after read-purity proof,scoped source IDs/version and redacted durable receipt; writes need canonical transactional dedup + postcondition,"[""role/object/company deny"", ""revoked/expired"", ""isolation"", ""read purity""]",DISABLED; CANONICAL_SCOPE_UNPROVEN; route presence is not adapter or UI parity proof
594e1de131d7,src/devnous/gastos/routes/admin_routes.py,13644,admin_rfc,GET,"[""/admin/rfc""]",/admin/rfc,"[""GET""]","[{""prefix"": """", ""evidence"": ""copa_telmex_dashboard.py:2236"", ""status"": ""include_router_static; conditional/runtime execution unverified""}]",[],[],"[{""key"": ""admin.root"", ""roles"": [""admin"", ""superadmin"", ""super_admin""], ""actions"": [""ver""], ""evidence"": ""src/devnous/gastos/services/access_control_service.py:125""}, {""key"": ""admin.rfc"", ""roles"": [""finanzas"", ""admin"", ""superadmin"", ""super_admin""], ""actions"": [""ver"", ""crear"", ""editar""], ""evidence"": ""src/devnous/gastos/services/access_control_service.py:292""}]","UNPROVEN: guards/dependencies are evidence, not a complete effective-role matrix",documents_and_other,live_entrypoint_static,"[""require_admin_finanzas()""]",ROUTE OWNER ONLY; service authority unproven: src/devnous/gastos/routes/admin_routes.py:admin_rfc,[],documents_and_other_admin_rfc_get_594e1d,documents_and_other:read; never grants business authority,"[""current_empleado""]",current employee + effective faculty + object + organization/legal entity + portfolio/tournament; UNPROVEN,read_candidate; side effects NOT verified,none only after read-purity proof,scoped source IDs/version and redacted durable receipt; writes need canonical transactional dedup + postcondition,"[""role/object/company deny"", ""revoked/expired"", ""isolation"", ""read purity""]",DISABLED; CANONICAL_SCOPE_UNPROVEN; route presence is not adapter or UI parity proof
941cdeaf7e3e,src/devnous/gastos/routes/admin_routes.py,14006,create_rfc,POST,"[""/admin/rfc/create""]",/admin/rfc/create,"[""POST""]","[{""prefix"": """", ""evidence"": ""copa_telmex_dashboard.py:2236"", ""status"": ""include_router_static; conditional/runtime execution unverified""}]",[],[],"[{""key"": ""admin.root"", ""roles"": [""admin"", ""superadmin"", ""super_admin""], ""actions"": [""ver""], ""evidence"": ""src/devnous/gastos/services/access_control_service.py:125""}, {""key"": ""admin.rfc"", ""roles"": [""finanzas"", ""admin"", ""superadmin"", ""super_admin""], ""actions"": [""ver"", ""crear"", ""editar""], ""evidence"": ""src/devnous/gastos/services/access_control_service.py:292""}]","UNPROVEN: guards/dependencies are evidence, not a complete effective-role matrix",documents_and_other,live_entrypoint_static,"[""require_admin_finanzas()""]",ROUTE OWNER ONLY; service authority unproven: src/devnous/gastos/routes/admin_routes.py:create_rfc,"[""session.commit""]",documents_and_other_create_rfc_post_941cde,documents_and_other:write; never grants business authority,"[""name"", ""tax_id"", ""taxpayer"", ""taxpayer_name"", ""taxpayer_last_name"", ""taxpayer_second_last_name"", ""street_address_1"", ""ext_num"", ""int_num"", ""street_address_2"", ""city"", ""state"", ""postal_code"", ""country"", ""invoice_fiscal_regimen"", ""display_order"", ""current_empleado""]",current employee + effective faculty + object + organization/legal entity + portfolio/tournament; UNPROVEN,write_or_effect_candidate,trusted human approval of exact draft/version/amount/currency/destination/digest; recheck at commit,scoped source IDs/version and redacted durable receipt; writes need canonical transactional dedup + postcondition,"[""role/object/company deny"", ""revoked/expired"", ""isolation"", ""read purity"", ""exact confirmation/version"", ""retry/crash/no duplicates"", ""verified receipt""]",DISABLED; CANONICAL_SCOPE_UNPROVEN; route presence is not adapter or UI parity proof
be5a67eab181,src/devnous/gastos/routes/admin_routes.py,14083,edit_rfc_form,GET,"[""/admin/rfc/edit/{rfc_id}""]",/admin/rfc/edit/{rfc_id},"[""GET""]","[{""prefix"": """", ""evidence"": ""copa_telmex_dashboard.py:2236"", ""status"": ""include_router_static; conditional/runtime execution unverified""}]",[],[],"[{""key"": ""admin.root"", ""roles"": [""admin"", ""superadmin"", ""super_admin""], ""actions"": [""ver""], ""evidence"": ""src/devnous/gastos/services/access_control_service.py:125""}, {""key"": ""admin.rfc"", ""roles"": [""finanzas"", ""admin"", ""superadmin"", ""super_admin""], ""actions"": [""ver"", ""crear"", ""editar""], ""evidence"": ""src/devnous/gastos/services/access_control_service.py:292""}]","UNPROVEN: guards/dependencies are evidence, not a complete effective-role matrix",documents_and_other,live_entrypoint_static,"[""require_admin_finanzas()""]",ROUTE OWNER ONLY; service authority unproven: src/devnous/gastos/routes/admin_routes.py:edit_rfc_form,[],documents_and_other_edit_rfc_form_get_be5a67,documents_and_other:read; never grants business authority,"[""rfc_id"", ""current_empleado""]",current employee + effective faculty + object + organization/legal entity + portfolio/tournament; UNPROVEN,read_candidate; side effects NOT verified,none only after read-purity proof,scoped source IDs/version and redacted durable receipt; writes need canonical transactional dedup + postcondition,"[""role/object/company deny"", ""revoked/expired"", ""isolation"", ""read purity""]",DISABLED; CANONICAL_SCOPE_UNPROVEN; route presence is not adapter or UI parity proof
7e81d5a32956,src/devnous/gastos/routes/admin_routes.py,14209,update_rfc,POST,"[""/admin/rfc/update/{rfc_id}""]",/admin/rfc/update/{rfc_id},"[""POST""]","[{""prefix"": """", ""evidence"": ""copa_telmex_dashboard.py:2236"", ""status"": ""include_router_static; conditional/runtime execution unverified""}]",[],[],"[{""key"": ""admin.root"", ""roles"": [""admin"", ""superadmin"", ""super_admin""], ""actions"": [""ver""], ""evidence"": ""src/devnous/gastos/services/access_control_service.py:125""}, {""key"": ""admin.rfc"", ""roles"": [""finanzas"", ""admin"", ""superadmin"", ""super_admin""], ""actions"": [""ver"", ""crear"", ""editar""], ""evidence"": ""src/devnous/gastos/services/access_control_service.py:292""}]","UNPROVEN: guards/dependencies are evidence, not a complete effective-role matrix",documents_and_other,live_entrypoint_static,"[""require_admin_finanzas()""]",ROUTE OWNER ONLY; service authority unproven: src/devnous/gastos/routes/admin_routes.py:update_rfc,"[""session.commit""]",documents_and_other_update_rfc_post_7e81d5,documents_and_other:write; never grants business authority,"[""rfc_id"", ""name"", ""tax_id"", ""taxpayer"", ""taxpayer_name"", ""taxpayer_last_name"", ""taxpayer_second_last_name"", ""street_address_1"", ""ext_num"", ""int_num"", ""street_address_2"", ""city"", ""state"", ""postal_code"", ""country"", ""invoice_fiscal_regimen"", ""display_order"", ""current_empleado""]",current employee + effective faculty + object + organization/legal entity + portfolio/tournament; UNPROVEN,write_or_effect_candidate,trusted human approval of exact draft/version/amount/currency/destination/digest; recheck at commit,scoped source IDs/version and redacted durable receipt; writes need canonical transactional dedup + postcondition,"[""role/object/company deny"", ""revoked/expired"", ""isolation"", ""read purity"", ""exact confirmation/version"", ""retry/crash/no duplicates"", ""verified receipt""]",DISABLED; CANONICAL_SCOPE_UNPROVEN; route presence is not adapter or UI parity proof
27e5ad8123f8,src/devnous/gastos/routes/admin_routes.py,14281,toggle_rfc,POST,"[""/admin/rfc/toggle/{rfc_id}""]",/admin/rfc/toggle/{rfc_id},"[""POST""]","[{""prefix"": """", ""evidence"": ""copa_telmex_dashboard.py:2236"", ""status"": ""include_router_static; conditional/runtime execution unverified""}]",[],[],"[{""key"": ""admin.root"", ""roles"": [""admin"", ""superadmin"", ""super_admin""], ""actions"": [""ver""], ""evidence"": ""src/devnous/gastos/services/access_control_service.py:125""}, {""key"": ""admin.rfc"", ""roles"": [""finanzas"", ""admin"", ""superadmin"", ""super_admin""], ""actions"": [""ver"", ""crear"", ""editar""], ""evidence"": ""src/devnous/gastos/services/access_control_service.py:292""}]","UNPROVEN: guards/dependencies are evidence, not a complete effective-role matrix",documents_and_other,live_entrypoint_static,"[""require_admin_finanzas()""]",ROUTE OWNER ONLY; service authority unproven: src/devnous/gastos/routes/admin_routes.py:toggle_rfc,"[""session.commit""]",documents_and_other_toggle_rfc_post_27e5ad,documents_and_other:write; never grants business authority,"[""rfc_id"", ""current_empleado""]",current employee + effective faculty + object + organization/legal entity + portfolio/tournament; UNPROVEN,write_or_effect_candidate,trusted human approval of exact draft/version/amount/currency/destination/digest; recheck at commit,scoped source IDs/version and redacted durable receipt; writes need canonical transactional dedup + postcondition,"[""role/object/company deny"", ""revoked/expired"", ""isolation"", ""read purity"", ""exact confirmation/version"", ""retry/crash/no duplicates"", ""verified receipt""]",DISABLED; CANONICAL_SCOPE_UNPROVEN; route presence is not adapter or UI parity proof
aff5b62573dd,src/devnous/gastos/routes/admin_routes.py,14314,delete_rfc,POST,"[""/admin/rfc/delete/{rfc_id}""]",/admin/rfc/delete/{rfc_id},"[""POST""]","[{""prefix"": """", ""evidence"": ""copa_telmex_dashboard.py:2236"", ""status"": ""include_router_static; conditional/runtime execution unverified""}]",[],[],"[{""key"": ""admin.root"", ""roles"": [""admin"", ""superadmin"", ""super_admin""], ""actions"": [""ver""], ""evidence"": ""src/devnous/gastos/services/access_control_service.py:125""}, {""key"": ""admin.rfc"", ""roles"": [""finanzas"", ""admin"", ""superadmin"", ""super_admin""], ""actions"": [""ver"", ""crear"", ""editar""], ""evidence"": ""src/devnous/gastos/services/access_control_service.py:292""}]","UNPROVEN: guards/dependencies are evidence, not a complete effective-role matrix",documents_and_other,live_entrypoint_static,"[""require_admin_finanzas()""]",ROUTE OWNER ONLY; service authority unproven: src/devnous/gastos/routes/admin_routes.py:delete_rfc,"[""session.commit""]",documents_and_other_delete_rfc_post_aff5b6,documents_and_other:write; never grants business authority,"[""rfc_id"", ""current_empleado""]",current employee + effective faculty + object + organization/legal entity + portfolio/tournament; UNPROVEN,write_or_effect_candidate,trusted human approval of exact draft/version/amount/currency/destination/digest; recheck at commit,scoped source IDs/version and redacted durable receipt; writes need canonical transactional dedup + postcondition,"[""role/object/company deny"", ""revoked/expired"", ""isolation"", ""read purity"", ""exact confirmation/version"", ""retry/crash/no duplicates"", ""verified receipt""]",DISABLED; CANONICAL_SCOPE_UNPROVEN; route presence is not adapter or UI parity proof
be839c41a2ee,src/devnous/gastos/routes/admin_routes.py,14347,get_rfc_api,GET,"[""/api/rfc""]",/api/rfc,"[""GET""]","[{""prefix"": """", ""evidence"": ""copa_telmex_dashboard.py:2236"", ""status"": ""include_router_static; conditional/runtime execution unverified""}]",[],[],[],"UNPROVEN: guards/dependencies are evidence, not a complete effective-role matrix",documents_and_other,live_entrypoint_static,"[""NO_LOCAL_GUARD_FOUND; inherited/middleware review required""]",ROUTE OWNER ONLY; service authority unproven: src/devnous/gastos/routes/admin_routes.py:get_rfc_api,[],documents_and_other_get_rfc_api_get_be839c,documents_and_other:read; never grants business authority,"[""active_only""]",current employee + effective faculty + object + organization/legal entity + portfolio/tournament; UNPROVEN,read_candidate; side effects NOT verified,none only after read-purity proof,scoped source IDs/version and redacted durable receipt; writes need canonical transactional dedup + postcondition,"[""role/object/company deny"", ""revoked/expired"", ""isolation"", ""read purity""]",DISABLED; CANONICAL_SCOPE_UNPROVEN; route presence is not adapter or UI parity proof
2a69bd18f136,src/devnous/gastos/routes/admin_routes.py,14370,admin_empleados,GET,"[""/admin/empleados""]",/admin/empleados,"[""GET""]","[{""prefix"": """", ""evidence"": ""copa_telmex_dashboard.py:2236"", ""status"": ""include_router_static; conditional/runtime execution unverified""}]",[],[],"[{""key"": ""admin.root"", ""roles"": [""admin"", ""superadmin"", ""super_admin""], ""actions"": [""ver""], ""evidence"": ""src/devnous/gastos/services/access_control_service.py:125""}, {""key"": ""admin.empleados"", ""roles"": [""finanzas"", ""admin"", ""superadmin"", ""super_admin""], ""actions"": [""ver"", ""crear"", ""editar"", ""administrar""], ""evidence"": ""src/devnous/gastos/services/access_control_service.py:238""}]","UNPROVEN: guards/dependencies are evidence, not a complete effective-role matrix",identity,live_entrypoint_static,"[""require_admin_finanzas()""]",ROUTE OWNER ONLY; service authority unproven: src/devnous/gastos/routes/admin_routes.py:admin_empleados,[],identity_admin_empleados_get_2a69bd,identity:read; never grants business authority,"[""current_empleado"", ""search"", ""success_msg""]",current employee + effective faculty + object + organization/legal entity + portfolio/tournament; UNPROVEN,read_candidate; side effects NOT verified,none only after read-purity proof,scoped source IDs/version and redacted durable receipt; writes need canonical transactional dedup + postcondition,"[""role/object/company deny"", ""revoked/expired"", ""isolation"", ""read purity""]",DISABLED; CANONICAL_SCOPE_UNPROVEN; route presence is not adapter or UI parity proof
5ec9a14d2b71,src/devnous/gastos/routes/admin_routes.py,14786,admin_customer_success_usage,GET,"[""/admin/customer-success/uso""]",/admin/customer-success/uso,"[""GET""]","[{""prefix"": """", ""evidence"": ""copa_telmex_dashboard.py:2236"", ""status"": ""include_router_static; conditional/runtime execution unverified""}]",[],[],"[{""key"": ""admin.root"", ""roles"": [""admin"", ""superadmin"", ""super_admin""], ""actions"": [""ver""], ""evidence"": ""src/devnous/gastos/services/access_control_service.py:125""}, {""key"": ""admin.customer_success"", ""roles"": [""admin"", ""superadmin"", ""super_admin""], ""actions"": [""ver""], ""evidence"": ""src/devnous/gastos/services/access_control_service.py:319""}]","UNPROVEN: guards/dependencies are evidence, not a complete effective-role matrix",documents_and_other,live_entrypoint_static,"[""require_permission_factory(['admin.customer_success.read', 'admin.*'], allowed_roles=['admin', 'superadmin', 'super_admin'])""]",ROUTE OWNER ONLY; service authority unproven: src/devnous/gastos/routes/admin_routes.py:admin_customer_success_usage,"[""build_customer_success_usage_report""]",documents_and_other_admin_customer_success_usage_get_5ec9a1,documents_and_other:read; never grants business authority,"[""current_empleado"", ""days"", ""area"", ""tournament_id"", ""customer_label"", ""limit""]",current employee + effective faculty + object + organization/legal entity + portfolio/tournament; UNPROVEN,read_candidate; side effects NOT verified,none only after read-purity proof,scoped source IDs/version and redacted durable receipt; writes need canonical transactional dedup + postcondition,"[""role/object/company deny"", ""revoked/expired"", ""isolation"", ""read purity""]",DISABLED; CANONICAL_SCOPE_UNPROVEN; route presence is not adapter or UI parity proof
d33bc0430c03,src/devnous/gastos/routes/admin_routes.py,15366,admin_customer_success_usage_export,GET,"[""/admin/customer-success/uso/export""]",/admin/customer-success/uso/export,"[""GET""]","[{""prefix"": """", ""evidence"": ""copa_telmex_dashboard.py:2236"", ""status"": ""include_router_static; conditional/runtime execution unverified""}]",[],[],"[{""key"": ""admin.root"", ""roles"": [""admin"", ""superadmin"", ""super_admin""], ""actions"": [""ver""], ""evidence"": ""src/devnous/gastos/services/access_control_service.py:125""}, {""key"": ""admin.customer_success"", ""roles"": [""admin"", ""superadmin"", ""super_admin""], ""actions"": [""ver""], ""evidence"": ""src/devnous/gastos/services/access_control_service.py:319""}]","UNPROVEN: guards/dependencies are evidence, not a complete effective-role matrix",documents_and_other,live_entrypoint_static,"[""require_permission_factory(['admin.customer_success.read', 'admin.*'], allowed_roles=['admin', 'superadmin', 'super_admin'])""]",ROUTE OWNER ONLY; service authority unproven: src/devnous/gastos/routes/admin_routes.py:admin_customer_success_usage_export,"[""build_customer_success_usage_report""]",documents_and_other_admin_customer_success_usage_export__d33bc0,documents_and_other:read; never grants business authority,"[""current_empleado"", ""days"", ""area"", ""tournament_id"", ""customer_label"", ""limit"", ""view""]",current employee + effective faculty + object + organization/legal entity + portfolio/tournament; UNPROVEN,read_candidate; side effects NOT verified,none only after read-purity proof,scoped source IDs/version and redacted durable receipt; writes need canonical transactional dedup + postcondition,"[""role/object/company deny"", ""revoked/expired"", ""isolation"", ""read purity""]",DISABLED; CANONICAL_SCOPE_UNPROVEN; route presence is not adapter or UI parity proof
a6b0107373e8,src/devnous/gastos/routes/admin_routes.py,15404,admin_customer_success_audit_log,GET,"[""/admin/customer-success/bitacora""]",/admin/customer-success/bitacora,"[""GET""]","[{""prefix"": """", ""evidence"": ""copa_telmex_dashboard.py:2236"", ""status"": ""include_router_static; conditional/runtime execution unverified""}]",[],[],"[{""key"": ""admin.root"", ""roles"": [""admin"", ""superadmin"", ""super_admin""], ""actions"": [""ver""], ""evidence"": ""src/devnous/gastos/services/access_control_service.py:125""}, {""key"": ""admin.customer_success"", ""roles"": [""admin"", ""superadmin"", ""super_admin""], ""actions"": [""ver""], ""evidence"": ""src/devnous/gastos/services/access_control_service.py:319""}]","UNPROVEN: guards/dependencies are evidence, not a complete effective-role matrix",documents_and_other,live_entrypoint_static,"[""require_permission_factory(['admin.*'], allowed_roles=['superadmin', 'super_admin'])""]",ROUTE OWNER ONLY; service authority unproven: src/devnous/gastos/routes/admin_routes.py:admin_customer_success_audit_log,"[""build_customer_success_audit_report""]",documents_and_other_admin_customer_success_audit_log_get_a6b010,documents_and_other:read; never grants business authority,"[""current_empleado"", ""actor_empleado_id"", ""target_empleado_id"", ""action"", ""documento_referencia"", ""ip_address"", ""date_from"", ""date_to"", ""limit""]",current employee + effective faculty + object + organization/legal entity + portfolio/tournament; UNPROVEN,read_candidate; side effects NOT verified,none only after read-purity proof,scoped source IDs/version and redacted durable receipt; writes need canonical transactional dedup + postcondition,"[""role/object/company deny"", ""revoked/expired"", ""isolation"", ""read purity""]",DISABLED; CANONICAL_SCOPE_UNPROVEN; route presence is not adapter or UI parity proof
5b8914349a49,src/devnous/gastos/routes/admin_routes.py,15668,admin_perfiles,GET,"[""/admin/perfiles""]",/admin/perfiles,"[""GET""]","[{""prefix"": """", ""evidence"": ""copa_telmex_dashboard.py:2236"", ""status"": ""include_router_static; conditional/runtime execution unverified""}]","[""src/devnous/gastos/routes/admin_routes.py:692:_profile_scopes"", ""src/devnous/gastos/routes/admin_routes.py:767:_render_profile_scope_inputs""]",[],"[{""key"": ""admin.root"", ""roles"": [""admin"", ""superadmin"", ""super_admin""], ""actions"": [""ver""], ""evidence"": ""src/devnous/gastos/services/access_control_service.py:125""}, {""key"": ""admin.perfiles"", ""roles"": [""finanzas"", ""admin"", ""superadmin"", ""super_admin""], ""actions"": [""ver"", ""crear"", ""editar"", ""administrar""], ""evidence"": ""src/devnous/gastos/services/access_control_service.py:247""}]","UNPROVEN: guards/dependencies are evidence, not a complete effective-role matrix",identity,live_entrypoint_static,"[""(p_permissions or {}).get('preset_key')"", ""_ensure_access_profiles_schema(session)"", ""_profile_scopes(p_permissions)"", ""_render_profile_scope_inputs(form_prefix='', selected_scopes=[])"", ""_render_profile_scope_inputs(form_prefix='', selected_scopes=selected_scopes)"", ""preview_entry['permission_payloads'].append(profile_permissions)"", ""require_permission_factory(['admin.perfiles.manage', 'admin.perfiles.*'], allowed_roles=['admin', 'superadmin', 'super_admin'])"", ""str((p_permissions or {}).get('preset_key') or '').strip()"", ""str((p_permissions or {}).get('preset_key') or '').strip().lower()""]",ROUTE OWNER ONLY; service authority unproven: src/devnous/gastos/routes/admin_routes.py:admin_perfiles,"[""_build_effective_profile_comparison"", ""_build_effective_profile_preview""]",identity_admin_perfiles_get_5b8914,identity:read; never grants business authority,"[""current_empleado"", ""success_msg"", ""error_msg"", ""compare_left"", ""compare_right""]",current employee + effective faculty + object + organization/legal entity + portfolio/tournament; UNPROVEN,read_candidate; side effects NOT verified,none only after read-purity proof,scoped source IDs/version and redacted durable receipt; writes need canonical transactional dedup + postcondition,"[""role/object/company deny"", ""revoked/expired"", ""isolation"", ""read purity""]",DISABLED; CANONICAL_SCOPE_UNPROVEN; route presence is not adapter or UI parity proof
606f89c38bb3,src/devnous/gastos/routes/admin_routes.py,16284,admin_perfiles_create,POST,"[""/admin/perfiles/create""]",/admin/perfiles/create,"[""POST""]","[{""prefix"": """", ""evidence"": ""copa_telmex_dashboard.py:2236"", ""status"": ""include_router_static; conditional/runtime execution unverified""}]","[""src/devnous/gastos/routes/admin_routes.py:700:_build_profile_permissions_payload""]",[],"[{""key"": ""admin.root"", ""roles"": [""admin"", ""superadmin"", ""super_admin""], ""actions"": [""ver""], ""evidence"": ""src/devnous/gastos/services/access_control_service.py:125""}, {""key"": ""admin.perfiles"", ""roles"": [""finanzas"", ""admin"", ""superadmin"", ""super_admin""], ""actions"": [""ver"", ""crear"", ""editar"", ""administrar""], ""evidence"": ""src/devnous/gastos/services/access_control_service.py:247""}]","UNPROVEN: guards/dependencies are evidence, not a complete effective-role matrix",identity,live_entrypoint_static,"[""_build_profile_permissions_payload(preset_key=preset_key, permission_tokens=[str(item) for item in form.getlist('permission_token')], scope_tokens=[str(item) for item in form.getlist('scope_token')] + custom_scopes, permissions_json=permissions_json)"", ""_ensure_access_profiles_schema(session)"", ""require_permission_factory(['admin.perfiles.manage', 'admin.perfiles.create', 'admin.perfiles.*'], allowed_roles=['admin', 'superadmin', 'super_admin'])"", ""str(form.get('scope_custom') or '').replace('\\n', ',')"", ""str(form.get('scope_custom') or '').replace('\\n', ',').split(',')""]",ROUTE OWNER ONLY; service authority unproven: src/devnous/gastos/routes/admin_routes.py:admin_perfiles_create,"[""_build_profile_permissions_payload"", ""session.commit""]",identity_admin_perfiles_create_post_606f89,identity:write; never grants business authority,"[""profile_key"", ""name"", ""description"", ""base_role"", ""preset_key"", ""permissions_json"", ""active"", ""current_empleado""]",current employee + effective faculty + object + organization/legal entity + portfolio/tournament; UNPROVEN,write_or_effect_candidate,trusted human approval of exact draft/version/amount/currency/destination/digest; recheck at commit,scoped source IDs/version and redacted durable receipt; writes need canonical transactional dedup + postcondition,"[""role/object/company deny"", ""revoked/expired"", ""isolation"", ""read purity"", ""exact confirmation/version"", ""retry/crash/no duplicates"", ""verified receipt""]",DISABLED; CANONICAL_SCOPE_UNPROVEN; route presence is not adapter or UI parity proof
0dd009906ee6,src/devnous/gastos/routes/admin_routes.py,16376,admin_perfiles_update,POST,"[""/admin/perfiles/update/{profile_id}""]",/admin/perfiles/update/{profile_id},"[""POST""]","[{""prefix"": """", ""evidence"": ""copa_telmex_dashboard.py:2236"", ""status"": ""include_router_static; conditional/runtime execution unverified""}]","[""src/devnous/gastos/routes/admin_routes.py:700:_build_profile_permissions_payload""]",[],"[{""key"": ""admin.root"", ""roles"": [""admin"", ""superadmin"", ""super_admin""], ""actions"": [""ver""], ""evidence"": ""src/devnous/gastos/services/access_control_service.py:125""}, {""key"": ""admin.perfiles"", ""roles"": [""finanzas"", ""admin"", ""superadmin"", ""super_admin""], ""actions"": [""ver"", ""crear"", ""editar"", ""administrar""], ""evidence"": ""src/devnous/gastos/services/access_control_service.py:247""}]","UNPROVEN: guards/dependencies are evidence, not a complete effective-role matrix",identity,live_entrypoint_static,"[""_build_profile_permissions_payload(preset_key=preset_key, permission_tokens=[str(item) for item in form.getlist('permission_token')], scope_tokens=[str(item) for item in form.getlist('scope_token')] + custom_scopes, permissions_json=permissions_json)"", ""_ensure_access_profiles_schema(session)"", ""require_permission_factory(['admin.perfiles.manage', 'admin.perfiles.update', 'admin.perfiles.*'], allowed_roles=['admin', 'superadmin', 'super_admin'])"", ""str(form.get('scope_custom') or '').replace('\\n', ',')"", ""str(form.get('scope_custom') or '').replace('\\n', ',').split(',')""]",ROUTE OWNER ONLY; service authority unproven: src/devnous/gastos/routes/admin_routes.py:admin_perfiles_update,"[""_build_profile_permissions_payload"", ""session.commit""]",identity_admin_perfiles_update_post_0dd009,identity:write; never grants business authority,"[""profile_id"", ""name"", ""description"", ""base_role"", ""preset_key"", ""permissions_json"", ""active"", ""current_empleado""]",current employee + effective faculty + object + organization/legal entity + portfolio/tournament; UNPROVEN,write_or_effect_candidate,trusted human approval of exact draft/version/amount/currency/destination/digest; recheck at commit,scoped source IDs/version and redacted durable receipt; writes need canonical transactional dedup + postcondition,"[""role/object/company deny"", ""revoked/expired"", ""isolation"", ""read purity"", ""exact confirmation/version"", ""retry/crash/no duplicates"", ""verified receipt""]",DISABLED; CANONICAL_SCOPE_UNPROVEN; route presence is not adapter or UI parity proof
2d11305e80fd,src/devnous/gastos/routes/admin_routes.py,16483,admin_perfiles_assign,POST,"[""/admin/perfiles/assign""]",/admin/perfiles/assign,"[""POST""]","[{""prefix"": """", ""evidence"": ""copa_telmex_dashboard.py:2236"", ""status"": ""include_router_static; conditional/runtime execution unverified""}]",[],[],"[{""key"": ""admin.root"", ""roles"": [""admin"", ""superadmin"", ""super_admin""], ""actions"": [""ver""], ""evidence"": ""src/devnous/gastos/services/access_control_service.py:125""}, {""key"": ""admin.perfiles"", ""roles"": [""finanzas"", ""admin"", ""superadmin"", ""super_admin""], ""actions"": [""ver"", ""crear"", ""editar"", ""administrar""], ""evidence"": ""src/devnous/gastos/services/access_control_service.py:247""}]","UNPROVEN: guards/dependencies are evidence, not a complete effective-role matrix",identity,live_entrypoint_static,"[""_ensure_access_profiles_schema(session)"", ""require_permission_factory(['admin.perfiles.manage', 'admin.perfiles.assign', 'admin.perfiles.*'], allowed_roles=['admin', 'superadmin', 'super_admin'])""]",ROUTE OWNER ONLY; service authority unproven: src/devnous/gastos/routes/admin_routes.py:admin_perfiles_assign,"[""session.commit""]",identity_admin_perfiles_assign_post_2d1130,identity:write; never grants business authority,"[""empleado_id"", ""profile_id"", ""is_primary"", ""apply_base_role"", ""current_empleado""]",current employee + effective faculty + object + organization/legal entity + portfolio/tournament; UNPROVEN,write_or_effect_candidate,trusted human approval of exact draft/version/amount/currency/destination/digest; recheck at commit,scoped source IDs/version and redacted durable receipt; writes need canonical transactional dedup + postcondition,"[""role/object/company deny"", ""revoked/expired"", ""isolation"", ""read purity"", ""exact confirmation/version"", ""retry/crash/no duplicates"", ""verified receipt""]",DISABLED; CANONICAL_SCOPE_UNPROVEN; route presence is not adapter or UI parity proof
4bac5bcb6cde,src/devnous/gastos/routes/admin_routes.py,16571,admin_perfiles_unassign,POST,"[""/admin/perfiles/unassign/{assignment_id}""]",/admin/perfiles/unassign/{assignment_id},"[""POST""]","[{""prefix"": """", ""evidence"": ""copa_telmex_dashboard.py:2236"", ""status"": ""include_router_static; conditional/runtime execution unverified""}]",[],[],"[{""key"": ""admin.root"", ""roles"": [""admin"", ""superadmin"", ""super_admin""], ""actions"": [""ver""], ""evidence"": ""src/devnous/gastos/services/access_control_service.py:125""}, {""key"": ""admin.perfiles"", ""roles"": [""finanzas"", ""admin"", ""superadmin"", ""super_admin""], ""actions"": [""ver"", ""crear"", ""editar"", ""administrar""], ""evidence"": ""src/devnous/gastos/services/access_control_service.py:247""}]","UNPROVEN: guards/dependencies are evidence, not a complete effective-role matrix",identity,live_entrypoint_static,"[""_ensure_access_profiles_schema(session)"", ""require_permission_factory(['admin.perfiles.manage', 'admin.perfiles.assign', 'admin.perfiles.*'], allowed_roles=['admin', 'superadmin', 'super_admin'])""]",ROUTE OWNER ONLY; service authority unproven: src/devnous/gastos/routes/admin_routes.py:admin_perfiles_unassign,"[""session.commit""]",identity_admin_perfiles_unassign_post_4bac5b,identity:write; never grants business authority,"[""assignment_id"", ""current_empleado""]",current employee + effective faculty + object + organization/legal entity + portfolio/tournament; UNPROVEN,write_or_effect_candidate,trusted human approval of exact draft/version/amount/currency/destination/digest; recheck at commit,scoped source IDs/version and redacted durable receipt; writes need canonical transactional dedup + postcondition,"[""role/object/company deny"", ""revoked/expired"", ""isolation"", ""read purity"", ""exact confirmation/version"", ""retry/crash/no duplicates"", ""verified receipt""]",DISABLED; CANONICAL_SCOPE_UNPROVEN; route presence is not adapter or UI parity proof
5c625c520a17,src/devnous/gastos/routes/admin_routes.py,16623,admin_presupuestos_legacy,GET,"[""/admin/presupuestos-legacy""]",/admin/presupuestos-legacy,"[""GET""]","[{""prefix"": """", ""evidence"": ""copa_telmex_dashboard.py:2236"", ""status"": ""include_router_static; conditional/runtime execution unverified""}]","[""src/devnous/gastos/routes/admin_routes.py:633:_require_budget_access""]",[],"[{""key"": ""admin.root"", ""roles"": [""admin"", ""superadmin"", ""super_admin""], ""actions"": [""ver""], ""evidence"": ""src/devnous/gastos/services/access_control_service.py:125""}]","UNPROVEN: guards/dependencies are evidence, not a complete effective-role matrix",budgets,live_entrypoint_static,"[""_require_budget_access(current_empleado, 'read')"", ""ensure_budget_schema(session)"", ""get_tournament_scope_options(tournament)""]",ROUTE OWNER ONLY; service authority unproven: src/devnous/gastos/routes/admin_routes.py:admin_presupuestos_legacy,"[""_build_budget_line_drilldown"", ""active_commitment.get"", ""active_commitment_expense.get"", ""build_budget_commitment_expense_preview"", ""build_budget_executive_comparison"", ""build_budget_scenario_player"", ""build_budget_snapshot"", ""list_budget_tournament_commitments"", ""render_commitment_expense_cell""]",budgets_admin_presupuestos_legacy_get_5c625c,budgets:read; never grants business authority,"[""current_empleado"", ""version_id"", ""drill_dimension"", ""drill_value"", ""drill_tournament"", ""drill_document"", ""scenario_run_rate_delta_pct"", ""scenario_discretionary_cut_pct"", ""scenario_added_commitments"", ""scenario_cash_acceleration"", ""success_msg"", ""error_msg""]",current employee + effective faculty + object + organization/legal entity + portfolio/tournament; UNPROVEN,read_candidate; side effects NOT verified,none only after read-purity proof,scoped source IDs/version and redacted durable receipt; writes need canonical transactional dedup + postcondition,"[""role/object/company deny"", ""revoked/expired"", ""isolation"", ""read purity""]",DISABLED; CANONICAL_SCOPE_UNPROVEN; route presence is not adapter or UI parity proof
997890cf00f1,src/devnous/gastos/routes/admin_routes.py,18206,admin_presupuestos_import_default,POST,"[""/admin/presupuestos/import-default""]",/admin/presupuestos/import-default,"[""POST""]","[{""prefix"": """", ""evidence"": ""copa_telmex_dashboard.py:2236"", ""status"": ""include_router_static; conditional/runtime execution unverified""}]","[""src/devnous/gastos/routes/admin_routes.py:633:_require_budget_access""]",[],"[{""key"": ""admin.root"", ""roles"": [""admin"", ""superadmin"", ""super_admin""], ""actions"": [""ver""], ""evidence"": ""src/devnous/gastos/services/access_control_service.py:125""}, {""key"": ""presupuestos.ingresos"", ""roles"": [""finanzas"", ""admin"", ""superadmin"", ""super_admin""], ""actions"": [""ver"", ""crear"", ""editar"", ""exportar""], ""evidence"": ""src/devnous/gastos/services/access_control_service.py:221""}]","UNPROVEN: guards/dependencies are evidence, not a complete effective-role matrix",budgets,live_entrypoint_static,"[""_require_budget_access(current_empleado, 'create')""]",ROUTE OWNER ONLY; service authority unproven: src/devnous/gastos/routes/admin_routes.py:admin_presupuestos_import_default,[],budgets_admin_presupuestos_import_default_post_997890,budgets:write; never grants business authority,"[""current_empleado""]",current employee + effective faculty + object + organization/legal entity + portfolio/tournament; UNPROVEN,write_or_effect_candidate,trusted human approval of exact draft/version/amount/currency/destination/digest; recheck at commit,scoped source IDs/version and redacted durable receipt; writes need canonical transactional dedup + postcondition,"[""role/object/company deny"", ""revoked/expired"", ""isolation"", ""read purity"", ""exact confirmation/version"", ""retry/crash/no duplicates"", ""verified receipt""]",DISABLED; CANONICAL_SCOPE_UNPROVEN; route presence is not adapter or UI parity proof
1d9535c5ef2c,src/devnous/gastos/routes/admin_routes.py,18243,admin_presupuestos_bulk_save_concepts,POST,"[""/admin/presupuestos/conceptos/bulk-save""]",/admin/presupuestos/conceptos/bulk-save,"[""POST""]","[{""prefix"": """", ""evidence"": ""copa_telmex_dashboard.py:2236"", ""status"": ""include_router_static; conditional/runtime execution unverified""}]","[""src/devnous/gastos/routes/admin_routes.py:633:_require_budget_access""]",[],"[{""key"": ""admin.root"", ""roles"": [""admin"", ""superadmin"", ""super_admin""], ""actions"": [""ver""], ""evidence"": ""src/devnous/gastos/services/access_control_service.py:125""}, {""key"": ""presupuestos.ingresos"", ""roles"": [""finanzas"", ""admin"", ""superadmin"", ""super_admin""], ""actions"": [""ver"", ""crear"", ""editar"", ""exportar""], ""evidence"": ""src/devnous/gastos/services/access_control_service.py:221""}]","UNPROVEN: guards/dependencies are evidence, not a complete effective-role matrix",budgets,live_entrypoint_static,"[""_require_budget_access(current_empleado, 'line_update')""]",ROUTE OWNER ONLY; service authority unproven: src/devnous/gastos/routes/admin_routes.py:admin_presupuestos_bulk_save_concepts,[],budgets_admin_presupuestos_bulk_save_concepts_post_1d9535,budgets:write; never grants business authority,"[""concept_ids"", ""concept_names"", ""budget_directions"", ""tournament_ids"", ""sub_proyectos"", ""cuenta_contable_ids"", ""pasivo_cuenta_contable_ids"", ""version_id"", ""catalog_scope"", ""catalog_tournament_ids"", ""current_empleado""]",current employee + effective faculty + object + organization/legal entity + portfolio/tournament; UNPROVEN,write_or_effect_candidate,trusted human approval of exact draft/version/amount/currency/destination/digest; recheck at commit,scoped source IDs/version and redacted durable receipt; writes need canonical transactional dedup + postcondition,"[""role/object/company deny"", ""revoked/expired"", ""isolation"", ""read purity"", ""exact confirmation/version"", ""retry/crash/no duplicates"", ""verified receipt""]",DISABLED; CANONICAL_SCOPE_UNPROVEN; route presence is not adapter or UI parity proof
c832d918b3e1,src/devnous/gastos/routes/admin_routes.py,18360,admin_presupuestos_hide_concept,POST,"[""/admin/presupuestos/conceptos/{concept_id}/hide""]",/admin/presupuestos/conceptos/{concept_id}/hide,"[""POST""]","[{""prefix"": """", ""evidence"": ""copa_telmex_dashboard.py:2236"", ""status"": ""include_router_static; conditional/runtime execution unverified""}]","[""src/devnous/gastos/routes/admin_routes.py:633:_require_budget_access""]",[],"[{""key"": ""admin.root"", ""roles"": [""admin"", ""superadmin"", ""super_admin""], ""actions"": [""ver""], ""evidence"": ""src/devnous/gastos/services/access_control_service.py:125""}, {""key"": ""presupuestos.ingresos"", ""roles"": [""finanzas"", ""admin"", ""superadmin"", ""super_admin""], ""actions"": [""ver"", ""crear"", ""editar"", ""exportar""], ""evidence"": ""src/devnous/gastos/services/access_control_service.py:221""}]","UNPROVEN: guards/dependencies are evidence, not a complete effective-role matrix",budgets,live_entrypoint_static,"[""_require_budget_access(current_empleado, 'line_update')""]",ROUTE OWNER ONLY; service authority unproven: src/devnous/gastos/routes/admin_routes.py:admin_presupuestos_hide_concept,[],budgets_admin_presupuestos_hide_concept_post_c832d9,budgets:write; never grants business authority,"[""concept_id"", ""version_id"", ""drill_dimension"", ""drill_value"", ""drill_tournament"", ""drill_document"", ""catalog_scope"", ""catalog_tournament_ids"", ""current_empleado""]",current employee + effective faculty + object + organization/legal entity + portfolio/tournament; UNPROVEN,write_or_effect_candidate,trusted human approval of exact draft/version/amount/currency/destination/digest; recheck at commit,scoped source IDs/version and redacted durable receipt; writes need canonical transactional dedup + postcondition,"[""role/object/company deny"", ""revoked/expired"", ""isolation"", ""read purity"", ""exact confirmation/version"", ""retry/crash/no duplicates"", ""verified receipt""]",DISABLED; CANONICAL_SCOPE_UNPROVEN; route presence is not adapter or UI parity proof
d22d41e7adf7,src/devnous/gastos/routes/admin_routes.py,18423,admin_presupuestos_export_concepts_xlsx,GET,"[""/admin/presupuestos/conceptos/export.xlsx""]",/admin/presupuestos/conceptos/export.xlsx,"[""GET""]","[{""prefix"": """", ""evidence"": ""copa_telmex_dashboard.py:2236"", ""status"": ""include_router_static; conditional/runtime execution unverified""}]","[""src/devnous/gastos/routes/admin_routes.py:633:_require_budget_access""]",[],"[{""key"": ""admin.root"", ""roles"": [""admin"", ""superadmin"", ""super_admin""], ""actions"": [""ver""], ""evidence"": ""src/devnous/gastos/services/access_control_service.py:125""}, {""key"": ""presupuestos.ingresos"", ""roles"": [""finanzas"", ""admin"", ""superadmin"", ""super_admin""], ""actions"": [""ver"", ""crear"", ""editar"", ""exportar""], ""evidence"": ""src/devnous/gastos/services/access_control_service.py:221""}]","UNPROVEN: guards/dependencies are evidence, not a complete effective-role matrix",budgets,live_entrypoint_static,"[""_require_budget_access(current_empleado, 'export')"", ""ensure_budget_schema(session)""]",ROUTE OWNER ONLY; service authority unproven: src/devnous/gastos/routes/admin_routes.py:admin_presupuestos_export_concepts_xlsx,[],budgets_admin_presupuestos_export_concepts_xlsx_get_d22d41,budgets:read; never grants business authority,"[""current_empleado""]",current employee + effective faculty + object + organization/legal entity + portfolio/tournament; UNPROVEN,read_candidate; side effects NOT verified,none only after read-purity proof,scoped source IDs/version and redacted durable receipt; writes need canonical transactional dedup + postcondition,"[""role/object/company deny"", ""revoked/expired"", ""isolation"", ""read purity""]",DISABLED; CANONICAL_SCOPE_UNPROVEN; route presence is not adapter or UI parity proof
9a9a13732e75,src/devnous/gastos/routes/admin_routes.py,18446,admin_presupuestos_import_concepts,POST,"[""/admin/presupuestos/conceptos/import""]",/admin/presupuestos/conceptos/import,"[""POST""]","[{""prefix"": """", ""evidence"": ""copa_telmex_dashboard.py:2236"", ""status"": ""include_router_static; conditional/runtime execution unverified""}]","[""src/devnous/gastos/routes/admin_routes.py:633:_require_budget_access""]",[],"[{""key"": ""admin.root"", ""roles"": [""admin"", ""superadmin"", ""super_admin""], ""actions"": [""ver""], ""evidence"": ""src/devnous/gastos/services/access_control_service.py:125""}, {""key"": ""presupuestos.ingresos"", ""roles"": [""finanzas"", ""admin"", ""superadmin"", ""super_admin""], ""actions"": [""ver"", ""crear"", ""editar"", ""exportar""], ""evidence"": ""src/devnous/gastos/services/access_control_service.py:221""}]","UNPROVEN: guards/dependencies are evidence, not a complete effective-role matrix",budgets,live_entrypoint_static,"[""_require_budget_access(current_empleado, 'line_update')""]",ROUTE OWNER ONLY; service authority unproven: src/devnous/gastos/routes/admin_routes.py:admin_presupuestos_import_concepts,[],budgets_admin_presupuestos_import_concepts_post_9a9a13,budgets:write; never grants business authority,"[""archivo_catalogo"", ""catalog_scope"", ""catalog_tournament_ids"", ""current_empleado""]",current employee + effective faculty + object + organization/legal entity + portfolio/tournament; UNPROVEN,write_or_effect_candidate,trusted human approval of exact draft/version/amount/currency/destination/digest; recheck at commit,scoped source IDs/version and redacted durable receipt; writes need canonical transactional dedup + postcondition,"[""role/object/company deny"", ""revoked/expired"", ""isolation"", ""read purity"", ""exact confirmation/version"", ""retry/crash/no duplicates"", ""verified receipt""]",DISABLED; CANONICAL_SCOPE_UNPROVEN; route presence is not adapter or UI parity proof
7e410e148465,src/devnous/gastos/routes/admin_routes.py,18511,admin_presupuestos_import_lines,POST,"[""/admin/presupuestos/versiones/{version_id}/lineas/import""]",/admin/presupuestos/versiones/{version_id}/lineas/import,"[""POST""]","[{""prefix"": """", ""evidence"": ""copa_telmex_dashboard.py:2236"", ""status"": ""include_router_static; conditional/runtime execution unverified""}]","[""src/devnous/gastos/routes/admin_routes.py:633:_require_budget_access""]",[],"[{""key"": ""admin.root"", ""roles"": [""admin"", ""superadmin"", ""super_admin""], ""actions"": [""ver""], ""evidence"": ""src/devnous/gastos/services/access_control_service.py:125""}, {""key"": ""presupuestos.ingresos"", ""roles"": [""finanzas"", ""admin"", ""superadmin"", ""super_admin""], ""actions"": [""ver"", ""crear"", ""editar"", ""exportar""], ""evidence"": ""src/devnous/gastos/services/access_control_service.py:221""}]","UNPROVEN: guards/dependencies are evidence, not a complete effective-role matrix",budgets,live_entrypoint_static,"[""_require_budget_access(current_empleado, 'line_update')""]",ROUTE OWNER ONLY; service authority unproven: src/devnous/gastos/routes/admin_routes.py:admin_presupuestos_import_lines,[],budgets_admin_presupuestos_import_lines_post_7e410e,budgets:write; never grants business authority,"[""version_id"", ""archivo_presupuesto"", ""current_empleado""]",current employee + effective faculty + object + organization/legal entity + portfolio/tournament; UNPROVEN,write_or_effect_candidate,trusted human approval of exact draft/version/amount/currency/destination/digest; recheck at commit,scoped source IDs/version and redacted durable receipt; writes need canonical transactional dedup + postcondition,"[""role/object/company deny"", ""revoked/expired"", ""isolation"", ""read purity"", ""exact confirmation/version"", ""retry/crash/no duplicates"", ""verified receipt""]",DISABLED; CANONICAL_SCOPE_UNPROVEN; route presence is not adapter or UI parity proof
fc0b5fd3b5aa,src/devnous/gastos/routes/admin_routes.py,18607,create_empleado,POST,"[""/admin/empleados/create""]",/admin/empleados/create,"[""POST""]","[{""prefix"": """", ""evidence"": ""copa_telmex_dashboard.py:2236"", ""status"": ""include_router_static; conditional/runtime execution unverified""}]",[],[],"[{""key"": ""admin.root"", ""roles"": [""admin"", ""superadmin"", ""super_admin""], ""actions"": [""ver""], ""evidence"": ""src/devnous/gastos/services/access_control_service.py:125""}, {""key"": ""admin.empleados"", ""roles"": [""finanzas"", ""admin"", ""superadmin"", ""super_admin""], ""actions"": [""ver"", ""crear"", ""editar"", ""administrar""], ""evidence"": ""src/devnous/gastos/services/access_control_service.py:238""}]","UNPROVEN: guards/dependencies are evidence, not a complete effective-role matrix",identity,live_entrypoint_static,"[""require_admin_finanzas()""]",ROUTE OWNER ONLY; service authority unproven: src/devnous/gastos/routes/admin_routes.py:create_empleado,"[""session.commit""]",identity_create_empleado_post_fc0b5f,identity:write; never grants business authority,"[""nombre"", ""correo"", ""telefono"", ""departamento"", ""telegram_user_id"", ""aprobador_id"", ""current_empleado""]",current employee + effective faculty + object + organization/legal entity + portfolio/tournament; UNPROVEN,write_or_effect_candidate,trusted human approval of exact draft/version/amount/currency/destination/digest; recheck at commit,scoped source IDs/version and redacted durable receipt; writes need canonical transactional dedup + postcondition,"[""role/object/company deny"", ""revoked/expired"", ""isolation"", ""read purity"", ""exact confirmation/version"", ""retry/crash/no duplicates"", ""verified receipt""]",DISABLED; CANONICAL_SCOPE_UNPROVEN; route presence is not adapter or UI parity proof
d10e6a4da57c,src/devnous/gastos/routes/admin_routes.py,18748,edit_empleado_form,GET,"[""/admin/empleados/edit/{empleado_id}""]",/admin/empleados/edit/{empleado_id},"[""GET""]","[{""prefix"": """", ""evidence"": ""copa_telmex_dashboard.py:2236"", ""status"": ""include_router_static; conditional/runtime execution unverified""}]",[],[],"[{""key"": ""admin.root"", ""roles"": [""admin"", ""superadmin"", ""super_admin""], ""actions"": [""ver""], ""evidence"": ""src/devnous/gastos/services/access_control_service.py:125""}, {""key"": ""admin.empleados"", ""roles"": [""finanzas"", ""admin"", ""superadmin"", ""super_admin""], ""actions"": [""ver"", ""crear"", ""editar"", ""administrar""], ""evidence"": ""src/devnous/gastos/services/access_control_service.py:238""}]","UNPROVEN: guards/dependencies are evidence, not a complete effective-role matrix",identity,live_entrypoint_static,"[""require_admin_finanzas()""]",ROUTE OWNER ONLY; service authority unproven: src/devnous/gastos/routes/admin_routes.py:edit_empleado_form,[],identity_edit_empleado_form_get_d10e6a,identity:read; never grants business authority,"[""empleado_id"", ""_empleado""]",current employee + effective faculty + object + organization/legal entity + portfolio/tournament; UNPROVEN,read_candidate; side effects NOT verified,none only after read-purity proof,scoped source IDs/version and redacted durable receipt; writes need canonical transactional dedup + postcondition,"[""role/object/company deny"", ""revoked/expired"", ""isolation"", ""read purity""]",DISABLED; CANONICAL_SCOPE_UNPROVEN; route presence is not adapter or UI parity proof
f4793558bd3e,src/devnous/gastos/routes/admin_routes.py,18926,update_empleado,POST,"[""/admin/empleados/update/{empleado_id}""]",/admin/empleados/update/{empleado_id},"[""POST""]","[{""prefix"": """", ""evidence"": ""copa_telmex_dashboard.py:2236"", ""status"": ""include_router_static; conditional/runtime execution unverified""}]",[],[],"[{""key"": ""admin.root"", ""roles"": [""admin"", ""superadmin"", ""super_admin""], ""actions"": [""ver""], ""evidence"": ""src/devnous/gastos/services/access_control_service.py:125""}, {""key"": ""admin.empleados"", ""roles"": [""finanzas"", ""admin"", ""superadmin"", ""super_admin""], ""actions"": [""ver"", ""crear"", ""editar"", ""administrar""], ""evidence"": ""src/devnous/gastos/services/access_control_service.py:238""}]","UNPROVEN: guards/dependencies are evidence, not a complete effective-role matrix",identity,live_entrypoint_static,"[""require_admin_finanzas()""]",ROUTE OWNER ONLY; service authority unproven: src/devnous/gastos/routes/admin_routes.py:update_empleado,"[""session.commit""]",identity_update_empleado_post_f47935,identity:write; never grants business authority,"[""empleado_id"", ""current_empleado""]",current employee + effective faculty + object + organization/legal entity + portfolio/tournament; UNPROVEN,write_or_effect_candidate,trusted human approval of exact draft/version/amount/currency/destination/digest; recheck at commit,scoped source IDs/version and redacted durable receipt; writes need canonical transactional dedup + postcondition,"[""role/object/company deny"", ""revoked/expired"", ""isolation"", ""read purity"", ""exact confirmation/version"", ""retry/crash/no duplicates"", ""verified receipt""]",DISABLED; CANONICAL_SCOPE_UNPROVEN; route presence is not adapter or UI parity proof
6621d23910b7,src/devnous/gastos/routes/admin_routes.py,19080,password_form,GET,"[""/admin/empleados/{empleado_id}/password""]",/admin/empleados/{empleado_id}/password,"[""GET""]","[{""prefix"": """", ""evidence"": ""copa_telmex_dashboard.py:2236"", ""status"": ""include_router_static; conditional/runtime execution unverified""}]",[],[],"[{""key"": ""admin.root"", ""roles"": [""admin"", ""superadmin"", ""super_admin""], ""actions"": [""ver""], ""evidence"": ""src/devnous/gastos/services/access_control_service.py:125""}, {""key"": ""admin.empleados"", ""roles"": [""finanzas"", ""admin"", ""superadmin"", ""super_admin""], ""actions"": [""ver"", ""crear"", ""editar"", ""administrar""], ""evidence"": ""src/devnous/gastos/services/access_control_service.py:238""}]","UNPROVEN: guards/dependencies are evidence, not a complete effective-role matrix",identity,live_entrypoint_static,"[""require_admin_finanzas()""]",ROUTE OWNER ONLY; service authority unproven: src/devnous/gastos/routes/admin_routes.py:password_form,[],identity_password_form_get_6621d2,identity:read; never grants business authority,"[""empleado_id"", ""current_empleado"", ""error_msg""]",current employee + effective faculty + object + organization/legal entity + portfolio/tournament; UNPROVEN,read_candidate; side effects NOT verified,none only after read-purity proof,scoped source IDs/version and redacted durable receipt; writes need canonical transactional dedup + postcondition,"[""role/object/company deny"", ""revoked/expired"", ""isolation"", ""read purity""]",DISABLED; CANONICAL_SCOPE_UNPROVEN; route presence is not adapter or UI parity proof
2d5ec431be4b,src/devnous/gastos/routes/admin_routes.py,19246,update_password,POST,"[""/admin/empleados/{empleado_id}/password""]",/admin/empleados/{empleado_id}/password,"[""POST""]","[{""prefix"": """", ""evidence"": ""copa_telmex_dashboard.py:2236"", ""status"": ""include_router_static; conditional/runtime execution unverified""}]",[],[],"[{""key"": ""admin.root"", ""roles"": [""admin"", ""superadmin"", ""super_admin""], ""actions"": [""ver""], ""evidence"": ""src/devnous/gastos/services/access_control_service.py:125""}, {""key"": ""admin.empleados"", ""roles"": [""finanzas"", ""admin"", ""superadmin"", ""super_admin""], ""actions"": [""ver"", ""crear"", ""editar"", ""administrar""], ""evidence"": ""src/devnous/gastos/services/access_control_service.py:238""}]","UNPROVEN: guards/dependencies are evidence, not a complete effective-role matrix",identity,live_entrypoint_static,"[""require_admin_finanzas()""]",ROUTE OWNER ONLY; service authority unproven: src/devnous/gastos/routes/admin_routes.py:update_password,"[""session.commit""]",identity_update_password_post_2d5ec4,identity:write; never grants business authority,"[""empleado_id"", ""password"", ""password_confirm"", ""current_empleado""]",current employee + effective faculty + object + organization/legal entity + portfolio/tournament; UNPROVEN,write_or_effect_candidate,trusted human approval of exact draft/version/amount/currency/destination/digest; recheck at commit,scoped source IDs/version and redacted durable receipt; writes need canonical transactional dedup + postcondition,"[""role/object/company deny"", ""revoked/expired"", ""isolation"", ""read purity"", ""exact confirmation/version"", ""retry/crash/no duplicates"", ""verified receipt""]",DISABLED; CANONICAL_SCOPE_UNPROVEN; route presence is not adapter or UI parity proof
dc5ef9e3c41d,src/devnous/gastos/routes/admin_routes.py,19397,export_cuentas_contables_csv,GET,"[""/admin/cuentas-contables/export.csv""]",/admin/cuentas-contables/export.csv,"[""GET""]","[{""prefix"": """", ""evidence"": ""copa_telmex_dashboard.py:2236"", ""status"": ""include_router_static; conditional/runtime execution unverified""}]",[],[],"[{""key"": ""admin.root"", ""roles"": [""admin"", ""superadmin"", ""super_admin""], ""actions"": [""ver""], ""evidence"": ""src/devnous/gastos/services/access_control_service.py:125""}, {""key"": ""admin.cuentas_contables"", ""roles"": [""finanzas"", ""admin"", ""superadmin"", ""super_admin""], ""actions"": [""ver"", ""crear"", ""editar""], ""evidence"": ""src/devnous/gastos/services/access_control_service.py:274""}]","UNPROVEN: guards/dependencies are evidence, not a complete effective-role matrix",accounting,live_entrypoint_static,"[""require_admin_finanzas()""]",ROUTE OWNER ONLY; service authority unproven: src/devnous/gastos/routes/admin_routes.py:export_cuentas_contables_csv,[],accounting_export_cuentas_contables_csv_get_dc5ef9,accounting:read; never grants business authority,"[""current_empleado""]",current employee + effective faculty + object + organization/legal entity + portfolio/tournament; UNPROVEN,read_candidate; side effects NOT verified,none only after read-purity proof,scoped source IDs/version and redacted durable receipt; writes need canonical transactional dedup + postcondition,"[""role/object/company deny"", ""revoked/expired"", ""isolation"", ""read purity""]",DISABLED; CANONICAL_SCOPE_UNPROVEN; route presence is not adapter or UI parity proof
ca2348c3b21a,src/devnous/gastos/routes/admin_routes.py,19415,admin_cuentas_contables,GET,"[""/admin/cuentas-contables""]",/admin/cuentas-contables,"[""GET""]","[{""prefix"": """", ""evidence"": ""copa_telmex_dashboard.py:2236"", ""status"": ""include_router_static; conditional/runtime execution unverified""}]",[],[],"[{""key"": ""admin.root"", ""roles"": [""admin"", ""superadmin"", ""super_admin""], ""actions"": [""ver""], ""evidence"": ""src/devnous/gastos/services/access_control_service.py:125""}, {""key"": ""admin.cuentas_contables"", ""roles"": [""finanzas"", ""admin"", ""superadmin"", ""super_admin""], ""actions"": [""ver"", ""crear"", ""editar""], ""evidence"": ""src/devnous/gastos/services/access_control_service.py:274""}]","UNPROVEN: guards/dependencies are evidence, not a complete effective-role matrix",accounting,live_entrypoint_static,"[""(bi_scope or '').strip()"", ""(bi_scope or '').strip().lower()"", ""require_admin_finanzas()""]",ROUTE OWNER ONLY; service authority unproven: src/devnous/gastos/routes/admin_routes.py:admin_cuentas_contables,[],accounting_admin_cuentas_contables_get_ca2348,accounting:read; never grants business authority,"[""bi_year"", ""bi_scope"", ""current_empleado""]",current employee + effective faculty + object + organization/legal entity + portfolio/tournament; UNPROVEN,read_candidate; side effects NOT verified,none only after read-purity proof,scoped source IDs/version and redacted durable receipt; writes need canonical transactional dedup + postcondition,"[""role/object/company deny"", ""revoked/expired"", ""isolation"", ""read purity""]",DISABLED; CANONICAL_SCOPE_UNPROVEN; route presence is not adapter or UI parity proof
71dc8bcd63cb,src/devnous/gastos/routes/admin_routes.py,19747,create_cuenta_contable,POST,"[""/admin/cuentas-contables/create""]",/admin/cuentas-contables/create,"[""POST""]","[{""prefix"": """", ""evidence"": ""copa_telmex_dashboard.py:2236"", ""status"": ""include_router_static; conditional/runtime execution unverified""}]",[],[],"[{""key"": ""admin.root"", ""roles"": [""admin"", ""superadmin"", ""super_admin""], ""actions"": [""ver""], ""evidence"": ""src/devnous/gastos/services/access_control_service.py:125""}, {""key"": ""admin.cuentas_contables"", ""roles"": [""finanzas"", ""admin"", ""superadmin"", ""super_admin""], ""actions"": [""ver"", ""crear"", ""editar""], ""evidence"": ""src/devnous/gastos/services/access_control_service.py:274""}]","UNPROVEN: guards/dependencies are evidence, not a complete effective-role matrix",accounting,live_entrypoint_static,"[""NO_LOCAL_GUARD_FOUND; inherited/middleware review required""]",ROUTE OWNER ONLY; service authority unproven: src/devnous/gastos/routes/admin_routes.py:create_cuenta_contable,"[""session.commit""]",accounting_create_cuenta_contable_post_71dc8b,accounting:write; never grants business authority,"[""codigo"", ""nombre"", ""tipo"", ""bi_year"", ""bi_scope""]",current employee + effective faculty + object + organization/legal entity + portfolio/tournament; UNPROVEN,write_or_effect_candidate,trusted human approval of exact draft/version/amount/currency/destination/digest; recheck at commit,scoped source IDs/version and redacted durable receipt; writes need canonical transactional dedup + postcondition,"[""role/object/company deny"", ""revoked/expired"", ""isolation"", ""read purity"", ""exact confirmation/version"", ""retry/crash/no duplicates"", ""verified receipt""]",DISABLED; CANONICAL_SCOPE_UNPROVEN; route presence is not adapter or UI parity proof
dc5b778d418b,src/devnous/gastos/routes/admin_routes.py,19818,edit_cuenta_contable_form,GET,"[""/admin/cuentas-contables/edit/{cuenta_id}""]",/admin/cuentas-contables/edit/{cuenta_id},"[""GET""]","[{""prefix"": """", ""evidence"": ""copa_telmex_dashboard.py:2236"", ""status"": ""include_router_static; conditional/runtime execution unverified""}]",[],[],"[{""key"": ""admin.root"", ""roles"": [""admin"", ""superadmin"", ""super_admin""], ""actions"": [""ver""], ""evidence"": ""src/devnous/gastos/services/access_control_service.py:125""}, {""key"": ""admin.cuentas_contables"", ""roles"": [""finanzas"", ""admin"", ""superadmin"", ""super_admin""], ""actions"": [""ver"", ""crear"", ""editar""], ""evidence"": ""src/devnous/gastos/services/access_control_service.py:274""}]","UNPROVEN: guards/dependencies are evidence, not a complete effective-role matrix",accounting,live_entrypoint_static,"[""NO_LOCAL_GUARD_FOUND; inherited/middleware review required""]",ROUTE OWNER ONLY; service authority unproven: src/devnous/gastos/routes/admin_routes.py:edit_cuenta_contable_form,[],accounting_edit_cuenta_contable_form_get_dc5b77,accounting:read; never grants business authority,"[""cuenta_id"", ""bi_year"", ""bi_scope""]",current employee + effective faculty + object + organization/legal entity + portfolio/tournament; UNPROVEN,read_candidate; side effects NOT verified,none only after read-purity proof,scoped source IDs/version and redacted durable receipt; writes need canonical transactional dedup + postcondition,"[""role/object/company deny"", ""revoked/expired"", ""isolation"", ""read purity""]",DISABLED; CANONICAL_SCOPE_UNPROVEN; route presence is not adapter or UI parity proof
ecbbc491fcd3,src/devnous/gastos/routes/admin_routes.py,19922,update_cuenta_contable,POST,"[""/admin/cuentas-contables/update/{cuenta_id}""]",/admin/cuentas-contables/update/{cuenta_id},"[""POST""]","[{""prefix"": """", ""evidence"": ""copa_telmex_dashboard.py:2236"", ""status"": ""include_router_static; conditional/runtime execution unverified""}]",[],[],"[{""key"": ""admin.root"", ""roles"": [""admin"", ""superadmin"", ""super_admin""], ""actions"": [""ver""], ""evidence"": ""src/devnous/gastos/services/access_control_service.py:125""}, {""key"": ""admin.cuentas_contables"", ""roles"": [""finanzas"", ""admin"", ""superadmin"", ""super_admin""], ""actions"": [""ver"", ""crear"", ""editar""], ""evidence"": ""src/devnous/gastos/services/access_control_service.py:274""}]","UNPROVEN: guards/dependencies are evidence, not a complete effective-role matrix",accounting,live_entrypoint_static,"[""NO_LOCAL_GUARD_FOUND; inherited/middleware review required""]",ROUTE OWNER ONLY; service authority unproven: src/devnous/gastos/routes/admin_routes.py:update_cuenta_contable,"[""session.commit""]",accounting_update_cuenta_contable_post_ecbbc4,accounting:write; never grants business authority,"[""cuenta_id"", ""codigo"", ""nombre"", ""tipo"", ""bi_year"", ""bi_scope""]",current employee + effective faculty + object + organization/legal entity + portfolio/tournament; UNPROVEN,write_or_effect_candidate,trusted human approval of exact draft/version/amount/currency/destination/digest; recheck at commit,scoped source IDs/version and redacted durable receipt; writes need canonical transactional dedup + postcondition,"[""role/object/company deny"", ""revoked/expired"", ""isolation"", ""read purity"", ""exact confirmation/version"", ""retry/crash/no duplicates"", ""verified receipt""]",DISABLED; CANONICAL_SCOPE_UNPROVEN; route presence is not adapter or UI parity proof
ef3aeb5c4724,src/devnous/gastos/routes/admin_routes.py,20007,carga_masiva_coi_form,GET,"[""/admin/contabilidad/coi/carga-masiva""]",/admin/contabilidad/coi/carga-masiva,"[""GET""]","[{""prefix"": """", ""evidence"": ""copa_telmex_dashboard.py:2236"", ""status"": ""include_router_static; conditional/runtime execution unverified""}]",[],[],"[{""key"": ""admin.root"", ""roles"": [""admin"", ""superadmin"", ""super_admin""], ""actions"": [""ver""], ""evidence"": ""src/devnous/gastos/services/access_control_service.py:125""}, {""key"": ""admin.contabilidad"", ""roles"": [""finanzas"", ""admin"", ""superadmin"", ""super_admin""], ""actions"": [""ver"", ""crear"", ""editar"", ""exportar"", ""administrar""], ""evidence"": ""src/devnous/gastos/services/access_control_service.py:301""}]","UNPROVEN: guards/dependencies are evidence, not a complete effective-role matrix",accounting,live_entrypoint_static,"[""require_admin_finanzas()""]",ROUTE OWNER ONLY; service authority unproven: src/devnous/gastos/routes/admin_routes.py:carga_masiva_coi_form,[],accounting_carga_masiva_coi_form_get_ef3aeb,accounting:read; never grants business authority,"[""current_empleado""]",current employee + effective faculty + object + organization/legal entity + portfolio/tournament; UNPROVEN,read_candidate; side effects NOT verified,none only after read-purity proof,scoped source IDs/version and redacted durable receipt; writes need canonical transactional dedup + postcondition,"[""role/object/company deny"", ""revoked/expired"", ""isolation"", ""read purity""]",DISABLED; CANONICAL_SCOPE_UNPROVEN; route presence is not adapter or UI parity proof
e006ff720a5c,src/devnous/gastos/routes/admin_routes.py,20114,carga_masiva_coi_post,POST,"[""/admin/contabilidad/coi/carga-masiva""]",/admin/contabilidad/coi/carga-masiva,"[""POST""]","[{""prefix"": """", ""evidence"": ""copa_telmex_dashboard.py:2236"", ""status"": ""include_router_static; conditional/runtime execution unverified""}]",[],[],"[{""key"": ""admin.root"", ""roles"": [""admin"", ""superadmin"", ""super_admin""], ""actions"": [""ver""], ""evidence"": ""src/devnous/gastos/services/access_control_service.py:125""}, {""key"": ""admin.contabilidad"", ""roles"": [""finanzas"", ""admin"", ""superadmin"", ""super_admin""], ""actions"": [""ver"", ""crear"", ""editar"", ""exportar"", ""administrar""], ""evidence"": ""src/devnous/gastos/services/access_control_service.py:301""}]","UNPROVEN: guards/dependencies are evidence, not a complete effective-role matrix",accounting,live_entrypoint_static,"[""require_admin_finanzas()""]",ROUTE OWNER ONLY; service authority unproven: src/devnous/gastos/routes/admin_routes.py:carga_masiva_coi_post,[],accounting_carga_masiva_coi_post_post_e006ff,accounting:write; never grants business authority,"[""current_empleado"", ""archivo_xlsx"", ""modo""]",current employee + effective faculty + object + organization/legal entity + portfolio/tournament; UNPROVEN,write_or_effect_candidate,trusted human approval of exact draft/version/amount/currency/destination/digest; recheck at commit,scoped source IDs/version and redacted durable receipt; writes need canonical transactional dedup + postcondition,"[""role/object/company deny"", ""revoked/expired"", ""isolation"", ""read purity"", ""exact confirmation/version"", ""retry/crash/no duplicates"", ""verified receipt""]",DISABLED; CANONICAL_SCOPE_UNPROVEN; route presence is not adapter or UI parity proof
04e8959841db,src/devnous/gastos/routes/admin_routes.py,20178,carga_masiva_auxiliar_form,GET,"[""/admin/contabilidad/auxiliar/carga-masiva""]",/admin/contabilidad/auxiliar/carga-masiva,"[""GET""]","[{""prefix"": """", ""evidence"": ""copa_telmex_dashboard.py:2236"", ""status"": ""include_router_static; conditional/runtime execution unverified""}]",[],[],"[{""key"": ""admin.root"", ""roles"": [""admin"", ""superadmin"", ""super_admin""], ""actions"": [""ver""], ""evidence"": ""src/devnous/gastos/services/access_control_service.py:125""}, {""key"": ""admin.contabilidad"", ""roles"": [""finanzas"", ""admin"", ""superadmin"", ""super_admin""], ""actions"": [""ver"", ""crear"", ""editar"", ""exportar"", ""administrar""], ""evidence"": ""src/devnous/gastos/services/access_control_service.py:301""}]","UNPROVEN: guards/dependencies are evidence, not a complete effective-role matrix",accounting,live_entrypoint_static,"[""require_admin_finanzas()""]",ROUTE OWNER ONLY; service authority unproven: src/devnous/gastos/routes/admin_routes.py:carga_masiva_auxiliar_form,[],accounting_carga_masiva_auxiliar_form_get_04e895,accounting:read; never grants business authority,"[""current_empleado""]",current employee + effective faculty + object + organization/legal entity + portfolio/tournament; UNPROVEN,read_candidate; side effects NOT verified,none only after read-purity proof,scoped source IDs/version and redacted durable receipt; writes need canonical transactional dedup + postcondition,"[""role/object/company deny"", ""revoked/expired"", ""isolation"", ""read purity""]",DISABLED; CANONICAL_SCOPE_UNPROVEN; route presence is not adapter or UI parity proof
21331c8c5a76,src/devnous/gastos/routes/admin_routes.py,20284,carga_masiva_auxiliar_post,POST,"[""/admin/contabilidad/auxiliar/carga-masiva""]",/admin/contabilidad/auxiliar/carga-masiva,"[""POST""]","[{""prefix"": """", ""evidence"": ""copa_telmex_dashboard.py:2236"", ""status"": ""include_router_static; conditional/runtime execution unverified""}]",[],[],"[{""key"": ""admin.root"", ""roles"": [""admin"", ""superadmin"", ""super_admin""], ""actions"": [""ver""], ""evidence"": ""src/devnous/gastos/services/access_control_service.py:125""}, {""key"": ""admin.contabilidad"", ""roles"": [""finanzas"", ""admin"", ""superadmin"", ""super_admin""], ""actions"": [""ver"", ""crear"", ""editar"", ""exportar"", ""administrar""], ""evidence"": ""src/devnous/gastos/services/access_control_service.py:301""}]","UNPROVEN: guards/dependencies are evidence, not a complete effective-role matrix",accounting,live_entrypoint_static,"[""require_admin_finanzas()""]",ROUTE OWNER ONLY; service authority unproven: src/devnous/gastos/routes/admin_routes.py:carga_masiva_auxiliar_post,[],accounting_carga_masiva_auxiliar_post_post_21331c,accounting:write; never grants business authority,"[""current_empleado"", ""archivo_xlsx"", ""modo""]",current employee + effective faculty + object + organization/legal entity + portfolio/tournament; UNPROVEN,write_or_effect_candidate,trusted human approval of exact draft/version/amount/currency/destination/digest; recheck at commit,scoped source IDs/version and redacted durable receipt; writes need canonical transactional dedup + postcondition,"[""role/object/company deny"", ""revoked/expired"", ""isolation"", ""read purity"", ""exact confirmation/version"", ""retry/crash/no duplicates"", ""verified receipt""]",DISABLED; CANONICAL_SCOPE_UNPROVEN; route presence is not adapter or UI parity proof
902011158ad2,src/devnous/gastos/routes/admin_routes.py,20347,carga_masiva_banco_form,GET,"[""/admin/contabilidad/banco/carga-masiva""]",/admin/contabilidad/banco/carga-masiva,"[""GET""]","[{""prefix"": """", ""evidence"": ""copa_telmex_dashboard.py:2236"", ""status"": ""include_router_static; conditional/runtime execution unverified""}]",[],[],"[{""key"": ""admin.root"", ""roles"": [""admin"", ""superadmin"", ""super_admin""], ""actions"": [""ver""], ""evidence"": ""src/devnous/gastos/services/access_control_service.py:125""}, {""key"": ""admin.contabilidad"", ""roles"": [""finanzas"", ""admin"", ""superadmin"", ""super_admin""], ""actions"": [""ver"", ""crear"", ""editar"", ""exportar"", ""administrar""], ""evidence"": ""src/devnous/gastos/services/access_control_service.py:301""}]","UNPROVEN: guards/dependencies are evidence, not a complete effective-role matrix",accounting,live_entrypoint_static,"[""require_admin_finanzas()""]",ROUTE OWNER ONLY; service authority unproven: src/devnous/gastos/routes/admin_routes.py:carga_masiva_banco_form,[],accounting_carga_masiva_banco_form_get_902011,accounting:read; never grants business authority,"[""current_empleado""]",current employee + effective faculty + object + organization/legal entity + portfolio/tournament; UNPROVEN,read_candidate; side effects NOT verified,none only after read-purity proof,scoped source IDs/version and redacted durable receipt; writes need canonical transactional dedup + postcondition,"[""role/object/company deny"", ""revoked/expired"", ""isolation"", ""read purity""]",DISABLED; CANONICAL_SCOPE_UNPROVEN; route presence is not adapter or UI parity proof
5774811ee0f8,src/devnous/gastos/routes/admin_routes.py,20498,carga_masiva_banco_post,POST,"[""/admin/contabilidad/banco/carga-masiva""]",/admin/contabilidad/banco/carga-masiva,"[""POST""]","[{""prefix"": """", ""evidence"": ""copa_telmex_dashboard.py:2236"", ""status"": ""include_router_static; conditional/runtime execution unverified""}]",[],[],"[{""key"": ""admin.root"", ""roles"": [""admin"", ""superadmin"", ""super_admin""], ""actions"": [""ver""], ""evidence"": ""src/devnous/gastos/services/access_control_service.py:125""}, {""key"": ""admin.contabilidad"", ""roles"": [""finanzas"", ""admin"", ""superadmin"", ""super_admin""], ""actions"": [""ver"", ""crear"", ""editar"", ""exportar"", ""administrar""], ""evidence"": ""src/devnous/gastos/services/access_control_service.py:301""}]","UNPROVEN: guards/dependencies are evidence, not a complete effective-role matrix",accounting,live_entrypoint_static,"[""require_admin_finanzas()""]",ROUTE OWNER ONLY; service authority unproven: src/devnous/gastos/routes/admin_routes.py:carga_masiva_banco_post,[],accounting_carga_masiva_banco_post_post_577481,accounting:write; never grants business authority,"[""current_empleado"", ""archivo_csv"", ""modo""]",current employee + effective faculty + object + organization/legal entity + portfolio/tournament; UNPROVEN,write_or_effect_candidate,trusted human approval of exact draft/version/amount/currency/destination/digest; recheck at commit,scoped source IDs/version and redacted durable receipt; writes need canonical transactional dedup + postcondition,"[""role/object/company deny"", ""revoked/expired"", ""isolation"", ""read purity"", ""exact confirmation/version"", ""retry/crash/no duplicates"", ""verified receipt""]",DISABLED; CANONICAL_SCOPE_UNPROVEN; route presence is not adapter or UI parity proof
9afda2ceccaf,src/devnous/gastos/routes/admin_routes.py,20558,carga_masiva_runa_nomina_form,GET,"[""/admin/nomina/runa/carga-masiva""]",/admin/nomina/runa/carga-masiva,"[""GET""]","[{""prefix"": """", ""evidence"": ""copa_telmex_dashboard.py:2236"", ""status"": ""include_router_static; conditional/runtime execution unverified""}]",[],[],"[{""key"": ""admin.root"", ""roles"": [""admin"", ""superadmin"", ""super_admin""], ""actions"": [""ver""], ""evidence"": ""src/devnous/gastos/services/access_control_service.py:125""}, {""key"": ""admin.nomina"", ""roles"": [""finanzas"", ""admin"", ""superadmin"", ""super_admin""], ""actions"": [""ver"", ""crear"", ""editar"", ""exportar"", ""administrar""], ""evidence"": ""src/devnous/gastos/services/access_control_service.py:310""}]","UNPROVEN: guards/dependencies are evidence, not a complete effective-role matrix",accounting,live_entrypoint_static,"[""require_admin_finanzas()""]",ROUTE OWNER ONLY; service authority unproven: src/devnous/gastos/routes/admin_routes.py:carga_masiva_runa_nomina_form,[],accounting_carga_masiva_runa_nomina_form_get_9afda2,accounting:read; never grants business authority,"[""current_empleado""]",current employee + effective faculty + object + organization/legal entity + portfolio/tournament; UNPROVEN,read_candidate; side effects NOT verified,none only after read-purity proof,scoped source IDs/version and redacted durable receipt; writes need canonical transactional dedup + postcondition,"[""role/object/company deny"", ""revoked/expired"", ""isolation"", ""read purity""]",DISABLED; CANONICAL_SCOPE_UNPROVEN; route presence is not adapter or UI parity proof
527783fa485a,src/devnous/gastos/routes/admin_routes.py,20664,carga_masiva_runa_nomina_post,POST,"[""/admin/nomina/runa/carga-masiva""]",/admin/nomina/runa/carga-masiva,"[""POST""]","[{""prefix"": """", ""evidence"": ""copa_telmex_dashboard.py:2236"", ""status"": ""include_router_static; conditional/runtime execution unverified""}]",[],[],"[{""key"": ""admin.root"", ""roles"": [""admin"", ""superadmin"", ""super_admin""], ""actions"": [""ver""], ""evidence"": ""src/devnous/gastos/services/access_control_service.py:125""}, {""key"": ""admin.nomina"", ""roles"": [""finanzas"", ""admin"", ""superadmin"", ""super_admin""], ""actions"": [""ver"", ""crear"", ""editar"", ""exportar"", ""administrar""], ""evidence"": ""src/devnous/gastos/services/access_control_service.py:310""}]","UNPROVEN: guards/dependencies are evidence, not a complete effective-role matrix",accounting,live_entrypoint_static,"[""require_admin_finanzas()""]",ROUTE OWNER ONLY; service authority unproven: src/devnous/gastos/routes/admin_routes.py:carga_masiva_runa_nomina_post,[],accounting_carga_masiva_runa_nomina_post_post_527783,accounting:write; never grants business authority,"[""current_empleado"", ""archivo_xlsx"", ""modo""]",current employee + effective faculty + object + organization/legal entity + portfolio/tournament; UNPROVEN,write_or_effect_candidate,trusted human approval of exact draft/version/amount/currency/destination/digest; recheck at commit,scoped source IDs/version and redacted durable receipt; writes need canonical transactional dedup + postcondition,"[""role/object/company deny"", ""revoked/expired"", ""isolation"", ""read purity"", ""exact confirmation/version"", ""retry/crash/no duplicates"", ""verified receipt""]",DISABLED; CANONICAL_SCOPE_UNPROVEN; route presence is not adapter or UI parity proof
00baa0a428e0,src/devnous/gastos/routes/admin_routes.py,20729,seed_expense_matches_from_bank_post,POST,"[""/admin/contabilidad/banco/seed-expense-matches""]",/admin/contabilidad/banco/seed-expense-matches,"[""POST""]","[{""prefix"": """", ""evidence"": ""copa_telmex_dashboard.py:2236"", ""status"": ""include_router_static; conditional/runtime execution unverified""}]",[],[],"[{""key"": ""admin.root"", ""roles"": [""admin"", ""superadmin"", ""super_admin""], ""actions"": [""ver""], ""evidence"": ""src/devnous/gastos/services/access_control_service.py:125""}, {""key"": ""admin.contabilidad"", ""roles"": [""finanzas"", ""admin"", ""superadmin"", ""super_admin""], ""actions"": [""ver"", ""crear"", ""editar"", ""exportar"", ""administrar""], ""evidence"": ""src/devnous/gastos/services/access_control_service.py:301""}]","UNPROVEN: guards/dependencies are evidence, not a complete effective-role matrix",accounting,live_entrypoint_static,"[""require_admin_finanzas()""]",ROUTE OWNER ONLY; service authority unproven: src/devnous/gastos/routes/admin_routes.py:seed_expense_matches_from_bank_post,[],accounting_seed_expense_matches_from_bank_post_post_00baa0,accounting:write; never grants business authority,"[""current_empleado"", ""empleado_correo"", ""proyecto"", ""year"", ""month"", ""limit"", ""modo_seed"", ""require_outflow"", ""return_to""]",current employee + effective faculty + object + organization/legal entity + portfolio/tournament; UNPROVEN,write_or_effect_candidate,trusted human approval of exact draft/version/amount/currency/destination/digest; recheck at commit,scoped source IDs/version and redacted durable receipt; writes need canonical transactional dedup + postcondition,"[""role/object/company deny"", ""revoked/expired"", ""isolation"", ""read purity"", ""exact confirmation/version"", ""retry/crash/no duplicates"", ""verified receipt""]",DISABLED; CANONICAL_SCOPE_UNPROVEN; route presence is not adapter or UI parity proof
68edb420c83b,src/devnous/gastos/routes/admin_routes.py,20834,carga_masiva_cuentas_contables_form,GET,"[""/admin/cuentas-contables/carga-masiva""]",/admin/cuentas-contables/carga-masiva,"[""GET""]","[{""prefix"": """", ""evidence"": ""copa_telmex_dashboard.py:2236"", ""status"": ""include_router_static; conditional/runtime execution unverified""}]",[],[],"[{""key"": ""admin.root"", ""roles"": [""admin"", ""superadmin"", ""super_admin""], ""actions"": [""ver""], ""evidence"": ""src/devnous/gastos/services/access_control_service.py:125""}, {""key"": ""admin.cuentas_contables"", ""roles"": [""finanzas"", ""admin"", ""superadmin"", ""super_admin""], ""actions"": [""ver"", ""crear"", ""editar""], ""evidence"": ""src/devnous/gastos/services/access_control_service.py:274""}]","UNPROVEN: guards/dependencies are evidence, not a complete effective-role matrix",accounting,live_entrypoint_static,"[""require_admin_finanzas()""]",ROUTE OWNER ONLY; service authority unproven: src/devnous/gastos/routes/admin_routes.py:carga_masiva_cuentas_contables_form,[],accounting_carga_masiva_cuentas_contables_form_get_68edb4,accounting:read; never grants business authority,"[""current_empleado""]",current employee + effective faculty + object + organization/legal entity + portfolio/tournament; UNPROVEN,read_candidate; side effects NOT verified,none only after read-purity proof,scoped source IDs/version and redacted durable receipt; writes need canonical transactional dedup + postcondition,"[""role/object/company deny"", ""revoked/expired"", ""isolation"", ""read purity""]",DISABLED; CANONICAL_SCOPE_UNPROVEN; route presence is not adapter or UI parity proof
27354a1c74e9,src/devnous/gastos/routes/admin_routes.py,21064,carga_masiva_cuentas_contables_post,POST,"[""/admin/cuentas-contables/carga-masiva""]",/admin/cuentas-contables/carga-masiva,"[""POST""]","[{""prefix"": """", ""evidence"": ""copa_telmex_dashboard.py:2236"", ""status"": ""include_router_static; conditional/runtime execution unverified""}]",[],[],"[{""key"": ""admin.root"", ""roles"": [""admin"", ""superadmin"", ""super_admin""], ""actions"": [""ver""], ""evidence"": ""src/devnous/gastos/services/access_control_service.py:125""}, {""key"": ""admin.cuentas_contables"", ""roles"": [""finanzas"", ""admin"", ""superadmin"", ""super_admin""], ""actions"": [""ver"", ""crear"", ""editar""], ""evidence"": ""src/devnous/gastos/services/access_control_service.py:274""}]","UNPROVEN: guards/dependencies are evidence, not a complete effective-role matrix",accounting,live_entrypoint_static,"[""require_admin_finanzas()""]",ROUTE OWNER ONLY; service authority unproven: src/devnous/gastos/routes/admin_routes.py:carga_masiva_cuentas_contables_post,"[""session.commit""]",accounting_carga_masiva_cuentas_contables_post_post_27354a,accounting:write; never grants business authority,"[""current_empleado"", ""archivo_csv""]",current employee + effective faculty + object + organization/legal entity + portfolio/tournament; UNPROVEN,write_or_effect_candidate,trusted human approval of exact draft/version/amount/currency/destination/digest; recheck at commit,scoped source IDs/version and redacted durable receipt; writes need canonical transactional dedup + postcondition,"[""role/object/company deny"", ""revoked/expired"", ""isolation"", ""read purity"", ""exact confirmation/version"", ""retry/crash/no duplicates"", ""verified receipt""]",DISABLED; CANONICAL_SCOPE_UNPROVEN; route presence is not adapter or UI parity proof
7761de9365a1,src/devnous/gastos/routes/admin_routes.py,21163,admin_centros_costo,GET,"[""/admin/centros-costo""]",/admin/centros-costo,"[""GET""]","[{""prefix"": """", ""evidence"": ""copa_telmex_dashboard.py:2236"", ""status"": ""include_router_static; conditional/runtime execution unverified""}]",[],[],"[{""key"": ""admin.root"", ""roles"": [""admin"", ""superadmin"", ""super_admin""], ""actions"": [""ver""], ""evidence"": ""src/devnous/gastos/services/access_control_service.py:125""}, {""key"": ""admin.centros_costo"", ""roles"": [""finanzas"", ""admin"", ""superadmin"", ""super_admin""], ""actions"": [""ver"", ""crear"", ""editar""], ""evidence"": ""src/devnous/gastos/services/access_control_service.py:283""}]","UNPROVEN: guards/dependencies are evidence, not a complete effective-role matrix",documents_and_other,live_entrypoint_static,"[""require_admin_finanzas()""]",ROUTE OWNER ONLY; service authority unproven: src/devnous/gastos/routes/admin_routes.py:admin_centros_costo,[],documents_and_other_admin_centros_costo_get_7761de,documents_and_other:read; never grants business authority,"[""current_empleado""]",current employee + effective faculty + object + organization/legal entity + portfolio/tournament; UNPROVEN,read_candidate; side effects NOT verified,none only after read-purity proof,scoped source IDs/version and redacted durable receipt; writes need canonical transactional dedup + postcondition,"[""role/object/company deny"", ""revoked/expired"", ""isolation"", ""read purity""]",DISABLED; CANONICAL_SCOPE_UNPROVEN; route presence is not adapter or UI parity proof
1744aec5b5a3,src/devnous/gastos/routes/admin_routes.py,21391,create_centro_costo,POST,"[""/admin/centros-costo/create""]",/admin/centros-costo/create,"[""POST""]","[{""prefix"": """", ""evidence"": ""copa_telmex_dashboard.py:2236"", ""status"": ""include_router_static; conditional/runtime execution unverified""}]",[],[],"[{""key"": ""admin.root"", ""roles"": [""admin"", ""superadmin"", ""super_admin""], ""actions"": [""ver""], ""evidence"": ""src/devnous/gastos/services/access_control_service.py:125""}, {""key"": ""admin.centros_costo"", ""roles"": [""finanzas"", ""admin"", ""superadmin"", ""super_admin""], ""actions"": [""ver"", ""crear"", ""editar""], ""evidence"": ""src/devnous/gastos/services/access_control_service.py:283""}]","UNPROVEN: guards/dependencies are evidence, not a complete effective-role matrix",documents_and_other,live_entrypoint_static,"[""NO_LOCAL_GUARD_FOUND; inherited/middleware review required""]",ROUTE OWNER ONLY; service authority unproven: src/devnous/gastos/routes/admin_routes.py:create_centro_costo,"[""session.commit""]",documents_and_other_create_centro_costo_post_1744ae,documents_and_other:write; never grants business authority,"[""codigo"", ""nombre""]",current employee + effective faculty + object + organization/legal entity + portfolio/tournament; UNPROVEN,write_or_effect_candidate,trusted human approval of exact draft/version/amount/currency/destination/digest; recheck at commit,scoped source IDs/version and redacted durable receipt; writes need canonical transactional dedup + postcondition,"[""role/object/company deny"", ""revoked/expired"", ""isolation"", ""read purity"", ""exact confirmation/version"", ""retry/crash/no duplicates"", ""verified receipt""]",DISABLED; CANONICAL_SCOPE_UNPROVEN; route presence is not adapter or UI parity proof
03af105fa7d1,src/devnous/gastos/routes/admin_routes.py,21438,edit_centro_costo_form,GET,"[""/admin/centros-costo/edit/{centro_id}""]",/admin/centros-costo/edit/{centro_id},"[""GET""]","[{""prefix"": """", ""evidence"": ""copa_telmex_dashboard.py:2236"", ""status"": ""include_router_static; conditional/runtime execution unverified""}]",[],[],"[{""key"": ""admin.root"", ""roles"": [""admin"", ""superadmin"", ""super_admin""], ""actions"": [""ver""], ""evidence"": ""src/devnous/gastos/services/access_control_service.py:125""}, {""key"": ""admin.centros_costo"", ""roles"": [""finanzas"", ""admin"", ""superadmin"", ""super_admin""], ""actions"": [""ver"", ""crear"", ""editar""], ""evidence"": ""src/devnous/gastos/services/access_control_service.py:283""}]","UNPROVEN: guards/dependencies are evidence, not a complete effective-role matrix",documents_and_other,live_entrypoint_static,"[""NO_LOCAL_GUARD_FOUND; inherited/middleware review required""]",ROUTE OWNER ONLY; service authority unproven: src/devnous/gastos/routes/admin_routes.py:edit_centro_costo_form,[],documents_and_other_edit_centro_costo_form_get_03af10,documents_and_other:read; never grants business authority,"[""centro_id""]",current employee + effective faculty + object + organization/legal entity + portfolio/tournament; UNPROVEN,read_candidate; side effects NOT verified,none only after read-purity proof,scoped source IDs/version and redacted durable receipt; writes need canonical transactional dedup + postcondition,"[""role/object/company deny"", ""revoked/expired"", ""isolation"", ""read purity""]",DISABLED; CANONICAL_SCOPE_UNPROVEN; route presence is not adapter or UI parity proof
1fdbf0d4eed5,src/devnous/gastos/routes/admin_routes.py,21508,update_centro_costo,POST,"[""/admin/centros-costo/update/{centro_id}""]",/admin/centros-costo/update/{centro_id},"[""POST""]","[{""prefix"": """", ""evidence"": ""copa_telmex_dashboard.py:2236"", ""status"": ""include_router_static; conditional/runtime execution unverified""}]",[],[],"[{""key"": ""admin.root"", ""roles"": [""admin"", ""superadmin"", ""super_admin""], ""actions"": [""ver""], ""evidence"": ""src/devnous/gastos/services/access_control_service.py:125""}, {""key"": ""admin.centros_costo"", ""roles"": [""finanzas"", ""admin"", ""superadmin"", ""super_admin""], ""actions"": [""ver"", ""crear"", ""editar""], ""evidence"": ""src/devnous/gastos/services/access_control_service.py:283""}]","UNPROVEN: guards/dependencies are evidence, not a complete effective-role matrix",documents_and_other,live_entrypoint_static,"[""NO_LOCAL_GUARD_FOUND; inherited/middleware review required""]",ROUTE OWNER ONLY; service authority unproven: src/devnous/gastos/routes/admin_routes.py:update_centro_costo,"[""session.commit""]",documents_and_other_update_centro_costo_post_1fdbf0,documents_and_other:write; never grants business authority,"[""centro_id"", ""codigo"", ""nombre""]",current employee + effective faculty + object + organization/legal entity + portfolio/tournament; UNPROVEN,write_or_effect_candidate,trusted human approval of exact draft/version/amount/currency/destination/digest; recheck at commit,scoped source IDs/version and redacted durable receipt; writes need canonical transactional dedup + postcondition,"[""role/object/company deny"", ""revoked/expired"", ""isolation"", ""read purity"", ""exact confirmation/version"", ""retry/crash/no duplicates"", ""verified receipt""]",DISABLED; CANONICAL_SCOPE_UNPROVEN; route presence is not adapter or UI parity proof
93ddc2950627,src/devnous/gastos/routes/admin_routes.py,21572,admin_proveedores_clientes,GET,"[""/admin/proveedores-clientes""]",/admin/proveedores-clientes,"[""GET""]","[{""prefix"": """", ""evidence"": ""copa_telmex_dashboard.py:2236"", ""status"": ""include_router_static; conditional/runtime execution unverified""}]",[],[],"[{""key"": ""admin.root"", ""roles"": [""admin"", ""superadmin"", ""super_admin""], ""actions"": [""ver""], ""evidence"": ""src/devnous/gastos/services/access_control_service.py:125""}, {""key"": ""admin.proveedores"", ""roles"": [""admin"", ""superadmin"", ""super_admin""], ""actions"": [""ver"", ""crear"", ""editar""], ""evidence"": ""src/devnous/gastos/services/access_control_service.py:256""}]","UNPROVEN: guards/dependencies are evidence, not a complete effective-role matrix",documents_and_other,live_entrypoint_static,"[""NO_LOCAL_GUARD_FOUND; inherited/middleware review required""]",ROUTE OWNER ONLY; service authority unproven: src/devnous/gastos/routes/admin_routes.py:admin_proveedores_clientes,[],documents_and_other_admin_proveedores_clientes_get_93ddc2,documents_and_other:read; never grants business authority,"[""current_empleado"", ""search"", ""tipo_filter"", ""activo_filter"", ""success_msg"", ""error_msg""]",current employee + effective faculty + object + organization/legal entity + portfolio/tournament; UNPROVEN,read_candidate; side effects NOT verified,none only after read-purity proof,scoped source IDs/version and redacted durable receipt; writes need canonical transactional dedup + postcondition,"[""role/object/company deny"", ""revoked/expired"", ""isolation"", ""read purity""]",DISABLED; CANONICAL_SCOPE_UNPROVEN; route presence is not adapter or UI parity proof
60480bbd9049,src/devnous/gastos/routes/admin_routes.py,22115,create_proveedor_cliente,POST,"[""/admin/proveedores-clientes/create""]",/admin/proveedores-clientes/create,"[""POST""]","[{""prefix"": """", ""evidence"": ""copa_telmex_dashboard.py:2236"", ""status"": ""include_router_static; conditional/runtime execution unverified""}]",[],[],"[{""key"": ""admin.root"", ""roles"": [""admin"", ""superadmin"", ""super_admin""], ""actions"": [""ver""], ""evidence"": ""src/devnous/gastos/services/access_control_service.py:125""}, {""key"": ""admin.proveedores"", ""roles"": [""admin"", ""superadmin"", ""super_admin""], ""actions"": [""ver"", ""crear"", ""editar""], ""evidence"": ""src/devnous/gastos/services/access_control_service.py:256""}]","UNPROVEN: guards/dependencies are evidence, not a complete effective-role matrix",documents_and_other,live_entrypoint_static,"[""NO_LOCAL_GUARD_FOUND; inherited/middleware review required""]",ROUTE OWNER ONLY; service authority unproven: src/devnous/gastos/routes/admin_routes.py:create_proveedor_cliente,"[""session.commit""]",documents_and_other_create_proveedor_cliente_post_60480b,documents_and_other:write; never grants business authority,"[""tipo"", ""nombre"", ""rfc"", ""banco"", ""cuenta_clabe"", ""cuenta_bancaria"", ""entidad_region"", ""empleado_id"", ""current_empleado""]",current employee + effective faculty + object + organization/legal entity + portfolio/tournament; UNPROVEN,write_or_effect_candidate,trusted human approval of exact draft/version/amount/currency/destination/digest; recheck at commit,scoped source IDs/version and redacted durable receipt; writes need canonical transactional dedup + postcondition,"[""role/object/company deny"", ""revoked/expired"", ""isolation"", ""read purity"", ""exact confirmation/version"", ""retry/crash/no duplicates"", ""verified receipt""]",DISABLED; CANONICAL_SCOPE_UNPROVEN; route presence is not adapter or UI parity proof
c5f1164a3217,src/devnous/gastos/routes/admin_routes.py,22276,update_proveedor_cliente_estado,POST,"[""/admin/proveedores-clientes/{proveedor_id}/estado""]",/admin/proveedores-clientes/{proveedor_id}/estado,"[""POST""]","[{""prefix"": """", ""evidence"": ""copa_telmex_dashboard.py:2236"", ""status"": ""include_router_static; conditional/runtime execution unverified""}]",[],[],"[{""key"": ""admin.root"", ""roles"": [""admin"", ""superadmin"", ""super_admin""], ""actions"": [""ver""], ""evidence"": ""src/devnous/gastos/services/access_control_service.py:125""}, {""key"": ""admin.proveedores"", ""roles"": [""admin"", ""superadmin"", ""super_admin""], ""actions"": [""ver"", ""crear"", ""editar""], ""evidence"": ""src/devnous/gastos/services/access_control_service.py:256""}]","UNPROVEN: guards/dependencies are evidence, not a complete effective-role matrix",documents_and_other,live_entrypoint_static,"[""NO_LOCAL_GUARD_FOUND; inherited/middleware review required""]",ROUTE OWNER ONLY; service authority unproven: src/devnous/gastos/routes/admin_routes.py:update_proveedor_cliente_estado,"[""session.commit""]",documents_and_other_update_proveedor_cliente_estado_post_c5f116,documents_and_other:write; never grants business authority,"[""proveedor_id"", ""activo"", ""current_empleado""]",current employee + effective faculty + object + organization/legal entity + portfolio/tournament; UNPROVEN,write_or_effect_candidate,trusted human approval of exact draft/version/amount/currency/destination/digest; recheck at commit,scoped source IDs/version and redacted durable receipt; writes need canonical transactional dedup + postcondition,"[""role/object/company deny"", ""revoked/expired"", ""isolation"", ""read purity"", ""exact confirmation/version"", ""retry/crash/no duplicates"", ""verified receipt""]",DISABLED; CANONICAL_SCOPE_UNPROVEN; route presence is not adapter or UI parity proof
1f34df40f608,src/devnous/gastos/routes/admin_routes.py,22310,edit_proveedor_cliente_form,GET,"[""/admin/proveedores-clientes/edit/{proveedor_id}""]",/admin/proveedores-clientes/edit/{proveedor_id},"[""GET""]","[{""prefix"": """", ""evidence"": ""copa_telmex_dashboard.py:2236"", ""status"": ""include_router_static; conditional/runtime execution unverified""}]",[],[],"[{""key"": ""admin.root"", ""roles"": [""admin"", ""superadmin"", ""super_admin""], ""actions"": [""ver""], ""evidence"": ""src/devnous/gastos/services/access_control_service.py:125""}, {""key"": ""admin.proveedores"", ""roles"": [""admin"", ""superadmin"", ""super_admin""], ""actions"": [""ver"", ""crear"", ""editar""], ""evidence"": ""src/devnous/gastos/services/access_control_service.py:256""}]","UNPROVEN: guards/dependencies are evidence, not a complete effective-role matrix",documents_and_other,live_entrypoint_static,"[""NO_LOCAL_GUARD_FOUND; inherited/middleware review required""]",ROUTE OWNER ONLY; service authority unproven: src/devnous/gastos/routes/admin_routes.py:edit_proveedor_cliente_form,[],documents_and_other_edit_proveedor_cliente_form_get_1f34df,documents_and_other:read; never grants business authority,"[""proveedor_id"", ""current_empleado""]",current employee + effective faculty + object + organization/legal entity + portfolio/tournament; UNPROVEN,read_candidate; side effects NOT verified,none only after read-purity proof,scoped source IDs/version and redacted durable receipt; writes need canonical transactional dedup + postcondition,"[""role/object/company deny"", ""revoked/expired"", ""isolation"", ""read purity""]",DISABLED; CANONICAL_SCOPE_UNPROVEN; route presence is not adapter or UI parity proof
4d4f0877c521,src/devnous/gastos/routes/admin_routes.py,22559,update_proveedor_cliente,POST,"[""/admin/proveedores-clientes/update/{proveedor_id}""]",/admin/proveedores-clientes/update/{proveedor_id},"[""POST""]","[{""prefix"": """", ""evidence"": ""copa_telmex_dashboard.py:2236"", ""status"": ""include_router_static; conditional/runtime execution unverified""}]",[],[],"[{""key"": ""admin.root"", ""roles"": [""admin"", ""superadmin"", ""super_admin""], ""actions"": [""ver""], ""evidence"": ""src/devnous/gastos/services/access_control_service.py:125""}, {""key"": ""admin.proveedores"", ""roles"": [""admin"", ""superadmin"", ""super_admin""], ""actions"": [""ver"", ""crear"", ""editar""], ""evidence"": ""src/devnous/gastos/services/access_control_service.py:256""}]","UNPROVEN: guards/dependencies are evidence, not a complete effective-role matrix",documents_and_other,live_entrypoint_static,"[""NO_LOCAL_GUARD_FOUND; inherited/middleware review required""]",ROUTE OWNER ONLY; service authority unproven: src/devnous/gastos/routes/admin_routes.py:update_proveedor_cliente,"[""session.commit""]",documents_and_other_update_proveedor_cliente_post_4d4f08,documents_and_other:write; never grants business authority,"[""proveedor_id"", ""tipo"", ""nombre"", ""rfc"", ""banco"", ""cuenta_clabe"", ""cuenta_bancaria"", ""entidad_region"", ""empleado_id"", ""current_empleado""]",current employee + effective faculty + object + organization/legal entity + portfolio/tournament; UNPROVEN,write_or_effect_candidate,trusted human approval of exact draft/version/amount/currency/destination/digest; recheck at commit,scoped source IDs/version and redacted durable receipt; writes need canonical transactional dedup + postcondition,"[""role/object/company deny"", ""revoked/expired"", ""isolation"", ""read purity"", ""exact confirmation/version"", ""retry/crash/no duplicates"", ""verified receipt""]",DISABLED; CANONICAL_SCOPE_UNPROVEN; route presence is not adapter or UI parity proof
aec3f748de7d,src/devnous/gastos/routes/admin_routes.py,22733,carga_masiva_proveedores_clientes_form,GET,"[""/admin/proveedores-clientes/carga-masiva""]",/admin/proveedores-clientes/carga-masiva,"[""GET""]","[{""prefix"": """", ""evidence"": ""copa_telmex_dashboard.py:2236"", ""status"": ""include_router_static; conditional/runtime execution unverified""}]",[],[],"[{""key"": ""admin.root"", ""roles"": [""admin"", ""superadmin"", ""super_admin""], ""actions"": [""ver""], ""evidence"": ""src/devnous/gastos/services/access_control_service.py:125""}, {""key"": ""admin.proveedores"", ""roles"": [""admin"", ""superadmin"", ""super_admin""], ""actions"": [""ver"", ""crear"", ""editar""], ""evidence"": ""src/devnous/gastos/services/access_control_service.py:256""}]","UNPROVEN: guards/dependencies are evidence, not a complete effective-role matrix",documents_and_other,live_entrypoint_static,"[""NO_LOCAL_GUARD_FOUND; inherited/middleware review required""]",ROUTE OWNER ONLY; service authority unproven: src/devnous/gastos/routes/admin_routes.py:carga_masiva_proveedores_clientes_form,[],documents_and_other_carga_masiva_proveedores_clientes_fo_aec3f7,documents_and_other:read; never grants business authority,"[""current_empleado""]",current employee + effective faculty + object + organization/legal entity + portfolio/tournament; UNPROVEN,read_candidate; side effects NOT verified,none only after read-purity proof,scoped source IDs/version and redacted durable receipt; writes need canonical transactional dedup + postcondition,"[""role/object/company deny"", ""revoked/expired"", ""isolation"", ""read purity""]",DISABLED; CANONICAL_SCOPE_UNPROVEN; route presence is not adapter or UI parity proof
9b264ae693b7,src/devnous/gastos/routes/admin_routes.py,23023,descargar_plantilla_proveedores_clientes,GET,"[""/admin/proveedores-clientes/plantilla.csv""]",/admin/proveedores-clientes/plantilla.csv,"[""GET""]","[{""prefix"": """", ""evidence"": ""copa_telmex_dashboard.py:2236"", ""status"": ""include_router_static; conditional/runtime execution unverified""}]",[],[],"[{""key"": ""admin.root"", ""roles"": [""admin"", ""superadmin"", ""super_admin""], ""actions"": [""ver""], ""evidence"": ""src/devnous/gastos/services/access_control_service.py:125""}, {""key"": ""admin.proveedores"", ""roles"": [""admin"", ""superadmin"", ""super_admin""], ""actions"": [""ver"", ""crear"", ""editar""], ""evidence"": ""src/devnous/gastos/services/access_control_service.py:256""}]","UNPROVEN: guards/dependencies are evidence, not a complete effective-role matrix",documents_and_other,live_entrypoint_static,"[""NO_LOCAL_GUARD_FOUND; inherited/middleware review required""]",ROUTE OWNER ONLY; service authority unproven: src/devnous/gastos/routes/admin_routes.py:descargar_plantilla_proveedores_clientes,[],documents_and_other_descargar_plantilla_proveedores_clie_9b264a,documents_and_other:read; never grants business authority,"[""current_empleado""]",current employee + effective faculty + object + organization/legal entity + portfolio/tournament; UNPROVEN,read_candidate; side effects NOT verified,none only after read-purity proof,scoped source IDs/version and redacted durable receipt; writes need canonical transactional dedup + postcondition,"[""role/object/company deny"", ""revoked/expired"", ""isolation"", ""read purity""]",DISABLED; CANONICAL_SCOPE_UNPROVEN; route presence is not adapter or UI parity proof
39c157c98250,src/devnous/gastos/routes/admin_routes.py,23095,carga_masiva_proveedores_clientes_post,POST,"[""/admin/proveedores-clientes/carga-masiva""]",/admin/proveedores-clientes/carga-masiva,"[""POST""]","[{""prefix"": """", ""evidence"": ""copa_telmex_dashboard.py:2236"", ""status"": ""include_router_static; conditional/runtime execution unverified""}]",[],[],"[{""key"": ""admin.root"", ""roles"": [""admin"", ""superadmin"", ""super_admin""], ""actions"": [""ver""], ""evidence"": ""src/devnous/gastos/services/access_control_service.py:125""}, {""key"": ""admin.proveedores"", ""roles"": [""admin"", ""superadmin"", ""super_admin""], ""actions"": [""ver"", ""crear"", ""editar""], ""evidence"": ""src/devnous/gastos/services/access_control_service.py:256""}]","UNPROVEN: guards/dependencies are evidence, not a complete effective-role matrix",documents_and_other,live_entrypoint_static,"[""NO_LOCAL_GUARD_FOUND; inherited/middleware review required""]",ROUTE OWNER ONLY; service authority unproven: src/devnous/gastos/routes/admin_routes.py:carga_masiva_proveedores_clientes_post,"[""session.commit""]",documents_and_other_carga_masiva_proveedores_clientes_po_39c157,documents_and_other:write; never grants business authority,"[""current_empleado"", ""archivo_csv""]",current employee + effective faculty + object + organization/legal entity + portfolio/tournament; UNPROVEN,write_or_effect_candidate,trusted human approval of exact draft/version/amount/currency/destination/digest; recheck at commit,scoped source IDs/version and redacted durable receipt; writes need canonical transactional dedup + postcondition,"[""role/object/company deny"", ""revoked/expired"", ""isolation"", ""read purity"", ""exact confirmation/version"", ""retry/crash/no duplicates"", ""verified receipt""]",DISABLED; CANONICAL_SCOPE_UNPROVEN; route presence is not adapter or UI parity proof
b7fda5f609f4,src/devnous/gastos/routes/admin_routes.py,23235,carga_masiva_cfdis_form,GET,"[""/admin/gastos/cfdis/carga-masiva""]",/admin/gastos/cfdis/carga-masiva,"[""GET""]","[{""prefix"": """", ""evidence"": ""copa_telmex_dashboard.py:2236"", ""status"": ""include_router_static; conditional/runtime execution unverified""}]",[],[],"[{""key"": ""admin.root"", ""roles"": [""admin"", ""superadmin"", ""super_admin""], ""actions"": [""ver""], ""evidence"": ""src/devnous/gastos/services/access_control_service.py:125""}, {""key"": ""admin.gastos.dashboard"", ""roles"": [""finanzas"", ""admin"", ""superadmin"", ""super_admin""], ""actions"": [""ver""], ""evidence"": ""src/devnous/gastos/services/access_control_service.py:141""}, {""key"": ""admin.gastos.cfdi_carga"", ""roles"": [""finanzas"", ""admin"", ""superadmin"", ""super_admin""], ""actions"": [""ver"", ""crear""], ""evidence"": ""src/devnous/gastos/services/access_control_service.py:185""}]","UNPROVEN: guards/dependencies are evidence, not a complete effective-role matrix",accounting,live_entrypoint_static,"[""require_admin_finanzas()""]",ROUTE OWNER ONLY; service authority unproven: src/devnous/gastos/routes/admin_routes.py:carga_masiva_cfdis_form,[],accounting_carga_masiva_cfdis_form_get_b7fda5,accounting:read; never grants business authority,"[""current_empleado""]",current employee + effective faculty + object + organization/legal entity + portfolio/tournament; UNPROVEN,read_candidate; side effects NOT verified,none only after read-purity proof,scoped source IDs/version and redacted durable receipt; writes need canonical transactional dedup + postcondition,"[""role/object/company deny"", ""revoked/expired"", ""isolation"", ""read purity""]",DISABLED; CANONICAL_SCOPE_UNPROVEN; route presence is not adapter or UI parity proof
c5c46740bf4f,src/devnous/gastos/routes/admin_routes.py,23410,carga_masiva_cfdis_post,POST,"[""/admin/gastos/cfdis/carga-masiva""]",/admin/gastos/cfdis/carga-masiva,"[""POST""]","[{""prefix"": """", ""evidence"": ""copa_telmex_dashboard.py:2236"", ""status"": ""include_router_static; conditional/runtime execution unverified""}]",[],[],"[{""key"": ""admin.root"", ""roles"": [""admin"", ""superadmin"", ""super_admin""], ""actions"": [""ver""], ""evidence"": ""src/devnous/gastos/services/access_control_service.py:125""}, {""key"": ""admin.gastos.dashboard"", ""roles"": [""finanzas"", ""admin"", ""superadmin"", ""super_admin""], ""actions"": [""ver""], ""evidence"": ""src/devnous/gastos/services/access_control_service.py:141""}, {""key"": ""admin.gastos.cfdi_carga"", ""roles"": [""finanzas"", ""admin"", ""superadmin"", ""super_admin""], ""actions"": [""ver"", ""crear""], ""evidence"": ""src/devnous/gastos/services/access_control_service.py:185""}]","UNPROVEN: guards/dependencies are evidence, not a complete effective-role matrix",accounting,live_entrypoint_static,"[""require_admin_finanzas()""]",ROUTE OWNER ONLY; service authority unproven: src/devnous/gastos/routes/admin_routes.py:carga_masiva_cfdis_post,"[""session.commit""]",accounting_carga_masiva_cfdis_post_post_c5c467,accounting:write; never grants business authority,"[""current_empleado"", ""archivo_csv""]",current employee + effective faculty + object + organization/legal entity + portfolio/tournament; UNPROVEN,write_or_effect_candidate,trusted human approval of exact draft/version/amount/currency/destination/digest; recheck at commit,scoped source IDs/version and redacted durable receipt; writes need canonical transactional dedup + postcondition,"[""role/object/company deny"", ""revoked/expired"", ""isolation"", ""read purity"", ""exact confirmation/version"", ""retry/crash/no duplicates"", ""verified receipt""]",DISABLED; CANONICAL_SCOPE_UNPROVEN; route presence is not adapter or UI parity proof
d4f7781547fc,src/devnous/gastos/routes/admin_routes.py,24295,admin_sat_dashboard,GET,"[""/admin/gastos/sat""]",/admin/gastos/sat,"[""GET""]","[{""prefix"": """", ""evidence"": ""copa_telmex_dashboard.py:2236"", ""status"": ""include_router_static; conditional/runtime execution unverified""}]",[],[],"[{""key"": ""admin.root"", ""roles"": [""admin"", ""superadmin"", ""super_admin""], ""actions"": [""ver""], ""evidence"": ""src/devnous/gastos/services/access_control_service.py:125""}, {""key"": ""admin.gastos.dashboard"", ""roles"": [""finanzas"", ""admin"", ""superadmin"", ""super_admin""], ""actions"": [""ver""], ""evidence"": ""src/devnous/gastos/services/access_control_service.py:141""}, {""key"": ""admin.gastos.sat"", ""roles"": [""finanzas"", ""admin"", ""superadmin"", ""super_admin""], ""actions"": [""ver"", ""editar"", ""administrar""], ""evidence"": ""src/devnous/gastos/services/access_control_service.py:176""}]","UNPROVEN: guards/dependencies are evidence, not a complete effective-role matrix",accounting,live_entrypoint_static,"[""require_admin_finanzas()""]",ROUTE OWNER ONLY; service authority unproven: src/devnous/gastos/routes/admin_routes.py:admin_sat_dashboard,"[""SATSyncService"", ""sync_service.get_recent_sync_runs"", ""sync_service.get_sync_states""]",accounting_admin_sat_dashboard_get_d4f778,accounting:read; never grants business authority,"[""current_empleado""]",current employee + effective faculty + object + organization/legal entity + portfolio/tournament; UNPROVEN,read_candidate; side effects NOT verified,none only after read-purity proof,scoped source IDs/version and redacted durable receipt; writes need canonical transactional dedup + postcondition,"[""role/object/company deny"", ""revoked/expired"", ""isolation"", ""read purity""]",DISABLED; CANONICAL_SCOPE_UNPROVEN; route presence is not adapter or UI parity proof
ec1a61a50416,src/devnous/gastos/routes/admin_routes.py,24769,admin_sat_scheduled_sync,POST,"[""/admin/gastos/sat/sync""]",/admin/gastos/sat/sync,"[""POST""]","[{""prefix"": """", ""evidence"": ""copa_telmex_dashboard.py:2236"", ""status"": ""include_router_static; conditional/runtime execution unverified""}]",[],[],"[{""key"": ""admin.root"", ""roles"": [""admin"", ""superadmin"", ""super_admin""], ""actions"": [""ver""], ""evidence"": ""src/devnous/gastos/services/access_control_service.py:125""}, {""key"": ""admin.gastos.dashboard"", ""roles"": [""finanzas"", ""admin"", ""superadmin"", ""super_admin""], ""actions"": [""ver""], ""evidence"": ""src/devnous/gastos/services/access_control_service.py:141""}, {""key"": ""admin.gastos.sat"", ""roles"": [""finanzas"", ""admin"", ""superadmin"", ""super_admin""], ""actions"": [""ver"", ""editar"", ""administrar""], ""evidence"": ""src/devnous/gastos/services/access_control_service.py:176""}]","UNPROVEN: guards/dependencies are evidence, not a complete effective-role matrix",accounting,live_entrypoint_static,"[""require_admin_finanzas()""]",ROUTE OWNER ONLY; service authority unproven: src/devnous/gastos/routes/admin_routes.py:admin_sat_scheduled_sync,[],accounting_admin_sat_scheduled_sync_post_ec1a61,accounting:write; never grants business authority,"[""mode"", ""current_empleado""]",current employee + effective faculty + object + organization/legal entity + portfolio/tournament; UNPROVEN,write_or_effect_candidate,trusted human approval of exact draft/version/amount/currency/destination/digest; recheck at commit,scoped source IDs/version and redacted durable receipt; writes need canonical transactional dedup + postcondition,"[""role/object/company deny"", ""revoked/expired"", ""isolation"", ""read purity"", ""exact confirmation/version"", ""retry/crash/no duplicates"", ""verified receipt""]",DISABLED; CANONICAL_SCOPE_UNPROVEN; route presence is not adapter or UI parity proof
bf54d26e7f2a,src/devnous/gastos/routes/admin_routes.py,24804,admin_sat_job_status_page,GET,"[""/admin/gastos/sat/jobs/{run_id}""]",/admin/gastos/sat/jobs/{run_id},"[""GET""]","[{""prefix"": """", ""evidence"": ""copa_telmex_dashboard.py:2236"", ""status"": ""include_router_static; conditional/runtime execution unverified""}]",[],[],"[{""key"": ""admin.root"", ""roles"": [""admin"", ""superadmin"", ""super_admin""], ""actions"": [""ver""], ""evidence"": ""src/devnous/gastos/services/access_control_service.py:125""}, {""key"": ""admin.gastos.dashboard"", ""roles"": [""finanzas"", ""admin"", ""superadmin"", ""super_admin""], ""actions"": [""ver""], ""evidence"": ""src/devnous/gastos/services/access_control_service.py:141""}, {""key"": ""admin.gastos.sat"", ""roles"": [""finanzas"", ""admin"", ""superadmin"", ""super_admin""], ""actions"": [""ver"", ""editar"", ""administrar""], ""evidence"": ""src/devnous/gastos/services/access_control_service.py:176""}]","UNPROVEN: guards/dependencies are evidence, not a complete effective-role matrix",accounting,live_entrypoint_static,"[""require_admin_finanzas()""]",ROUTE OWNER ONLY; service authority unproven: src/devnous/gastos/routes/admin_routes.py:admin_sat_job_status_page,[],accounting_admin_sat_job_status_page_get_bf54d2,accounting:read; never grants business authority,"[""run_id"", ""current_empleado""]",current employee + effective faculty + object + organization/legal entity + portfolio/tournament; UNPROVEN,read_candidate; side effects NOT verified,none only after read-purity proof,scoped source IDs/version and redacted durable receipt; writes need canonical transactional dedup + postcondition,"[""role/object/company deny"", ""revoked/expired"", ""isolation"", ""read purity""]",DISABLED; CANONICAL_SCOPE_UNPROVEN; route presence is not adapter or UI parity proof
dfba4d5a66c7,src/devnous/gastos/routes/admin_routes.py,24982,admin_sat_job_status_json,GET,"[""/admin/gastos/sat/jobs/{run_id}/status""]",/admin/gastos/sat/jobs/{run_id}/status,"[""GET""]","[{""prefix"": """", ""evidence"": ""copa_telmex_dashboard.py:2236"", ""status"": ""include_router_static; conditional/runtime execution unverified""}]",[],[],"[{""key"": ""admin.root"", ""roles"": [""admin"", ""superadmin"", ""super_admin""], ""actions"": [""ver""], ""evidence"": ""src/devnous/gastos/services/access_control_service.py:125""}, {""key"": ""admin.gastos.dashboard"", ""roles"": [""finanzas"", ""admin"", ""superadmin"", ""super_admin""], ""actions"": [""ver""], ""evidence"": ""src/devnous/gastos/services/access_control_service.py:141""}, {""key"": ""admin.gastos.sat"", ""roles"": [""finanzas"", ""admin"", ""superadmin"", ""super_admin""], ""actions"": [""ver"", ""editar"", ""administrar""], ""evidence"": ""src/devnous/gastos/services/access_control_service.py:176""}]","UNPROVEN: guards/dependencies are evidence, not a complete effective-role matrix",accounting,live_entrypoint_static,"[""require_admin_finanzas()""]",ROUTE OWNER ONLY; service authority unproven: src/devnous/gastos/routes/admin_routes.py:admin_sat_job_status_json,[],accounting_admin_sat_job_status_json_get_dfba4d,accounting:read; never grants business authority,"[""run_id"", ""current_empleado""]",current employee + effective faculty + object + organization/legal entity + portfolio/tournament; UNPROVEN,read_candidate; side effects NOT verified,none only after read-purity proof,scoped source IDs/version and redacted durable receipt; writes need canonical transactional dedup + postcondition,"[""role/object/company deny"", ""revoked/expired"", ""isolation"", ""read purity""]",DISABLED; CANONICAL_SCOPE_UNPROVEN; route presence is not adapter or UI parity proof
b28a911a431c,src/devnous/gastos/routes/admin_routes.py,25009,admin_sat_upload_credentials,POST,"[""/admin/gastos/sat/credentials""]",/admin/gastos/sat/credentials,"[""POST""]","[{""prefix"": """", ""evidence"": ""copa_telmex_dashboard.py:2236"", ""status"": ""include_router_static; conditional/runtime execution unverified""}]",[],[],"[{""key"": ""admin.root"", ""roles"": [""admin"", ""superadmin"", ""super_admin""], ""actions"": [""ver""], ""evidence"": ""src/devnous/gastos/services/access_control_service.py:125""}, {""key"": ""admin.gastos.dashboard"", ""roles"": [""finanzas"", ""admin"", ""superadmin"", ""super_admin""], ""actions"": [""ver""], ""evidence"": ""src/devnous/gastos/services/access_control_service.py:141""}, {""key"": ""admin.gastos.sat"", ""roles"": [""finanzas"", ""admin"", ""superadmin"", ""super_admin""], ""actions"": [""ver"", ""editar"", ""administrar""], ""evidence"": ""src/devnous/gastos/services/access_control_service.py:176""}]","UNPROVEN: guards/dependencies are evidence, not a complete effective-role matrix",accounting,live_entrypoint_static,"[""require_admin_finanzas()""]",ROUTE OWNER ONLY; service authority unproven: src/devnous/gastos/routes/admin_routes.py:admin_sat_upload_credentials,[],accounting_admin_sat_upload_credentials_post_b28a91,accounting:write; never grants business authority,"[""rfc"", ""passphrase"", ""certificate_file"", ""private_key_file"", ""current_empleado""]",current employee + effective faculty + object + organization/legal entity + portfolio/tournament; UNPROVEN,write_or_effect_candidate,trusted human approval of exact draft/version/amount/currency/destination/digest; recheck at commit,scoped source IDs/version and redacted durable receipt; writes need canonical transactional dedup + postcondition,"[""role/object/company deny"", ""revoked/expired"", ""isolation"", ""read purity"", ""exact confirmation/version"", ""retry/crash/no duplicates"", ""verified receipt""]",DISABLED; CANONICAL_SCOPE_UNPROVEN; route presence is not adapter or UI parity proof
aa4c534e97d3,src/devnous/gastos/routes/admin_routes.py,25090,admin_sat_cfdi_status,POST,"[""/admin/gastos/sat/cfdi-status""]",/admin/gastos/sat/cfdi-status,"[""POST""]","[{""prefix"": """", ""evidence"": ""copa_telmex_dashboard.py:2236"", ""status"": ""include_router_static; conditional/runtime execution unverified""}]",[],[],"[{""key"": ""admin.root"", ""roles"": [""admin"", ""superadmin"", ""super_admin""], ""actions"": [""ver""], ""evidence"": ""src/devnous/gastos/services/access_control_service.py:125""}, {""key"": ""admin.gastos.dashboard"", ""roles"": [""finanzas"", ""admin"", ""superadmin"", ""super_admin""], ""actions"": [""ver""], ""evidence"": ""src/devnous/gastos/services/access_control_service.py:141""}, {""key"": ""admin.gastos.sat"", ""roles"": [""finanzas"", ""admin"", ""superadmin"", ""super_admin""], ""actions"": [""ver"", ""editar"", ""administrar""], ""evidence"": ""src/devnous/gastos/services/access_control_service.py:176""}]","UNPROVEN: guards/dependencies are evidence, not a complete effective-role matrix",accounting,live_entrypoint_static,"[""require_admin_finanzas()""]",ROUTE OWNER ONLY; service authority unproven: src/devnous/gastos/routes/admin_routes.py:admin_sat_cfdi_status,[],accounting_admin_sat_cfdi_status_post_aa4c53,accounting:write; never grants business authority,"[""cfdi_uuid"", ""rfc_emisor"", ""rfc_receptor"", ""total"", ""current_empleado""]",current employee + effective faculty + object + organization/legal entity + portfolio/tournament; UNPROVEN,write_or_effect_candidate,trusted human approval of exact draft/version/amount/currency/destination/digest; recheck at commit,scoped source IDs/version and redacted durable receipt; writes need canonical transactional dedup + postcondition,"[""role/object/company deny"", ""revoked/expired"", ""isolation"", ""read purity"", ""exact confirmation/version"", ""retry/crash/no duplicates"", ""verified receipt""]",DISABLED; CANONICAL_SCOPE_UNPROVEN; route presence is not adapter or UI parity proof
1f71026927f0,src/devnous/gastos/routes/admin_routes.py,25131,admin_sat_saved_cfdi_status,POST,"[""/admin/gastos/sat/cfdi/{cfdi_id}/status""]",/admin/gastos/sat/cfdi/{cfdi_id}/status,"[""POST""]","[{""prefix"": """", ""evidence"": ""copa_telmex_dashboard.py:2236"", ""status"": ""include_router_static; conditional/runtime execution unverified""}]",[],[],"[{""key"": ""admin.root"", ""roles"": [""admin"", ""superadmin"", ""super_admin""], ""actions"": [""ver""], ""evidence"": ""src/devnous/gastos/services/access_control_service.py:125""}, {""key"": ""admin.gastos.dashboard"", ""roles"": [""finanzas"", ""admin"", ""superadmin"", ""super_admin""], ""actions"": [""ver""], ""evidence"": ""src/devnous/gastos/services/access_control_service.py:141""}, {""key"": ""admin.gastos.sat"", ""roles"": [""finanzas"", ""admin"", ""superadmin"", ""super_admin""], ""actions"": [""ver"", ""editar"", ""administrar""], ""evidence"": ""src/devnous/gastos/services/access_control_service.py:176""}]","UNPROVEN: guards/dependencies are evidence, not a complete effective-role matrix",accounting,live_entrypoint_static,"[""require_admin_finanzas()""]",ROUTE OWNER ONLY; service authority unproven: src/devnous/gastos/routes/admin_routes.py:admin_sat_saved_cfdi_status,[],accounting_admin_sat_saved_cfdi_status_post_1f7102,accounting:write; never grants business authority,"[""cfdi_id"", ""current_empleado""]",current employee + effective faculty + object + organization/legal entity + portfolio/tournament; UNPROVEN,write_or_effect_candidate,trusted human approval of exact draft/version/amount/currency/destination/digest; recheck at commit,scoped source IDs/version and redacted durable receipt; writes need canonical transactional dedup + postcondition,"[""role/object/company deny"", ""revoked/expired"", ""isolation"", ""read purity"", ""exact confirmation/version"", ""retry/crash/no duplicates"", ""verified receipt""]",DISABLED; CANONICAL_SCOPE_UNPROVEN; route presence is not adapter or UI parity proof
c4909e33c350,src/devnous/gastos/routes/admin_routes.py,25175,admin_sat_validate_selected_cfdis,POST,"[""/admin/gastos/sat/matching/validate-selected""]",/admin/gastos/sat/matching/validate-selected,"[""POST""]","[{""prefix"": """", ""evidence"": ""copa_telmex_dashboard.py:2236"", ""status"": ""include_router_static; conditional/runtime execution unverified""}]",[],[],"[{""key"": ""admin.root"", ""roles"": [""admin"", ""superadmin"", ""super_admin""], ""actions"": [""ver""], ""evidence"": ""src/devnous/gastos/services/access_control_service.py:125""}, {""key"": ""admin.gastos.dashboard"", ""roles"": [""finanzas"", ""admin"", ""superadmin"", ""super_admin""], ""actions"": [""ver""], ""evidence"": ""src/devnous/gastos/services/access_control_service.py:141""}, {""key"": ""admin.gastos.sat"", ""roles"": [""finanzas"", ""admin"", ""superadmin"", ""super_admin""], ""actions"": [""ver"", ""editar"", ""administrar""], ""evidence"": ""src/devnous/gastos/services/access_control_service.py:176""}]","UNPROVEN: guards/dependencies are evidence, not a complete effective-role matrix",accounting,live_entrypoint_static,"[""require_admin_finanzas()""]",ROUTE OWNER ONLY; service authority unproven: src/devnous/gastos/routes/admin_routes.py:admin_sat_validate_selected_cfdis,[],accounting_admin_sat_validate_selected_cfdis_post_c4909e,accounting:write; never grants business authority,"[""cfdi_ids"", ""current_empleado""]",current employee + effective faculty + object + organization/legal entity + portfolio/tournament; UNPROVEN,write_or_effect_candidate,trusted human approval of exact draft/version/amount/currency/destination/digest; recheck at commit,scoped source IDs/version and redacted durable receipt; writes need canonical transactional dedup + postcondition,"[""role/object/company deny"", ""revoked/expired"", ""isolation"", ""read purity"", ""exact confirmation/version"", ""retry/crash/no duplicates"", ""verified receipt""]",DISABLED; CANONICAL_SCOPE_UNPROVEN; route presence is not adapter or UI parity proof
f6cc941493ca,src/devnous/gastos/routes/admin_routes.py,25226,admin_sat_create_request,POST,"[""/admin/gastos/sat/request""]",/admin/gastos/sat/request,"[""POST""]","[{""prefix"": """", ""evidence"": ""copa_telmex_dashboard.py:2236"", ""status"": ""include_router_static; conditional/runtime execution unverified""}]",[],[],"[{""key"": ""admin.root"", ""roles"": [""admin"", ""superadmin"", ""super_admin""], ""actions"": [""ver""], ""evidence"": ""src/devnous/gastos/services/access_control_service.py:125""}, {""key"": ""admin.gastos.dashboard"", ""roles"": [""finanzas"", ""admin"", ""superadmin"", ""super_admin""], ""actions"": [""ver""], ""evidence"": ""src/devnous/gastos/services/access_control_service.py:141""}, {""key"": ""admin.gastos.sat"", ""roles"": [""finanzas"", ""admin"", ""superadmin"", ""super_admin""], ""actions"": [""ver"", ""editar"", ""administrar""], ""evidence"": ""src/devnous/gastos/services/access_control_service.py:176""}]","UNPROVEN: guards/dependencies are evidence, not a complete effective-role matrix",accounting,live_entrypoint_static,"[""require_admin_finanzas()""]",ROUTE OWNER ONLY; service authority unproven: src/devnous/gastos/routes/admin_routes.py:admin_sat_create_request,[],accounting_admin_sat_create_request_post_f6cc94,accounting:write; never grants business authority,"[""fecha_inicial"", ""fecha_final"", ""rfc_emisor"", ""rfc_receptor"", ""expense_id"", ""current_empleado""]",current employee + effective faculty + object + organization/legal entity + portfolio/tournament; UNPROVEN,write_or_effect_candidate,trusted human approval of exact draft/version/amount/currency/destination/digest; recheck at commit,scoped source IDs/version and redacted durable receipt; writes need canonical transactional dedup + postcondition,"[""role/object/company deny"", ""revoked/expired"", ""isolation"", ""read purity"", ""exact confirmation/version"", ""retry/crash/no duplicates"", ""verified receipt""]",DISABLED; CANONICAL_SCOPE_UNPROVEN; route presence is not adapter or UI parity proof
46eb887a1c61,src/devnous/gastos/routes/admin_routes.py,25298,admin_sat_check_request,POST,"[""/admin/gastos/sat/check""]",/admin/gastos/sat/check,"[""POST""]","[{""prefix"": """", ""evidence"": ""copa_telmex_dashboard.py:2236"", ""status"": ""include_router_static; conditional/runtime execution unverified""}]",[],[],"[{""key"": ""admin.root"", ""roles"": [""admin"", ""superadmin"", ""super_admin""], ""actions"": [""ver""], ""evidence"": ""src/devnous/gastos/services/access_control_service.py:125""}, {""key"": ""admin.gastos.dashboard"", ""roles"": [""finanzas"", ""admin"", ""superadmin"", ""super_admin""], ""actions"": [""ver""], ""evidence"": ""src/devnous/gastos/services/access_control_service.py:141""}, {""key"": ""admin.gastos.sat"", ""roles"": [""finanzas"", ""admin"", ""superadmin"", ""super_admin""], ""actions"": [""ver"", ""editar"", ""administrar""], ""evidence"": ""src/devnous/gastos/services/access_control_service.py:176""}]","UNPROVEN: guards/dependencies are evidence, not a complete effective-role matrix",accounting,live_entrypoint_static,"[""require_admin_finanzas()""]",ROUTE OWNER ONLY; service authority unproven: src/devnous/gastos/routes/admin_routes.py:admin_sat_check_request,[],accounting_admin_sat_check_request_post_46eb88,accounting:write; never grants business authority,"[""solicitud_id"", ""expense_id"", ""current_empleado""]",current employee + effective faculty + object + organization/legal entity + portfolio/tournament; UNPROVEN,write_or_effect_candidate,trusted human approval of exact draft/version/amount/currency/destination/digest; recheck at commit,scoped source IDs/version and redacted durable receipt; writes need canonical transactional dedup + postcondition,"[""role/object/company deny"", ""revoked/expired"", ""isolation"", ""read purity"", ""exact confirmation/version"", ""retry/crash/no duplicates"", ""verified receipt""]",DISABLED; CANONICAL_SCOPE_UNPROVEN; route presence is not adapter or UI parity proof
9e9214eb51f0,src/devnous/gastos/routes/admin_routes.py,25351,admin_sat_process_request,POST,"[""/admin/gastos/sat/process""]",/admin/gastos/sat/process,"[""POST""]","[{""prefix"": """", ""evidence"": ""copa_telmex_dashboard.py:2236"", ""status"": ""include_router_static; conditional/runtime execution unverified""}]",[],[],"[{""key"": ""admin.root"", ""roles"": [""admin"", ""superadmin"", ""super_admin""], ""actions"": [""ver""], ""evidence"": ""src/devnous/gastos/services/access_control_service.py:125""}, {""key"": ""admin.gastos.dashboard"", ""roles"": [""finanzas"", ""admin"", ""superadmin"", ""super_admin""], ""actions"": [""ver""], ""evidence"": ""src/devnous/gastos/services/access_control_service.py:141""}, {""key"": ""admin.gastos.sat"", ""roles"": [""finanzas"", ""admin"", ""superadmin"", ""super_admin""], ""actions"": [""ver"", ""editar"", ""administrar""], ""evidence"": ""src/devnous/gastos/services/access_control_service.py:176""}]","UNPROVEN: guards/dependencies are evidence, not a complete effective-role matrix",accounting,live_entrypoint_static,"[""require_admin_finanzas()""]",ROUTE OWNER ONLY; service authority unproven: src/devnous/gastos/routes/admin_routes.py:admin_sat_process_request,[],accounting_admin_sat_process_request_post_9e9214,accounting:write; never grants business authority,"[""solicitud_id"", ""expense_id"", ""current_empleado""]",current employee + effective faculty + object + organization/legal entity + portfolio/tournament; UNPROVEN,write_or_effect_candidate,trusted human approval of exact draft/version/amount/currency/destination/digest; recheck at commit,scoped source IDs/version and redacted durable receipt; writes need canonical transactional dedup + postcondition,"[""role/object/company deny"", ""revoked/expired"", ""isolation"", ""read purity"", ""exact confirmation/version"", ""retry/crash/no duplicates"", ""verified receipt""]",DISABLED; CANONICAL_SCOPE_UNPROVEN; route presence is not adapter or UI parity proof
13715463a233,src/devnous/gastos/routes/admin_routes.py,25400,assign_cfdi_operational_project,POST,"[""/admin/gastos/cfdis/{cfdi_id}/project-assignment""]",/admin/gastos/cfdis/{cfdi_id}/project-assignment,"[""POST""]","[{""prefix"": """", ""evidence"": ""copa_telmex_dashboard.py:2236"", ""status"": ""include_router_static; conditional/runtime execution unverified""}]",[],[],"[{""key"": ""admin.root"", ""roles"": [""admin"", ""superadmin"", ""super_admin""], ""actions"": [""ver""], ""evidence"": ""src/devnous/gastos/services/access_control_service.py:125""}, {""key"": ""admin.gastos.dashboard"", ""roles"": [""finanzas"", ""admin"", ""superadmin"", ""super_admin""], ""actions"": [""ver""], ""evidence"": ""src/devnous/gastos/services/access_control_service.py:141""}]","UNPROVEN: guards/dependencies are evidence, not a complete effective-role matrix",accounting,live_entrypoint_static,"[""(project_scope or '').strip()"", ""_ensure_cfdi_project_assignment_schema(session)"", ""raw_scope.split(':', 1)"", ""raw_scope.split(':', 1)[1].strip()"", ""raw_scope.startswith('otro:')"", ""raw_scope.startswith('tournament:')"", ""require_admin_finanzas()""]",ROUTE OWNER ONLY; service authority unproven: src/devnous/gastos/routes/admin_routes.py:assign_cfdi_operational_project,"[""session.commit""]",accounting_assign_cfdi_operational_project_post_137154,accounting:write; never grants business authority,"[""cfdi_id"", ""current_empleado"", ""project_scope"", ""phase"", ""clear_assignment""]",current employee + effective faculty + object + organization/legal entity + portfolio/tournament; UNPROVEN,write_or_effect_candidate,trusted human approval of exact draft/version/amount/currency/destination/digest; recheck at commit,scoped source IDs/version and redacted durable receipt; writes need canonical transactional dedup + postcondition,"[""role/object/company deny"", ""revoked/expired"", ""isolation"", ""read purity"", ""exact confirmation/version"", ""retry/crash/no duplicates"", ""verified receipt""]",DISABLED; CANONICAL_SCOPE_UNPROVEN; route presence is not adapter or UI parity proof
f9d8d4a28be9,src/devnous/gastos/routes/admin_routes.py,25492,cfdi_matching_control_room,GET,"[""/admin/gastos/cfdis/matching""]",/admin/gastos/cfdis/matching,"[""GET""]","[{""prefix"": """", ""evidence"": ""copa_telmex_dashboard.py:2236"", ""status"": ""include_router_static; conditional/runtime execution unverified""}]",[],[],"[{""key"": ""admin.root"", ""roles"": [""admin"", ""superadmin"", ""super_admin""], ""actions"": [""ver""], ""evidence"": ""src/devnous/gastos/services/access_control_service.py:125""}, {""key"": ""admin.gastos.dashboard"", ""roles"": [""finanzas"", ""admin"", ""superadmin"", ""super_admin""], ""actions"": [""ver""], ""evidence"": ""src/devnous/gastos/services/access_control_service.py:141""}, {""key"": ""admin.gastos.cfdi_matching"", ""roles"": [""finanzas"", ""admin"", ""superadmin"", ""super_admin""], ""actions"": [""ver"", ""editar""], ""evidence"": ""src/devnous/gastos/services/access_control_service.py:194""}]","UNPROVEN: guards/dependencies are evidence, not a complete effective-role matrix",accounting,live_entrypoint_static,"[""_ensure_cfdi_project_assignment_schema(session)"", ""require_admin_finanzas()""]",ROUTE OWNER ONLY; service authority unproven: src/devnous/gastos/routes/admin_routes.py:cfdi_matching_control_room,[],accounting_cfdi_matching_control_room_get_f9d8d4,accounting:read; never grants business authority,"[""current_empleado"", ""view"", ""tipo"", ""flujo""]",current employee + effective faculty + object + organization/legal entity + portfolio/tournament; UNPROVEN,read_candidate; side effects NOT verified,none only after read-purity proof,scoped source IDs/version and redacted durable receipt; writes need canonical transactional dedup + postcondition,"[""role/object/company deny"", ""revoked/expired"", ""isolation"", ""read purity""]",DISABLED; CANONICAL_SCOPE_UNPROVEN; route presence is not adapter or UI parity proof
f51310792196,src/devnous/gastos/routes/admin_routes.py,26074,gastos_sin_cuenta_contable,GET,"[""/admin/gastos/sin-cuenta-contable""]",/admin/gastos/sin-cuenta-contable,"[""GET""]","[{""prefix"": """", ""evidence"": ""copa_telmex_dashboard.py:2236"", ""status"": ""include_router_static; conditional/runtime execution unverified""}]",[],[],"[{""key"": ""admin.root"", ""roles"": [""admin"", ""superadmin"", ""super_admin""], ""actions"": [""ver""], ""evidence"": ""src/devnous/gastos/services/access_control_service.py:125""}, {""key"": ""admin.gastos.dashboard"", ""roles"": [""finanzas"", ""admin"", ""superadmin"", ""super_admin""], ""actions"": [""ver""], ""evidence"": ""src/devnous/gastos/services/access_control_service.py:141""}, {""key"": ""admin.gastos.limpieza"", ""roles"": [""finanzas"", ""admin"", ""superadmin"", ""super_admin""], ""actions"": [""ver"", ""editar"", ""exportar""], ""evidence"": ""src/devnous/gastos/services/access_control_service.py:203""}]","UNPROVEN: guards/dependencies are evidence, not a complete effective-role matrix",accounting,live_entrypoint_static,"[""(bi_scope or '').strip()"", ""(bi_scope or '').strip().lower()"", ""require_admin_finanzas()""]",ROUTE OWNER ONLY; service authority unproven: src/devnous/gastos/routes/admin_routes.py:gastos_sin_cuenta_contable,"[""build_cleanup_accounting_display"", ""safe_build_cleanup_preview""]",accounting_gastos_sin_cuenta_contable_get_f51310,accounting:read; never grants business authority,"[""period"", ""bi_year"", ""bi_scope"", ""q"", ""document_type"", ""issue"", ""focus_expense_id"", ""document_id"", ""current_empleado""]",current employee + effective faculty + object + organization/legal entity + portfolio/tournament; UNPROVEN,read_candidate; side effects NOT verified,none only after read-purity proof,scoped source IDs/version and redacted durable receipt; writes need canonical transactional dedup + postcondition,"[""role/object/company deny"", ""revoked/expired"", ""isolation"", ""read purity""]",DISABLED; CANONICAL_SCOPE_UNPROVEN; route presence is not adapter or UI parity proof
0b398d4e4a8b,src/devnous/gastos/routes/admin_routes.py,27775,cleanup_contable_gasto,POST,"[""/admin/gastos/{gasto_id}/cleanup-contable""]",/admin/gastos/{gasto_id}/cleanup-contable,"[""POST""]","[{""prefix"": """", ""evidence"": ""copa_telmex_dashboard.py:2236"", ""status"": ""include_router_static; conditional/runtime execution unverified""}]",[],[],"[{""key"": ""admin.root"", ""roles"": [""admin"", ""superadmin"", ""super_admin""], ""actions"": [""ver""], ""evidence"": ""src/devnous/gastos/services/access_control_service.py:125""}, {""key"": ""admin.gastos.dashboard"", ""roles"": [""finanzas"", ""admin"", ""superadmin"", ""super_admin""], ""actions"": [""ver""], ""evidence"": ""src/devnous/gastos/services/access_control_service.py:141""}]","UNPROVEN: guards/dependencies are evidence, not a complete effective-role matrix",accounting,live_entrypoint_static,"[""require_admin_finanzas()""]",ROUTE OWNER ONLY; service authority unproven: src/devnous/gastos/routes/admin_routes.py:cleanup_contable_gasto,[],accounting_cleanup_contable_gasto_post_0b398d,accounting:write; never grants business authority,"[""gasto_id"", ""current_empleado"", ""cuenta_contable_id"", ""contra_cuenta_contable_id"", ""cuenta_iva_id"", ""cfdi_report_id"", ""iva"", ""hospedaje_entidad_fiscal"", ""hospedaje_tasa_impuesto"", ""hospedaje_impuesto_monto"", ""hospedaje_impuesto_confirmado""]",current employee + effective faculty + object + organization/legal entity + portfolio/tournament; UNPROVEN,write_or_effect_candidate,trusted human approval of exact draft/version/amount/currency/destination/digest; recheck at commit,scoped source IDs/version and redacted durable receipt; writes need canonical transactional dedup + postcondition,"[""role/object/company deny"", ""revoked/expired"", ""isolation"", ""read purity"", ""exact confirmation/version"", ""retry/crash/no duplicates"", ""verified receipt""]",DISABLED; CANONICAL_SCOPE_UNPROVEN; route presence is not adapter or UI parity proof
43dc70d60b02,src/devnous/gastos/routes/admin_routes.py,27849,asignar_cuenta_contable,POST,"[""/admin/gastos/{gasto_id}/asignar-cuenta-contable""]",/admin/gastos/{gasto_id}/asignar-cuenta-contable,"[""POST""]","[{""prefix"": """", ""evidence"": ""copa_telmex_dashboard.py:2236"", ""status"": ""include_router_static; conditional/runtime execution unverified""}]",[],[],"[{""key"": ""admin.root"", ""roles"": [""admin"", ""superadmin"", ""super_admin""], ""actions"": [""ver""], ""evidence"": ""src/devnous/gastos/services/access_control_service.py:125""}, {""key"": ""admin.gastos.dashboard"", ""roles"": [""finanzas"", ""admin"", ""superadmin"", ""super_admin""], ""actions"": [""ver""], ""evidence"": ""src/devnous/gastos/services/access_control_service.py:141""}]","UNPROVEN: guards/dependencies are evidence, not a complete effective-role matrix",accounting,live_entrypoint_static,"[""require_admin_finanzas()""]",ROUTE OWNER ONLY; service authority unproven: src/devnous/gastos/routes/admin_routes.py:asignar_cuenta_contable,"[""session.commit""]",accounting_asignar_cuenta_contable_post_43dc70,accounting:write; never grants business authority,"[""gasto_id"", ""current_empleado"", ""cuenta_contable_id"", ""contra_cuenta_contable_id"", ""cuenta_iva_id""]",current employee + effective faculty + object + organization/legal entity + portfolio/tournament; UNPROVEN,write_or_effect_candidate,trusted human approval of exact draft/version/amount/currency/destination/digest; recheck at commit,scoped source IDs/version and redacted durable receipt; writes need canonical transactional dedup + postcondition,"[""role/object/company deny"", ""revoked/expired"", ""isolation"", ""read purity"", ""exact confirmation/version"", ""retry/crash/no duplicates"", ""verified receipt""]",DISABLED; CANONICAL_SCOPE_UNPROVEN; route presence is not adapter or UI parity proof
2691ea72f66f,src/devnous/gastos/routes/auth_routes.py,530,login_page,GET,"[""/login""]",/login,"[""GET""]","[{""prefix"": """", ""evidence"": ""copa_telmex_dashboard.py:2235"", ""status"": ""include_router_static; conditional/runtime execution unverified""}]",[],[],[],"UNPROVEN: guards/dependencies are evidence, not a complete effective-role matrix",identity,live_entrypoint_static,"[""NO_LOCAL_GUARD_FOUND; inherited/middleware review required""]",ROUTE OWNER ONLY; service authority unproven: src/devnous/gastos/routes/auth_routes.py:login_page,[],identity_login_page_get_2691ea,identity:read; never grants business authority,"[""error"", ""next""]",current employee + effective faculty + object + organization/legal entity + portfolio/tournament; UNPROVEN,read_candidate; side effects NOT verified,none only after read-purity proof,scoped source IDs/version and redacted durable receipt; writes need canonical transactional dedup + postcondition,"[""role/object/company deny"", ""revoked/expired"", ""isolation"", ""read purity""]",DISABLED; CANONICAL_SCOPE_UNPROVEN; route presence is not adapter or UI parity proof
29dcd9e8d32d,src/devnous/gastos/routes/auth_routes.py,902,logout,GET,"[""/logout""]",/logout,"[""GET""]","[{""prefix"": """", ""evidence"": ""copa_telmex_dashboard.py:2235"", ""status"": ""include_router_static; conditional/runtime execution unverified""}]",[],[],[],"UNPROVEN: guards/dependencies are evidence, not a complete effective-role matrix",identity,live_entrypoint_static,"[""NO_LOCAL_GUARD_FOUND; inherited/middleware review required""]",ROUTE OWNER ONLY; service authority unproven: src/devnous/gastos/routes/auth_routes.py:logout,[],identity_logout_get_29dcd9,identity:read; never grants business authority,[],current employee + effective faculty + object + organization/legal entity + portfolio/tournament; UNPROVEN,read_candidate; side effects NOT verified,none only after read-purity proof,scoped source IDs/version and redacted durable receipt; writes need canonical transactional dedup + postcondition,"[""role/object/company deny"", ""revoked/expired"", ""isolation"", ""read purity""]",DISABLED; CANONICAL_SCOPE_UNPROVEN; route presence is not adapter or UI parity proof
6be116ac2161,src/devnous/gastos/routes/auth_routes.py,925,identity_switch_page,GET,"[""/admin/identidad""]",/admin/identidad,"[""GET""]","[{""prefix"": """", ""evidence"": ""copa_telmex_dashboard.py:2235"", ""status"": ""include_router_static; conditional/runtime execution unverified""}]","[""src/devnous/gastos/routes/auth_routes.py:449:_require_identity_switch_authority""]",[],"[{""key"": ""admin.root"", ""roles"": [""admin"", ""superadmin"", ""super_admin""], ""actions"": [""ver""], ""evidence"": ""src/devnous/gastos/services/access_control_service.py:125""}]","UNPROVEN: guards/dependencies are evidence, not a complete effective-role matrix",documents_and_other,live_entrypoint_static,"[""_require_identity_switch_authority(request, session)""]",ROUTE OWNER ONLY; service authority unproven: src/devnous/gastos/routes/auth_routes.py:identity_switch_page,[],documents_and_other_identity_switch_page_get_6be116,documents_and_other:read; never grants business authority,"[""next""]",current employee + effective faculty + object + organization/legal entity + portfolio/tournament; UNPROVEN,read_candidate; side effects NOT verified,none only after read-purity proof,scoped source IDs/version and redacted durable receipt; writes need canonical transactional dedup + postcondition,"[""role/object/company deny"", ""revoked/expired"", ""isolation"", ""read purity""]",DISABLED; CANONICAL_SCOPE_UNPROVEN; route presence is not adapter or UI parity proof
cac28fcfcb16,src/devnous/gastos/routes/auth_routes.py,1064,switch_identity,POST,"[""/admin/identidad/cambiar""]",/admin/identidad/cambiar,"[""POST""]","[{""prefix"": """", ""evidence"": ""copa_telmex_dashboard.py:2235"", ""status"": ""include_router_static; conditional/runtime execution unverified""}]","[""src/devnous/gastos/routes/auth_routes.py:449:_require_identity_switch_authority""]",[],"[{""key"": ""admin.root"", ""roles"": [""admin"", ""superadmin"", ""super_admin""], ""actions"": [""ver""], ""evidence"": ""src/devnous/gastos/services/access_control_service.py:125""}]","UNPROVEN: guards/dependencies are evidence, not a complete effective-role matrix",documents_and_other,live_entrypoint_static,"[""_require_identity_switch_authority(request, session)""]",ROUTE OWNER ONLY; service authority unproven: src/devnous/gastos/routes/auth_routes.py:switch_identity,[],documents_and_other_switch_identity_post_cac28f,documents_and_other:write; never grants business authority,"[""empleado_id"", ""next""]",current employee + effective faculty + object + organization/legal entity + portfolio/tournament; UNPROVEN,write_or_effect_candidate,trusted human approval of exact draft/version/amount/currency/destination/digest; recheck at commit,scoped source IDs/version and redacted durable receipt; writes need canonical transactional dedup + postcondition,"[""role/object/company deny"", ""revoked/expired"", ""isolation"", ""read purity"", ""exact confirmation/version"", ""retry/crash/no duplicates"", ""verified receipt""]",DISABLED; CANONICAL_SCOPE_UNPROVEN; route presence is not adapter or UI parity proof
298e0096e6c7,src/devnous/gastos/routes/auth_routes.py,1109,restore_identity,POST,"[""/admin/identidad/restaurar""]",/admin/identidad/restaurar,"[""POST""]","[{""prefix"": """", ""evidence"": ""copa_telmex_dashboard.py:2235"", ""status"": ""include_router_static; conditional/runtime execution unverified""}]",[],[],"[{""key"": ""admin.root"", ""roles"": [""admin"", ""superadmin"", ""super_admin""], ""actions"": [""ver""], ""evidence"": ""src/devnous/gastos/services/access_control_service.py:125""}]","UNPROVEN: guards/dependencies are evidence, not a complete effective-role matrix",documents_and_other,live_entrypoint_static,"[""NO_LOCAL_GUARD_FOUND; inherited/middleware review required""]",ROUTE OWNER ONLY; service authority unproven: src/devnous/gastos/routes/auth_routes.py:restore_identity,[],documents_and_other_restore_identity_post_298e00,documents_and_other:write; never grants business authority,"[""next""]",current employee + effective faculty + object + organization/legal entity + portfolio/tournament; UNPROVEN,write_or_effect_candidate,trusted human approval of exact draft/version/amount/currency/destination/digest; recheck at commit,scoped source IDs/version and redacted durable receipt; writes need canonical transactional dedup + postcondition,"[""role/object/company deny"", ""revoked/expired"", ""isolation"", ""read purity"", ""exact confirmation/version"", ""retry/crash/no duplicates"", ""verified receipt""]",DISABLED; CANONICAL_SCOPE_UNPROVEN; route presence is not adapter or UI parity proof
cae1d3b70ac7,src/devnous/gastos/routes/client_executive_routes.py,200,direction_executive_dashboard,GET,"[""/direccion/tableros""]",/direccion/tableros,"[""GET""]","[{""prefix"": """", ""evidence"": ""copa_telmex_dashboard.py:2241"", ""status"": ""include_router_static; conditional/runtime execution unverified""}]",[],[],"[{""key"": ""direccion.tableros_ejecutivos"", ""roles"": [], ""actions"": [""ver""], ""evidence"": ""src/devnous/gastos/services/access_control_service.py:49""}]","UNPROVEN: guards/dependencies are evidence, not a complete effective-role matrix",direction,live_entrypoint_static,"[""NO_LOCAL_GUARD_FOUND; inherited/middleware review required""]",ROUTE OWNER ONLY; service authority unproven: src/devnous/gastos/routes/client_executive_routes.py:direction_executive_dashboard,[],direction_direction_executive_dashboard_get_cae1d3,direction:read; never grants business authority,"[""current_empleado"", ""edition_year""]",current employee + effective faculty + object + organization/legal entity + portfolio/tournament; UNPROVEN,read_candidate; side effects NOT verified,none only after read-purity proof,scoped source IDs/version and redacted durable receipt; writes need canonical transactional dedup + postcondition,"[""role/object/company deny"", ""revoked/expired"", ""isolation"", ""read purity""]",DISABLED; CANONICAL_SCOPE_UNPROVEN; route presence is not adapter or UI parity proof
1fd8ba604d35,src/devnous/gastos/routes/client_executive_routes.py,218,direction_executive_assistant_summary,GET,"[""/direccion/tableros/asistente/resumen""]",/direccion/tableros/asistente/resumen,"[""GET""]","[{""prefix"": """", ""evidence"": ""copa_telmex_dashboard.py:2241"", ""status"": ""include_router_static; conditional/runtime execution unverified""}]",[],[],"[{""key"": ""direccion.tableros_ejecutivos"", ""roles"": [], ""actions"": [""ver""], ""evidence"": ""src/devnous/gastos/services/access_control_service.py:49""}]","UNPROVEN: guards/dependencies are evidence, not a complete effective-role matrix",direction,live_entrypoint_static,"[""NO_LOCAL_GUARD_FOUND; inherited/middleware review required""]",ROUTE OWNER ONLY; service authority unproven: src/devnous/gastos/routes/client_executive_routes.py:direction_executive_assistant_summary,"[""build_client_executive_summary""]",direction_direction_executive_assistant_summary_get_1fd8ba,direction:read; never grants business authority,"[""current_empleado"", ""edition_year""]",current employee + effective faculty + object + organization/legal entity + portfolio/tournament; UNPROVEN,read_candidate; side effects NOT verified,none only after read-purity proof,scoped source IDs/version and redacted durable receipt; writes need canonical transactional dedup + postcondition,"[""role/object/company deny"", ""revoked/expired"", ""isolation"", ""read purity""]",DISABLED; CANONICAL_SCOPE_UNPROVEN; route presence is not adapter or UI parity proof
decc26def65f,src/devnous/gastos/routes/client_executive_routes.py,232,direction_published_reports,GET,"[""/direccion/reportes""]",/direccion/reportes,"[""GET""]","[{""prefix"": """", ""evidence"": ""copa_telmex_dashboard.py:2241"", ""status"": ""include_router_static; conditional/runtime execution unverified""}]",[],[],"[{""key"": ""direccion.tableros_ejecutivos"", ""roles"": [], ""actions"": [""ver""], ""evidence"": ""src/devnous/gastos/services/access_control_service.py:49""}]","UNPROVEN: guards/dependencies are evidence, not a complete effective-role matrix",direction,live_entrypoint_static,"[""NO_LOCAL_GUARD_FOUND; inherited/middleware review required""]",ROUTE OWNER ONLY; service authority unproven: src/devnous/gastos/routes/client_executive_routes.py:direction_published_reports,[],direction_direction_published_reports_get_decc26,direction:read; never grants business authority,"[""current_empleado""]",current employee + effective faculty + object + organization/legal entity + portfolio/tournament; UNPROVEN,read_candidate; side effects NOT verified,none only after read-purity proof,scoped source IDs/version and redacted durable receipt; writes need canonical transactional dedup + postcondition,"[""role/object/company deny"", ""revoked/expired"", ""isolation"", ""read purity""]",DISABLED; CANONICAL_SCOPE_UNPROVEN; route presence is not adapter or UI parity proof
d6e28a595503,src/devnous/gastos/routes/client_executive_routes.py,261,direction_executive_tournament_dashboard,GET,"[""/direccion/tableros/torneos/{tournament_id}""]",/direccion/tableros/torneos/{tournament_id},"[""GET""]","[{""prefix"": """", ""evidence"": ""copa_telmex_dashboard.py:2241"", ""status"": ""include_router_static; conditional/runtime execution unverified""}]",[],[],"[{""key"": ""direccion.tableros_ejecutivos"", ""roles"": [], ""actions"": [""ver""], ""evidence"": ""src/devnous/gastos/services/access_control_service.py:49""}]","UNPROVEN: guards/dependencies are evidence, not a complete effective-role matrix",direction,live_entrypoint_static,"[""NO_LOCAL_GUARD_FOUND; inherited/middleware review required""]",ROUTE OWNER ONLY; service authority unproven: src/devnous/gastos/routes/client_executive_routes.py:direction_executive_tournament_dashboard,[],direction_direction_executive_tournament_dashboard_get_d6e28a,direction:read; never grants business authority,"[""tournament_id"", ""current_empleado"", ""edition_year""]",current employee + effective faculty + object + organization/legal entity + portfolio/tournament; UNPROVEN,read_candidate; side effects NOT verified,none only after read-purity proof,scoped source IDs/version and redacted durable receipt; writes need canonical transactional dedup + postcondition,"[""role/object/company deny"", ""revoked/expired"", ""isolation"", ""read purity""]",DISABLED; CANONICAL_SCOPE_UNPROVEN; route presence is not adapter or UI parity proof
c1be37e3e338,src/devnous/gastos/routes/client_executive_routes.py,343,direction_home,GET,"[""/direccion/inicio""]",/direccion/inicio,"[""GET""]","[{""prefix"": """", ""evidence"": ""copa_telmex_dashboard.py:2241"", ""status"": ""include_router_static; conditional/runtime execution unverified""}]",[],[],[],"UNPROVEN: guards/dependencies are evidence, not a complete effective-role matrix",direction,live_entrypoint_static,"[""NO_LOCAL_GUARD_FOUND; inherited/middleware review required""]",ROUTE OWNER ONLY; service authority unproven: src/devnous/gastos/routes/client_executive_routes.py:direction_home,"[""build_home""]",direction_direction_home_get_c1be37,direction:read; never grants business authority,"[""current_empleado"", ""edition_year"", ""portfolio_id"", ""tournament_id"", ""date_from"", ""date_to"", ""tournament_ids""]",current employee + effective faculty + object + organization/legal entity + portfolio/tournament; UNPROVEN,read_candidate; side effects NOT verified,none only after read-purity proof,scoped source IDs/version and redacted durable receipt; writes need canonical transactional dedup + postcondition,"[""role/object/company deny"", ""revoked/expired"", ""isolation"", ""read purity""]",DISABLED; CANONICAL_SCOPE_UNPROVEN; route presence is not adapter or UI parity proof
b1ae44db6ca9,src/devnous/gastos/routes/client_executive_routes.py,439,direction_context_query,POST,"[""/direccion/tableros/asistente/consulta""]",/direccion/tableros/asistente/consulta,"[""POST""]","[{""prefix"": """", ""evidence"": ""copa_telmex_dashboard.py:2241"", ""status"": ""include_router_static; conditional/runtime execution unverified""}]",[],[],"[{""key"": ""direccion.tableros_ejecutivos"", ""roles"": [], ""actions"": [""ver""], ""evidence"": ""src/devnous/gastos/services/access_control_service.py:49""}]","UNPROVEN: guards/dependencies are evidence, not a complete effective-role matrix",direction,live_entrypoint_static,"[""NO_LOCAL_GUARD_FOUND; inherited/middleware review required""]",ROUTE OWNER ONLY; service authority unproven: src/devnous/gastos/routes/client_executive_routes.py:direction_context_query,[],direction_direction_context_query_post_b1ae44,direction:write; never grants business authority,"[""payload"", ""current_empleado""]",current employee + effective faculty + object + organization/legal entity + portfolio/tournament; UNPROVEN,write_or_effect_candidate,trusted human approval of exact draft/version/amount/currency/destination/digest; recheck at commit,scoped source IDs/version and redacted durable receipt; writes need canonical transactional dedup + postcondition,"[""role/object/company deny"", ""revoked/expired"", ""isolation"", ""read purity"", ""exact confirmation/version"", ""retry/crash/no duplicates"", ""verified receipt""]",DISABLED; CANONICAL_SCOPE_UNPROVEN; route presence is not adapter or UI parity proof
63a7d5b7ef8a,src/devnous/gastos/routes/client_executive_routes.py,503,direction_export_report,POST,"[""/direccion/reportes/exportar/{output_format}""]",/direccion/reportes/exportar/{output_format},"[""POST""]","[{""prefix"": """", ""evidence"": ""copa_telmex_dashboard.py:2241"", ""status"": ""include_router_static; conditional/runtime execution unverified""}]",[],[],"[{""key"": ""direccion.tableros_ejecutivos"", ""roles"": [], ""actions"": [""ver""], ""evidence"": ""src/devnous/gastos/services/access_control_service.py:49""}]","UNPROVEN: guards/dependencies are evidence, not a complete effective-role matrix",direction,live_entrypoint_static,"[""NO_LOCAL_GUARD_FOUND; inherited/middleware review required""]",ROUTE OWNER ONLY; service authority unproven: src/devnous/gastos/routes/client_executive_routes.py:direction_export_report,"[""build_report""]",direction_direction_export_report_post_63a7d5,direction:write; never grants business authority,"[""output_format"", ""payload"", ""current_empleado""]",current employee + effective faculty + object + organization/legal entity + portfolio/tournament; UNPROVEN,write_or_effect_candidate,trusted human approval of exact draft/version/amount/currency/destination/digest; recheck at commit,scoped source IDs/version and redacted durable receipt; writes need canonical transactional dedup + postcondition,"[""role/object/company deny"", ""revoked/expired"", ""isolation"", ""read purity"", ""exact confirmation/version"", ""retry/crash/no duplicates"", ""verified receipt""]",DISABLED; CANONICAL_SCOPE_UNPROVEN; route presence is not adapter or UI parity proof
4dd6db80c475,src/devnous/gastos/routes/client_executive_routes.py,568,legacy_client_dashboards_redirect,GET,"[""/cliente/tableros""]",/cliente/tableros,"[""GET""]","[{""prefix"": """", ""evidence"": ""copa_telmex_dashboard.py:2241"", ""status"": ""include_router_static; conditional/runtime execution unverified""}]",[],[],[],"UNPROVEN: guards/dependencies are evidence, not a complete effective-role matrix",direction,live_entrypoint_static,"[""NO_LOCAL_GUARD_FOUND; inherited/middleware review required""]",ROUTE OWNER ONLY; service authority unproven: src/devnous/gastos/routes/client_executive_routes.py:legacy_client_dashboards_redirect,[],direction_legacy_client_dashboards_redirect_get_4dd6db,direction:read; never grants business authority,[],current employee + effective faculty + object + organization/legal entity + portfolio/tournament; UNPROVEN,read_candidate; side effects NOT verified,none only after read-purity proof,scoped source IDs/version and redacted durable receipt; writes need canonical transactional dedup + postcondition,"[""role/object/company deny"", ""revoked/expired"", ""isolation"", ""read purity""]",DISABLED; CANONICAL_SCOPE_UNPROVEN; route presence is not adapter or UI parity proof
d4f290cb6403,src/devnous/gastos/routes/client_executive_routes.py,573,legacy_client_dashboard_summary_redirect,GET,"[""/cliente/tableros/asistente/resumen""]",/cliente/tableros/asistente/resumen,"[""GET""]","[{""prefix"": """", ""evidence"": ""copa_telmex_dashboard.py:2241"", ""status"": ""include_router_static; conditional/runtime execution unverified""}]",[],[],[],"UNPROVEN: guards/dependencies are evidence, not a complete effective-role matrix",direction,live_entrypoint_static,"[""NO_LOCAL_GUARD_FOUND; inherited/middleware review required""]",ROUTE OWNER ONLY; service authority unproven: src/devnous/gastos/routes/client_executive_routes.py:legacy_client_dashboard_summary_redirect,[],direction_legacy_client_dashboard_summary_redirect_get_d4f290,direction:read; never grants business authority,[],current employee + effective faculty + object + organization/legal entity + portfolio/tournament; UNPROVEN,read_candidate; side effects NOT verified,none only after read-purity proof,scoped source IDs/version and redacted durable receipt; writes need canonical transactional dedup + postcondition,"[""role/object/company deny"", ""revoked/expired"", ""isolation"", ""read purity""]",DISABLED; CANONICAL_SCOPE_UNPROVEN; route presence is not adapter or UI parity proof
117513b92345,src/devnous/gastos/routes/client_executive_routes.py,578,legacy_client_reports_redirect,GET,"[""/cliente/reportes""]",/cliente/reportes,"[""GET""]","[{""prefix"": """", ""evidence"": ""copa_telmex_dashboard.py:2241"", ""status"": ""include_router_static; conditional/runtime execution unverified""}]",[],[],[],"UNPROVEN: guards/dependencies are evidence, not a complete effective-role matrix",direction,live_entrypoint_static,"[""NO_LOCAL_GUARD_FOUND; inherited/middleware review required""]",ROUTE OWNER ONLY; service authority unproven: src/devnous/gastos/routes/client_executive_routes.py:legacy_client_reports_redirect,[],direction_legacy_client_reports_redirect_get_117513,direction:read; never grants business authority,[],current employee + effective faculty + object + organization/legal entity + portfolio/tournament; UNPROVEN,read_candidate; side effects NOT verified,none only after read-purity proof,scoped source IDs/version and redacted durable receipt; writes need canonical transactional dedup + postcondition,"[""role/object/company deny"", ""revoked/expired"", ""isolation"", ""read purity""]",DISABLED; CANONICAL_SCOPE_UNPROVEN; route presence is not adapter or UI parity proof
9dcaf8825be0,src/devnous/gastos/routes/client_executive_routes.py,583,legacy_client_tournament_redirect,GET,"[""/cliente/tableros/torneos/{tournament_id}""]",/cliente/tableros/torneos/{tournament_id},"[""GET""]","[{""prefix"": """", ""evidence"": ""copa_telmex_dashboard.py:2241"", ""status"": ""include_router_static; conditional/runtime execution unverified""}]",[],[],[],"UNPROVEN: guards/dependencies are evidence, not a complete effective-role matrix",direction,live_entrypoint_static,"[""NO_LOCAL_GUARD_FOUND; inherited/middleware review required""]",ROUTE OWNER ONLY; service authority unproven: src/devnous/gastos/routes/client_executive_routes.py:legacy_client_tournament_redirect,[],direction_legacy_client_tournament_redirect_get_9dcaf8,direction:read; never grants business authority,"[""tournament_id""]",current employee + effective faculty + object + organization/legal entity + portfolio/tournament; UNPROVEN,read_candidate; side effects NOT verified,none only after read-purity proof,scoped source IDs/version and redacted durable receipt; writes need canonical transactional dedup + postcondition,"[""role/object/company deny"", ""revoked/expired"", ""isolation"", ""read purity""]",DISABLED; CANONICAL_SCOPE_UNPROVEN; route presence is not adapter or UI parity proof
47cba28422f1,src/devnous/gastos/routes/client_reporting_routes.py,54,direction_report_management,GET,"[""/direccion/reportes/gestion""]",/direccion/reportes/gestion,"[""GET""]","[{""prefix"": """", ""evidence"": ""copa_telmex_dashboard.py:2242"", ""status"": ""include_router_static; conditional/runtime execution unverified""}]","[""src/devnous/gastos/routes/client_reporting_routes.py:31:_require_direction_reporting_scope""]",[],"[{""key"": ""direccion.tableros_ejecutivos"", ""roles"": [], ""actions"": [""ver""], ""evidence"": ""src/devnous/gastos/services/access_control_service.py:49""}]","UNPROVEN: guards/dependencies are evidence, not a complete effective-role matrix",direction,live_entrypoint_static,"[""_require_direction_reporting_scope(session, current_empleado)""]",ROUTE OWNER ONLY; service authority unproven: src/devnous/gastos/routes/client_reporting_routes.py:direction_report_management,[],direction_direction_report_management_get_47cba2,direction:read; never grants business authority,"[""current_empleado""]",current employee + effective faculty + object + organization/legal entity + portfolio/tournament; UNPROVEN,read_candidate; side effects NOT verified,none only after read-purity proof,scoped source IDs/version and redacted durable receipt; writes need canonical transactional dedup + postcondition,"[""role/object/company deny"", ""revoked/expired"", ""isolation"", ""read purity""]",DISABLED; CANONICAL_SCOPE_UNPROVEN; route presence is not adapter or UI parity proof
7bec90ede4da,src/devnous/gastos/routes/client_reporting_routes.py,161,direction_report_schedule_create,POST,"[""/direccion/reportes/gestion/configuraciones""]",/direccion/reportes/gestion/configuraciones,"[""POST""]","[{""prefix"": """", ""evidence"": ""copa_telmex_dashboard.py:2242"", ""status"": ""include_router_static; conditional/runtime execution unverified""}]","[""src/devnous/gastos/routes/client_reporting_routes.py:31:_require_direction_reporting_scope""]",[],"[{""key"": ""direccion.tableros_ejecutivos"", ""roles"": [], ""actions"": [""ver""], ""evidence"": ""src/devnous/gastos/services/access_control_service.py:49""}]","UNPROVEN: guards/dependencies are evidence, not a complete effective-role matrix",direction,live_entrypoint_static,"[""_require_direction_reporting_scope(session, current_empleado, portfolio_id, action_key='editar', require_explicit_action=True)""]",ROUTE OWNER ONLY; service authority unproven: src/devnous/gastos/routes/client_reporting_routes.py:direction_report_schedule_create,"[""session.commit""]",direction_direction_report_schedule_create_post_7bec90,direction:write; never grants business authority,"[""portfolio_id"", ""frequency"", ""current_empleado""]",current employee + effective faculty + object + organization/legal entity + portfolio/tournament; UNPROVEN,write_or_effect_candidate,trusted human approval of exact draft/version/amount/currency/destination/digest; recheck at commit,scoped source IDs/version and redacted durable receipt; writes need canonical transactional dedup + postcondition,"[""role/object/company deny"", ""revoked/expired"", ""isolation"", ""read purity"", ""exact confirmation/version"", ""retry/crash/no duplicates"", ""verified receipt""]",DISABLED; CANONICAL_SCOPE_UNPROVEN; route presence is not adapter or UI parity proof
3e4d550582b9,src/devnous/gastos/routes/client_reporting_routes.py,186,direction_report_draft_create,POST,"[""/direccion/reportes/gestion/borradores""]",/direccion/reportes/gestion/borradores,"[""POST""]","[{""prefix"": """", ""evidence"": ""copa_telmex_dashboard.py:2242"", ""status"": ""include_router_static; conditional/runtime execution unverified""}]","[""src/devnous/gastos/routes/client_reporting_routes.py:31:_require_direction_reporting_scope""]",[],"[{""key"": ""direccion.tableros_ejecutivos"", ""roles"": [], ""actions"": [""ver""], ""evidence"": ""src/devnous/gastos/services/access_control_service.py:49""}]","UNPROVEN: guards/dependencies are evidence, not a complete effective-role matrix",direction,live_entrypoint_static,"[""_require_direction_reporting_scope(session, current_empleado, action_key='editar', require_explicit_action=True)""]",ROUTE OWNER ONLY; service authority unproven: src/devnous/gastos/routes/client_reporting_routes.py:direction_report_draft_create,"[""build_report_draft"", ""session.commit""]",direction_direction_report_draft_create_post_3e4d55,direction:write; never grants business authority,"[""schedule_id"", ""portfolio_id"", ""current_empleado""]",current employee + effective faculty + object + organization/legal entity + portfolio/tournament; UNPROVEN,write_or_effect_candidate,trusted human approval of exact draft/version/amount/currency/destination/digest; recheck at commit,scoped source IDs/version and redacted durable receipt; writes need canonical transactional dedup + postcondition,"[""role/object/company deny"", ""revoked/expired"", ""isolation"", ""read purity"", ""exact confirmation/version"", ""retry/crash/no duplicates"", ""verified receipt""]",DISABLED; CANONICAL_SCOPE_UNPROVEN; route presence is not adapter or UI parity proof
29e366067caa,src/devnous/gastos/routes/client_reporting_routes.py,230,direction_report_draft_transition,POST,"[""/direccion/reportes/gestion/borradores/{draft_id}/{target}""]",/direccion/reportes/gestion/borradores/{draft_id}/{target},"[""POST""]","[{""prefix"": """", ""evidence"": ""copa_telmex_dashboard.py:2242"", ""status"": ""include_router_static; conditional/runtime execution unverified""}]","[""src/devnous/gastos/routes/client_reporting_routes.py:31:_require_direction_reporting_scope""]",[],"[{""key"": ""direccion.tableros_ejecutivos"", ""roles"": [], ""actions"": [""ver""], ""evidence"": ""src/devnous/gastos/services/access_control_service.py:49""}]","UNPROVEN: guards/dependencies are evidence, not a complete effective-role matrix",direction,live_entrypoint_static,"[""_require_direction_reporting_scope(session, current_empleado, action_key='editar', require_explicit_action=True)""]",ROUTE OWNER ONLY; service authority unproven: src/devnous/gastos/routes/client_reporting_routes.py:direction_report_draft_transition,"[""session.commit""]",direction_direction_report_draft_transition_post_29e366,direction:write; never grants business authority,"[""draft_id"", ""target"", ""current_empleado""]",current employee + effective faculty + object + organization/legal entity + portfolio/tournament; UNPROVEN,write_or_effect_candidate,trusted human approval of exact draft/version/amount/currency/destination/digest; recheck at commit,scoped source IDs/version and redacted durable receipt; writes need canonical transactional dedup + postcondition,"[""role/object/company deny"", ""revoked/expired"", ""isolation"", ""read purity"", ""exact confirmation/version"", ""retry/crash/no duplicates"", ""verified receipt""]",DISABLED; CANONICAL_SCOPE_UNPROVEN; route presence is not adapter or UI parity proof
9ca35e2a1ef5,src/devnous/gastos/routes/client_reporting_routes.py,269,legacy_client_report_management_redirect,GET,"[""/admin/reportes-cliente""]",/admin/reportes-cliente,"[""GET""]","[{""prefix"": """", ""evidence"": ""copa_telmex_dashboard.py:2242"", ""status"": ""include_router_static; conditional/runtime execution unverified""}]",[],[],"[{""key"": ""admin.root"", ""roles"": [""admin"", ""superadmin"", ""super_admin""], ""actions"": [""ver""], ""evidence"": ""src/devnous/gastos/services/access_control_service.py:125""}]","UNPROVEN: guards/dependencies are evidence, not a complete effective-role matrix",documents_and_other,live_entrypoint_static,"[""NO_LOCAL_GUARD_FOUND; inherited/middleware review required""]",ROUTE OWNER ONLY; service authority unproven: src/devnous/gastos/routes/client_reporting_routes.py:legacy_client_report_management_redirect,[],documents_and_other_legacy_client_report_management_redi_9ca35e,documents_and_other:read; never grants business authority,[],current employee + effective faculty + object + organization/legal entity + portfolio/tournament; UNPROVEN,read_candidate; side effects NOT verified,none only after read-purity proof,scoped source IDs/version and redacted durable receipt; writes need canonical transactional dedup + postcondition,"[""role/object/company deny"", ""revoked/expired"", ""isolation"", ""read purity""]",DISABLED; CANONICAL_SCOPE_UNPROVEN; route presence is not adapter or UI parity proof
4c7de40962dc,src/devnous/gastos/routes/operations_analytics_routes.py,141,operaciones_analytics_summary,GET,"[""/api/operaciones/analytics/summary""]",/api/operaciones/analytics/summary,"[""GET""]","[{""prefix"": """", ""evidence"": ""copa_telmex_dashboard.py:2238"", ""status"": ""include_router_static; conditional/runtime execution unverified""}]","[""src/devnous/gastos/routes/operations_analytics_routes.py:62:_require_budget_view""]",[],[],"UNPROVEN: guards/dependencies are evidence, not a complete effective-role matrix",operations,live_entrypoint_static,"[""_require_budget_view(current_empleado)""]",ROUTE OWNER ONLY; service authority unproven: src/devnous/gastos/routes/operations_analytics_routes.py:operaciones_analytics_summary,[],operations_operaciones_analytics_summary_get_4c7de4,operations:read; never grants business authority,"[""current_empleado"", ""tournament_id"", ""year"", ""edition_year""]",current employee + effective faculty + object + organization/legal entity + portfolio/tournament; UNPROVEN,read_candidate; side effects NOT verified,none only after read-purity proof,scoped source IDs/version and redacted durable receipt; writes need canonical transactional dedup + postcondition,"[""role/object/company deny"", ""revoked/expired"", ""isolation"", ""read purity""]",DISABLED; CANONICAL_SCOPE_UNPROVEN; route presence is not adapter or UI parity proof
f32da52292ca,src/devnous/gastos/routes/operations_analytics_routes.py,449,operaciones_analytics_budget_upsert,POST,"[""/api/operaciones/analytics/budget-lines/upsert""]",/api/operaciones/analytics/budget-lines/upsert,"[""POST""]","[{""prefix"": """", ""evidence"": ""copa_telmex_dashboard.py:2238"", ""status"": ""include_router_static; conditional/runtime execution unverified""}]","[""src/devnous/gastos/routes/operations_analytics_routes.py:67:_require_budget_mutation""]",[],[],"UNPROVEN: guards/dependencies are evidence, not a complete effective-role matrix",budgets,live_entrypoint_static,"[""_require_budget_mutation(current_empleado)""]",ROUTE OWNER ONLY; service authority unproven: src/devnous/gastos/routes/operations_analytics_routes.py:operaciones_analytics_budget_upsert,[],budgets_operaciones_analytics_budget_upsert_post_f32da5,budgets:write; never grants business authority,"[""payload"", ""current_empleado""]",current employee + effective faculty + object + organization/legal entity + portfolio/tournament; UNPROVEN,write_or_effect_candidate,trusted human approval of exact draft/version/amount/currency/destination/digest; recheck at commit,scoped source IDs/version and redacted durable receipt; writes need canonical transactional dedup + postcondition,"[""role/object/company deny"", ""revoked/expired"", ""isolation"", ""read purity"", ""exact confirmation/version"", ""retry/crash/no duplicates"", ""verified receipt""]",DISABLED; CANONICAL_SCOPE_UNPROVEN; route presence is not adapter or UI parity proof
68e7cd82638f,src/devnous/gastos/routes/supplier_advance_routes.py,91,supplier_invoice_form,GET,[],/documentos/{documento_id}/comprobar-anticipo-proveedor,"[""GET""]",[],[],[],[],"UNPROVEN: guards/dependencies are evidence, not a complete effective-role matrix",documents_and_other,secondary_or_unproven_mount,"[""NO_LOCAL_GUARD_FOUND; inherited/middleware review required""]",ROUTE OWNER ONLY; service authority unproven: src/devnous/gastos/routes/supplier_advance_routes.py:supplier_invoice_form,[],documents_and_other_supplier_invoice_form_get_68e7cd,documents_and_other:read; never grants business authority,"[""documento_id"", ""actor""]",current employee + effective faculty + object + organization/legal entity + portfolio/tournament; UNPROVEN,read_candidate; side effects NOT verified,none only after read-purity proof,scoped source IDs/version and redacted durable receipt; writes need canonical transactional dedup + postcondition,"[""role/object/company deny"", ""revoked/expired"", ""isolation"", ""read purity""]",DISABLED; CANONICAL_SCOPE_UNPROVEN; route presence is not adapter or UI parity proof
167b2684455f,src/devnous/gastos/routes/supplier_advance_routes.py,117,supplier_invoice_submit,POST,[],/documentos/{documento_id}/comprobar-anticipo-proveedor,"[""POST""]",[],[],[],[],"UNPROVEN: guards/dependencies are evidence, not a complete effective-role matrix",documents_and_other,secondary_or_unproven_mount,"[""NO_LOCAL_GUARD_FOUND; inherited/middleware review required""]",ROUTE OWNER ONLY; service authority unproven: src/devnous/gastos/routes/supplier_advance_routes.py:supplier_invoice_submit,"[""session.commit""]",documents_and_other_supplier_invoice_submit_post_167b26,documents_and_other:write; never grants business authority,"[""documento_id"", ""submission_id"", ""archivo_xml"", ""archivo_pdf"", ""actor""]",current employee + effective faculty + object + organization/legal entity + portfolio/tournament; UNPROVEN,write_or_effect_candidate,trusted human approval of exact draft/version/amount/currency/destination/digest; recheck at commit,scoped source IDs/version and redacted durable receipt; writes need canonical transactional dedup + postcondition,"[""role/object/company deny"", ""revoked/expired"", ""isolation"", ""read purity"", ""exact confirmation/version"", ""retry/crash/no duplicates"", ""verified receipt""]",DISABLED; CANONICAL_SCOPE_UNPROVEN; route presence is not adapter or UI parity proof
285656db1134,src/devnous/gastos/routes/support_routes.py,667,support_my_tickets,GET,"[""/soporte""]",/soporte,"[""GET""]","[{""prefix"": """", ""evidence"": ""copa_telmex_dashboard.py:2243"", ""status"": ""include_router_static; conditional/runtime execution unverified""}]",[],[],"[{""key"": ""soporte.self"", ""roles"": [""empleado"", ""coordinador"", ""finanzas"", ""admin"", ""superadmin""], ""actions"": [""ver"", ""crear""], ""evidence"": ""src/devnous/gastos/services/access_control_service.py:116""}]","UNPROVEN: guards/dependencies are evidence, not a complete effective-role matrix",support,live_entrypoint_static,"[""NO_LOCAL_GUARD_FOUND; inherited/middleware review required""]",ROUTE OWNER ONLY; service authority unproven: src/devnous/gastos/routes/support_routes.py:support_my_tickets,[],support_support_my_tickets_get_285656,support:read; never grants business authority,"[""current_empleado"", ""creado""]",current employee + effective faculty + object + organization/legal entity + portfolio/tournament; UNPROVEN,read_candidate; side effects NOT verified,none only after read-purity proof,scoped source IDs/version and redacted durable receipt; writes need canonical transactional dedup + postcondition,"[""role/object/company deny"", ""revoked/expired"", ""isolation"", ""read purity""]",DISABLED; CANONICAL_SCOPE_UNPROVEN; route presence is not adapter or UI parity proof
ba0927e54b4d,src/devnous/gastos/routes/support_routes.py,792,support_new_ticket_form,GET,"[""/soporte/nuevo""]",/soporte/nuevo,"[""GET""]","[{""prefix"": """", ""evidence"": ""copa_telmex_dashboard.py:2243"", ""status"": ""include_router_static; conditional/runtime execution unverified""}]",[],[],"[{""key"": ""soporte.self"", ""roles"": [""empleado"", ""coordinador"", ""finanzas"", ""admin"", ""superadmin""], ""actions"": [""ver"", ""crear""], ""evidence"": ""src/devnous/gastos/services/access_control_service.py:116""}]","UNPROVEN: guards/dependencies are evidence, not a complete effective-role matrix",support,live_entrypoint_static,"[""NO_LOCAL_GUARD_FOUND; inherited/middleware review required""]",ROUTE OWNER ONLY; service authority unproven: src/devnous/gastos/routes/support_routes.py:support_new_ticket_form,[],support_support_new_ticket_form_get_ba0927,support:read; never grants business authority,"[""current_empleado"", ""error""]",current employee + effective faculty + object + organization/legal entity + portfolio/tournament; UNPROVEN,read_candidate; side effects NOT verified,none only after read-purity proof,scoped source IDs/version and redacted durable receipt; writes need canonical transactional dedup + postcondition,"[""role/object/company deny"", ""revoked/expired"", ""isolation"", ""read purity""]",DISABLED; CANONICAL_SCOPE_UNPROVEN; route presence is not adapter or UI parity proof
4b7b51cc5902,src/devnous/gastos/routes/support_routes.py,931,support_new_ticket_submit,POST,"[""/soporte/nuevo""]",/soporte/nuevo,"[""POST""]","[{""prefix"": """", ""evidence"": ""copa_telmex_dashboard.py:2243"", ""status"": ""include_router_static; conditional/runtime execution unverified""}]",[],[],"[{""key"": ""soporte.self"", ""roles"": [""empleado"", ""coordinador"", ""finanzas"", ""admin"", ""superadmin""], ""actions"": [""ver"", ""crear""], ""evidence"": ""src/devnous/gastos/services/access_control_service.py:116""}]","UNPROVEN: guards/dependencies are evidence, not a complete effective-role matrix",support,live_entrypoint_static,"[""NO_LOCAL_GUARD_FOUND; inherited/middleware review required""]",ROUTE OWNER ONLY; service authority unproven: src/devnous/gastos/routes/support_routes.py:support_new_ticket_submit,[],support_support_new_ticket_submit_post_4b7b51,support:write; never grants business authority,"[""current_empleado"", ""asunto"", ""descripcion"", ""categoria"", ""prioridad"", ""page_url"", ""contact_email""]",current employee + effective faculty + object + organization/legal entity + portfolio/tournament; UNPROVEN,write_or_effect_candidate,trusted human approval of exact draft/version/amount/currency/destination/digest; recheck at commit,scoped source IDs/version and redacted durable receipt; writes need canonical transactional dedup + postcondition,"[""role/object/company deny"", ""revoked/expired"", ""isolation"", ""read purity"", ""exact confirmation/version"", ""retry/crash/no duplicates"", ""verified receipt""]",DISABLED; CANONICAL_SCOPE_UNPROVEN; route presence is not adapter or UI parity proof
7b8e38f93d02,src/devnous/gastos/routes/support_routes.py,992,support_ticket_detail,GET,"[""/soporte/{ticket_id}""]",/soporte/{ticket_id},"[""GET""]","[{""prefix"": """", ""evidence"": ""copa_telmex_dashboard.py:2243"", ""status"": ""include_router_static; conditional/runtime execution unverified""}]",[],[],"[{""key"": ""soporte.self"", ""roles"": [""empleado"", ""coordinador"", ""finanzas"", ""admin"", ""superadmin""], ""actions"": [""ver"", ""crear""], ""evidence"": ""src/devnous/gastos/services/access_control_service.py:116""}]","UNPROVEN: guards/dependencies are evidence, not a complete effective-role matrix",support,live_entrypoint_static,"[""'\\n        <section class=\""surface\"" style=\""padding:18px;\"">\\n            <div class=\""eyebrow\"">Agregar comentario</div>\\n            <form method=\""POST\"" action=\""/soporte/{ticket_id}/comentarios\"" style=\""margin-top:10px;\"">\\n                <textarea name=\""body\"" required placeholder=\""Escribe aquí...\""\\n                    style=\""width:100%;min-height:120px;padding:12px;border-radius:10px;\\n                    border:1px solid var(--shell-line);font-family:inherit;font-size:14px;\\n                    box-sizing:border-box;resize:vertical;\""></textarea>\\n                <div style=\""margin-top:12px;\"">\\n                    <button type=\""submit\"" class=\""button primary\"">Enviar comentario</button>\\n                </div>\\n            </form>\\n        </section>\\n        '.replace('{ticket_id}', str(ticket.id))""]",ROUTE OWNER ONLY; service authority unproven: src/devnous/gastos/routes/support_routes.py:support_ticket_detail,[],support_support_ticket_detail_get_7b8e38,support:read; never grants business authority,"[""ticket_id"", ""current_empleado"", ""error"", ""ok""]",current employee + effective faculty + object + organization/legal entity + portfolio/tournament; UNPROVEN,read_candidate; side effects NOT verified,none only after read-purity proof,scoped source IDs/version and redacted durable receipt; writes need canonical transactional dedup + postcondition,"[""role/object/company deny"", ""revoked/expired"", ""isolation"", ""read purity""]",DISABLED; CANONICAL_SCOPE_UNPROVEN; route presence is not adapter or UI parity proof
1aa2894cc1e5,src/devnous/gastos/routes/support_routes.py,1215,support_ticket_add_comment,POST,"[""/soporte/{ticket_id}/comentarios""]",/soporte/{ticket_id}/comentarios,"[""POST""]","[{""prefix"": """", ""evidence"": ""copa_telmex_dashboard.py:2243"", ""status"": ""include_router_static; conditional/runtime execution unverified""}]",[],[],"[{""key"": ""soporte.self"", ""roles"": [""empleado"", ""coordinador"", ""finanzas"", ""admin"", ""superadmin""], ""actions"": [""ver"", ""crear""], ""evidence"": ""src/devnous/gastos/services/access_control_service.py:116""}]","UNPROVEN: guards/dependencies are evidence, not a complete effective-role matrix",support,live_entrypoint_static,"[""NO_LOCAL_GUARD_FOUND; inherited/middleware review required""]",ROUTE OWNER ONLY; service authority unproven: src/devnous/gastos/routes/support_routes.py:support_ticket_add_comment,[],support_support_ticket_add_comment_post_1aa289,support:write; never grants business authority,"[""ticket_id"", ""current_empleado"", ""body""]",current employee + effective faculty + object + organization/legal entity + portfolio/tournament; UNPROVEN,write_or_effect_candidate,trusted human approval of exact draft/version/amount/currency/destination/digest; recheck at commit,scoped source IDs/version and redacted durable receipt; writes need canonical transactional dedup + postcondition,"[""role/object/company deny"", ""revoked/expired"", ""isolation"", ""read purity"", ""exact confirmation/version"", ""retry/crash/no duplicates"", ""verified receipt""]",DISABLED; CANONICAL_SCOPE_UNPROVEN; route presence is not adapter or UI parity proof
30748533b11a,src/devnous/gastos/routes/support_routes.py,1275,support_admin_dashboard,GET,"[""/admin/soporte""]",/admin/soporte,"[""GET""]","[{""prefix"": """", ""evidence"": ""copa_telmex_dashboard.py:2243"", ""status"": ""include_router_static; conditional/runtime execution unverified""}]",[],[],"[{""key"": ""admin.root"", ""roles"": [""admin"", ""superadmin"", ""super_admin""], ""actions"": [""ver""], ""evidence"": ""src/devnous/gastos/services/access_control_service.py:125""}, {""key"": ""admin.soporte"", ""roles"": [""superadmin"", ""super_admin""], ""actions"": [""ver"", ""editar""], ""evidence"": ""src/devnous/gastos/services/access_control_service.py:327""}]","UNPROVEN: guards/dependencies are evidence, not a complete effective-role matrix",support,live_entrypoint_static,"[""_ensure_superadmin(current_empleado)""]",ROUTE OWNER ONLY; service authority unproven: src/devnous/gastos/routes/support_routes.py:support_admin_dashboard,[],support_support_admin_dashboard_get_307485,support:read; never grants business authority,"[""current_empleado"", ""estado"", ""prioridad"", ""categoria"", ""q""]",current employee + effective faculty + object + organization/legal entity + portfolio/tournament; UNPROVEN,read_candidate; side effects NOT verified,none only after read-purity proof,scoped source IDs/version and redacted durable receipt; writes need canonical transactional dedup + postcondition,"[""role/object/company deny"", ""revoked/expired"", ""isolation"", ""read purity""]",DISABLED; CANONICAL_SCOPE_UNPROVEN; route presence is not adapter or UI parity proof
e712c7afa0b5,src/devnous/gastos/routes/support_routes.py,1487,support_system_status,GET,"[""/admin/soporte/estado-sistema""]",/admin/soporte/estado-sistema,"[""GET""]","[{""prefix"": """", ""evidence"": ""copa_telmex_dashboard.py:2243"", ""status"": ""include_router_static; conditional/runtime execution unverified""}]",[],[],"[{""key"": ""admin.root"", ""roles"": [""admin"", ""superadmin"", ""super_admin""], ""actions"": [""ver""], ""evidence"": ""src/devnous/gastos/services/access_control_service.py:125""}, {""key"": ""admin.soporte"", ""roles"": [""superadmin"", ""super_admin""], ""actions"": [""ver"", ""editar""], ""evidence"": ""src/devnous/gastos/services/access_control_service.py:327""}]","UNPROVEN: guards/dependencies are evidence, not a complete effective-role matrix",support,live_entrypoint_static,"[""_ensure_superadmin(current_empleado)""]",ROUTE OWNER ONLY; service authority unproven: src/devnous/gastos/routes/support_routes.py:support_system_status,[],support_support_system_status_get_e712c7,support:read; never grants business authority,"[""current_empleado""]",current employee + effective faculty + object + organization/legal entity + portfolio/tournament; UNPROVEN,read_candidate; side effects NOT verified,none only after read-purity proof,scoped source IDs/version and redacted durable receipt; writes need canonical transactional dedup + postcondition,"[""role/object/company deny"", ""revoked/expired"", ""isolation"", ""read purity""]",DISABLED; CANONICAL_SCOPE_UNPROVEN; route presence is not adapter or UI parity proof
8c47b1999d9a,src/devnous/gastos/routes/support_routes.py,1824,support_admin_ticket_detail,GET,"[""/admin/soporte/{ticket_id}""]",/admin/soporte/{ticket_id},"[""GET""]","[{""prefix"": """", ""evidence"": ""copa_telmex_dashboard.py:2243"", ""status"": ""include_router_static; conditional/runtime execution unverified""}]",[],[],"[{""key"": ""admin.root"", ""roles"": [""admin"", ""superadmin"", ""super_admin""], ""actions"": [""ver""], ""evidence"": ""src/devnous/gastos/services/access_control_service.py:125""}, {""key"": ""admin.soporte"", ""roles"": [""superadmin"", ""super_admin""], ""actions"": [""ver"", ""editar""], ""evidence"": ""src/devnous/gastos/services/access_control_service.py:327""}]","UNPROVEN: guards/dependencies are evidence, not a complete effective-role matrix",support,live_entrypoint_static,"[""_ensure_superadmin(current_empleado)""]",ROUTE OWNER ONLY; service authority unproven: src/devnous/gastos/routes/support_routes.py:support_admin_ticket_detail,[],support_support_admin_ticket_detail_get_8c47b1,support:read; never grants business authority,"[""ticket_id"", ""current_empleado"", ""error"", ""ok""]",current employee + effective faculty + object + organization/legal entity + portfolio/tournament; UNPROVEN,read_candidate; side effects NOT verified,none only after read-purity proof,scoped source IDs/version and redacted durable receipt; writes need canonical transactional dedup + postcondition,"[""role/object/company deny"", ""revoked/expired"", ""isolation"", ""read purity""]",DISABLED; CANONICAL_SCOPE_UNPROVEN; route presence is not adapter or UI parity proof
c97256acca6b,src/devnous/gastos/routes/support_routes.py,2111,support_admin_update_ticket,POST,"[""/admin/soporte/{ticket_id}/actualizar""]",/admin/soporte/{ticket_id}/actualizar,"[""POST""]","[{""prefix"": """", ""evidence"": ""copa_telmex_dashboard.py:2243"", ""status"": ""include_router_static; conditional/runtime execution unverified""}]",[],[],"[{""key"": ""admin.root"", ""roles"": [""admin"", ""superadmin"", ""super_admin""], ""actions"": [""ver""], ""evidence"": ""src/devnous/gastos/services/access_control_service.py:125""}, {""key"": ""admin.soporte"", ""roles"": [""superadmin"", ""super_admin""], ""actions"": [""ver"", ""editar""], ""evidence"": ""src/devnous/gastos/services/access_control_service.py:327""}]","UNPROVEN: guards/dependencies are evidence, not a complete effective-role matrix",support,live_entrypoint_static,"[""_ensure_superadmin(current_empleado)""]",ROUTE OWNER ONLY; service authority unproven: src/devnous/gastos/routes/support_routes.py:support_admin_update_ticket,[],support_support_admin_update_ticket_post_c97256,support:write; never grants business authority,"[""ticket_id"", ""current_empleado"", ""estado"", ""prioridad"", ""categoria"", ""assigned_to_empleado_id"", ""resolution_note""]",current employee + effective faculty + object + organization/legal entity + portfolio/tournament; UNPROVEN,write_or_effect_candidate,trusted human approval of exact draft/version/amount/currency/destination/digest; recheck at commit,scoped source IDs/version and redacted durable receipt; writes need canonical transactional dedup + postcondition,"[""role/object/company deny"", ""revoked/expired"", ""isolation"", ""read purity"", ""exact confirmation/version"", ""retry/crash/no duplicates"", ""verified receipt""]",DISABLED; CANONICAL_SCOPE_UNPROVEN; route presence is not adapter or UI parity proof
4a489cbe12e6,src/devnous/gastos/routes/user_routes.py,692,api_contabilidad_historica_snapshot,GET,"[""/api/contabilidad/historica/snapshot""]",/api/contabilidad/historica/snapshot,"[""GET""]","[{""prefix"": """", ""evidence"": ""copa_telmex_dashboard.py:2240"", ""status"": ""include_router_static; conditional/runtime execution unverified""}]",[],[],[],"UNPROVEN: guards/dependencies are evidence, not a complete effective-role matrix",accounting,live_entrypoint_static,"[""require_admin_finanzas()""]",ROUTE OWNER ONLY; service authority unproven: src/devnous/gastos/routes/user_routes.py:api_contabilidad_historica_snapshot,[],accounting_api_contabilidad_historica_snapshot_get_4a489c,accounting:read; never grants business authority,"[""year"", ""company_code"", ""current_empleado""]",current employee + effective faculty + object + organization/legal entity + portfolio/tournament; UNPROVEN,read_candidate; side effects NOT verified,none only after read-purity proof,scoped source IDs/version and redacted durable receipt; writes need canonical transactional dedup + postcondition,"[""role/object/company deny"", ""revoked/expired"", ""isolation"", ""read purity""]",DISABLED; CANONICAL_SCOPE_UNPROVEN; route presence is not adapter or UI parity proof
faa94af7fb0b,src/devnous/gastos/routes/user_routes.py,729,api_contabilidad_historica_empresas,GET,"[""/api/contabilidad/historica/empresas""]",/api/contabilidad/historica/empresas,"[""GET""]","[{""prefix"": """", ""evidence"": ""copa_telmex_dashboard.py:2240"", ""status"": ""include_router_static; conditional/runtime execution unverified""}]",[],[],[],"UNPROVEN: guards/dependencies are evidence, not a complete effective-role matrix",accounting,live_entrypoint_static,"[""require_admin_finanzas()""]",ROUTE OWNER ONLY; service authority unproven: src/devnous/gastos/routes/user_routes.py:api_contabilidad_historica_empresas,[],accounting_api_contabilidad_historica_empresas_get_faa94a,accounting:read; never grants business authority,"[""year"", ""current_empleado""]",current employee + effective faculty + object + organization/legal entity + portfolio/tournament; UNPROVEN,read_candidate; side effects NOT verified,none only after read-purity proof,scoped source IDs/version and redacted durable receipt; writes need canonical transactional dedup + postcondition,"[""role/object/company deny"", ""revoked/expired"", ""isolation"", ""read purity""]",DISABLED; CANONICAL_SCOPE_UNPROVEN; route presence is not adapter or UI parity proof
4ae850b89868,src/devnous/gastos/routes/user_routes.py,754,api_contabilidad_historica_cobertura,GET,"[""/api/contabilidad/historica/cobertura""]",/api/contabilidad/historica/cobertura,"[""GET""]","[{""prefix"": """", ""evidence"": ""copa_telmex_dashboard.py:2240"", ""status"": ""include_router_static; conditional/runtime execution unverified""}]",[],[],[],"UNPROVEN: guards/dependencies are evidence, not a complete effective-role matrix",accounting,live_entrypoint_static,"[""require_admin_finanzas()""]",ROUTE OWNER ONLY; service authority unproven: src/devnous/gastos/routes/user_routes.py:api_contabilidad_historica_cobertura,[],accounting_api_contabilidad_historica_cobertura_get_4ae850,accounting:read; never grants business authority,"[""year_from"", ""year_to"", ""current_empleado""]",current employee + effective faculty + object + organization/legal entity + portfolio/tournament; UNPROVEN,read_candidate; side effects NOT verified,none only after read-purity proof,scoped source IDs/version and redacted durable receipt; writes need canonical transactional dedup + postcondition,"[""role/object/company deny"", ""revoked/expired"", ""isolation"", ""read purity""]",DISABLED; CANONICAL_SCOPE_UNPROVEN; route presence is not adapter or UI parity proof
217ff4286322,src/devnous/gastos/routes/user_routes.py,782,api_contabilidad_historica_comparativo,GET,"[""/api/contabilidad/historica/comparativo""]",/api/contabilidad/historica/comparativo,"[""GET""]","[{""prefix"": """", ""evidence"": ""copa_telmex_dashboard.py:2240"", ""status"": ""include_router_static; conditional/runtime execution unverified""}]",[],[],[],"UNPROVEN: guards/dependencies are evidence, not a complete effective-role matrix",accounting,live_entrypoint_static,"[""require_admin_finanzas()""]",ROUTE OWNER ONLY; service authority unproven: src/devnous/gastos/routes/user_routes.py:api_contabilidad_historica_comparativo,"[""build_historical_accounting_comparison""]",accounting_api_contabilidad_historica_comparativo_get_217ff4,accounting:read; never grants business authority,"[""company_code"", ""year_from"", ""year_to"", ""current_empleado""]",current employee + effective faculty + object + organization/legal entity + portfolio/tournament; UNPROVEN,read_candidate; side effects NOT verified,none only after read-purity proof,scoped source IDs/version and redacted durable receipt; writes need canonical transactional dedup + postcondition,"[""role/object/company deny"", ""revoked/expired"", ""isolation"", ""read purity""]",DISABLED; CANONICAL_SCOPE_UNPROVEN; route presence is not adapter or UI parity proof
76309f33b0da,src/devnous/gastos/routes/user_routes.py,813,api_contabilidad_historica_reporte,GET,"[""/api/contabilidad/historica/reporte""]",/api/contabilidad/historica/reporte,"[""GET""]","[{""prefix"": """", ""evidence"": ""copa_telmex_dashboard.py:2240"", ""status"": ""include_router_static; conditional/runtime execution unverified""}]",[],[],[],"UNPROVEN: guards/dependencies are evidence, not a complete effective-role matrix",accounting,live_entrypoint_static,"[""require_admin_finanzas()""]",ROUTE OWNER ONLY; service authority unproven: src/devnous/gastos/routes/user_routes.py:api_contabilidad_historica_reporte,[],accounting_api_contabilidad_historica_reporte_get_76309f,accounting:read; never grants business authority,"[""report_type"", ""year"", ""company_code"", ""month"", ""tipo_poliza"", ""cuenta_codigo"", ""q"", ""limit"", ""current_empleado""]",current employee + effective faculty + object + organization/legal entity + portfolio/tournament; UNPROVEN,read_candidate; side effects NOT verified,none only after read-purity proof,scoped source IDs/version and redacted durable receipt; writes need canonical transactional dedup + postcondition,"[""role/object/company deny"", ""revoked/expired"", ""isolation"", ""read purity""]",DISABLED; CANONICAL_SCOPE_UNPROVEN; route presence is not adapter or UI parity proof
5b657296b013,src/devnous/gastos/routes/user_routes.py,867,contabilidad_historica_view,GET,"[""/admin/contabilidad/historica""]",/admin/contabilidad/historica,"[""GET""]","[{""prefix"": """", ""evidence"": ""copa_telmex_dashboard.py:2240"", ""status"": ""include_router_static; conditional/runtime execution unverified""}]",[],[],"[{""key"": ""admin.root"", ""roles"": [""admin"", ""superadmin"", ""super_admin""], ""actions"": [""ver""], ""evidence"": ""src/devnous/gastos/services/access_control_service.py:125""}, {""key"": ""admin.contabilidad"", ""roles"": [""finanzas"", ""admin"", ""superadmin"", ""super_admin""], ""actions"": [""ver"", ""crear"", ""editar"", ""exportar"", ""administrar""], ""evidence"": ""src/devnous/gastos/services/access_control_service.py:301""}]","UNPROVEN: guards/dependencies are evidence, not a complete effective-role matrix",accounting,live_entrypoint_static,"[""require_admin_finanzas()""]",ROUTE OWNER ONLY; service authority unproven: src/devnous/gastos/routes/user_routes.py:contabilidad_historica_view,[],accounting_contabilidad_historica_view_get_5b6572,accounting:read; never grants business authority,"[""current_empleado""]",current employee + effective faculty + object + organization/legal entity + portfolio/tournament; UNPROVEN,read_candidate; side effects NOT verified,none only after read-purity proof,scoped source IDs/version and redacted durable receipt; writes need canonical transactional dedup + postcondition,"[""role/object/company deny"", ""revoked/expired"", ""isolation"", ""read purity""]",DISABLED; CANONICAL_SCOPE_UNPROVEN; route presence is not adapter or UI parity proof
2dce7dcaf699,src/devnous/gastos/routes/user_routes.py,1584,control_accesos_page,GET,"[""/admin/control-accesos""]",/admin/control-accesos,"[""GET""]","[{""prefix"": """", ""evidence"": ""copa_telmex_dashboard.py:2240"", ""status"": ""include_router_static; conditional/runtime execution unverified""}]","[""src/devnous/gastos/routes/user_routes.py:1569:_require_control_accesos_superadmin""]",[],"[{""key"": ""admin.root"", ""roles"": [""admin"", ""superadmin"", ""super_admin""], ""actions"": [""ver""], ""evidence"": ""src/devnous/gastos/services/access_control_service.py:125""}, {""key"": ""configuracion.control_accesos"", ""roles"": [""superadmin"", ""super_admin""], ""actions"": [""ver"", ""editar"", ""administrar""], ""evidence"": ""src/devnous/gastos/services/access_control_service.py:336""}]","UNPROVEN: guards/dependencies are evidence, not a complete effective-role matrix",documents_and_other,live_entrypoint_static,"[""_require_control_accesos_superadmin(current_empleado)""]",ROUTE OWNER ONLY; service authority unproven: src/devnous/gastos/routes/user_routes.py:control_accesos_page,[],documents_and_other_control_accesos_page_get_2dce7d,documents_and_other:read; never grants business authority,"[""current_empleado""]",current employee + effective faculty + object + organization/legal entity + portfolio/tournament; UNPROVEN,read_candidate; side effects NOT verified,none only after read-purity proof,scoped source IDs/version and redacted durable receipt; writes need canonical transactional dedup + postcondition,"[""role/object/company deny"", ""revoked/expired"", ""isolation"", ""read purity""]",DISABLED; CANONICAL_SCOPE_UNPROVEN; route presence is not adapter or UI parity proof
ec11d10cdcb8,src/devnous/gastos/routes/user_routes.py,1717,control_accesos_save_rule,POST,"[""/admin/control-accesos/rules""]",/admin/control-accesos/rules,"[""POST""]","[{""prefix"": """", ""evidence"": ""copa_telmex_dashboard.py:2240"", ""status"": ""include_router_static; conditional/runtime execution unverified""}]","[""src/devnous/gastos/routes/user_routes.py:1569:_require_control_accesos_superadmin""]",[],"[{""key"": ""admin.root"", ""roles"": [""admin"", ""superadmin"", ""super_admin""], ""actions"": [""ver""], ""evidence"": ""src/devnous/gastos/services/access_control_service.py:125""}, {""key"": ""configuracion.control_accesos"", ""roles"": [""superadmin"", ""super_admin""], ""actions"": [""ver"", ""editar"", ""administrar""], ""evidence"": ""src/devnous/gastos/services/access_control_service.py:336""}]","UNPROVEN: guards/dependencies are evidence, not a complete effective-role matrix",documents_and_other,live_entrypoint_static,"[""_require_control_accesos_superadmin(current_empleado)""]",ROUTE OWNER ONLY; service authority unproven: src/devnous/gastos/routes/user_routes.py:control_accesos_save_rule,"[""session.commit""]",documents_and_other_control_accesos_save_rule_post_ec11d1,documents_and_other:write; never grants business authority,"[""current_empleado"", ""tool_key"", ""role_key"", ""area_key"", ""allowed"", ""reason"", ""return_tool_key""]",current employee + effective faculty + object + organization/legal entity + portfolio/tournament; UNPROVEN,write_or_effect_candidate,trusted human approval of exact draft/version/amount/currency/destination/digest; recheck at commit,scoped source IDs/version and redacted durable receipt; writes need canonical transactional dedup + postcondition,"[""role/object/company deny"", ""revoked/expired"", ""isolation"", ""read purity"", ""exact confirmation/version"", ""retry/crash/no duplicates"", ""verified receipt""]",DISABLED; CANONICAL_SCOPE_UNPROVEN; route presence is not adapter or UI parity proof
65bd21139f4c,src/devnous/gastos/routes/user_routes.py,1754,authorization_strategy_warnings_page,GET,"[""/admin/estrategias-autorizacion/warnings""]",/admin/estrategias-autorizacion/warnings,"[""GET""]","[{""prefix"": """", ""evidence"": ""copa_telmex_dashboard.py:2240"", ""status"": ""include_router_static; conditional/runtime execution unverified""}]",[],[],"[{""key"": ""admin.root"", ""roles"": [""admin"", ""superadmin"", ""super_admin""], ""actions"": [""ver""], ""evidence"": ""src/devnous/gastos/services/access_control_service.py:125""}, {""key"": ""configuracion.estrategias_autorizacion"", ""roles"": [""admin"", ""superadmin"", ""super_admin""], ""actions"": [""ver"", ""editar"", ""administrar""], ""evidence"": ""src/devnous/gastos/services/access_control_service.py:345""}, {""key"": ""configuracion.authorization_warnings"", ""roles"": [""finanzas"", ""admin"", ""superadmin"", ""super_admin""], ""actions"": [""ver""], ""evidence"": ""src/devnous/gastos/services/access_control_service.py:354""}]","UNPROVEN: guards/dependencies are evidence, not a complete effective-role matrix",documents_and_other,live_entrypoint_static,"[""(current_empleado.rol or '').strip()"", ""(current_empleado.rol or '').strip().lower()""]",ROUTE OWNER ONLY; service authority unproven: src/devnous/gastos/routes/user_routes.py:authorization_strategy_warnings_page,[],documents_and_other_authorization_strategy_warnings_page_65bd21,documents_and_other:read; never grants business authority,"[""current_empleado""]",current employee + effective faculty + object + organization/legal entity + portfolio/tournament; UNPROVEN,read_candidate; side effects NOT verified,none only after read-purity proof,scoped source IDs/version and redacted durable receipt; writes need canonical transactional dedup + postcondition,"[""role/object/company deny"", ""revoked/expired"", ""isolation"", ""read purity""]",DISABLED; CANONICAL_SCOPE_UNPROVEN; route presence is not adapter or UI parity proof
9564f9de5126,src/devnous/gastos/routes/user_routes.py,1969,estrategias_autorizacion_page,GET,"[""/admin/estrategias-autorizacion""]",/admin/estrategias-autorizacion,"[""GET""]","[{""prefix"": """", ""evidence"": ""copa_telmex_dashboard.py:2240"", ""status"": ""include_router_static; conditional/runtime execution unverified""}]","[""src/devnous/gastos/routes/user_routes.py:1574:_require_authorization_strategy_admin""]",[],"[{""key"": ""admin.root"", ""roles"": [""admin"", ""superadmin"", ""super_admin""], ""actions"": [""ver""], ""evidence"": ""src/devnous/gastos/services/access_control_service.py:125""}, {""key"": ""configuracion.estrategias_autorizacion"", ""roles"": [""admin"", ""superadmin"", ""super_admin""], ""actions"": [""ver"", ""editar"", ""administrar""], ""evidence"": ""src/devnous/gastos/services/access_control_service.py:345""}]","UNPROVEN: guards/dependencies are evidence, not a complete effective-role matrix",documents_and_other,live_entrypoint_static,"[""_require_authorization_strategy_admin(current_empleado)""]",ROUTE OWNER ONLY; service authority unproven: src/devnous/gastos/routes/user_routes.py:estrategias_autorizacion_page,[],documents_and_other_estrategias_autorizacion_page_get_9564f9,documents_and_other:read; never grants business authority,"[""current_empleado""]",current employee + effective faculty + object + organization/legal entity + portfolio/tournament; UNPROVEN,read_candidate; side effects NOT verified,none only after read-purity proof,scoped source IDs/version and redacted durable receipt; writes need canonical transactional dedup + postcondition,"[""role/object/company deny"", ""revoked/expired"", ""isolation"", ""read purity""]",DISABLED; CANONICAL_SCOPE_UNPROVEN; route presence is not adapter or UI parity proof
dc5513d55b0a,src/devnous/gastos/routes/user_routes.py,2131,estrategias_autorizacion_copy_profile,POST,"[""/admin/estrategias-autorizacion/perfiles/{profile_id}/copiar""]",/admin/estrategias-autorizacion/perfiles/{profile_id}/copiar,"[""POST""]","[{""prefix"": """", ""evidence"": ""copa_telmex_dashboard.py:2240"", ""status"": ""include_router_static; conditional/runtime execution unverified""}]","[""src/devnous/gastos/routes/user_routes.py:1574:_require_authorization_strategy_admin""]",[],"[{""key"": ""admin.root"", ""roles"": [""admin"", ""superadmin"", ""super_admin""], ""actions"": [""ver""], ""evidence"": ""src/devnous/gastos/services/access_control_service.py:125""}, {""key"": ""configuracion.estrategias_autorizacion"", ""roles"": [""admin"", ""superadmin"", ""super_admin""], ""actions"": [""ver"", ""editar"", ""administrar""], ""evidence"": ""src/devnous/gastos/services/access_control_service.py:345""}]","UNPROVEN: guards/dependencies are evidence, not a complete effective-role matrix",identity,live_entrypoint_static,"[""_require_authorization_strategy_admin(current_empleado)""]",ROUTE OWNER ONLY; service authority unproven: src/devnous/gastos/routes/user_routes.py:estrategias_autorizacion_copy_profile,[],identity_estrategias_autorizacion_copy_profile_post_dc5513,identity:write; never grants business authority,"[""profile_id"", ""current_empleado"", ""new_name""]",current employee + effective faculty + object + organization/legal entity + portfolio/tournament; UNPROVEN,write_or_effect_candidate,trusted human approval of exact draft/version/amount/currency/destination/digest; recheck at commit,scoped source IDs/version and redacted durable receipt; writes need canonical transactional dedup + postcondition,"[""role/object/company deny"", ""revoked/expired"", ""isolation"", ""read purity"", ""exact confirmation/version"", ""retry/crash/no duplicates"", ""verified receipt""]",DISABLED; CANONICAL_SCOPE_UNPROVEN; route presence is not adapter or UI parity proof
9072981f0f51,src/devnous/gastos/routes/user_routes.py,2158,estrategias_autorizacion_save_rules,POST,"[""/admin/estrategias-autorizacion/perfiles/{profile_id}/reglas""]",/admin/estrategias-autorizacion/perfiles/{profile_id}/reglas,"[""POST""]","[{""prefix"": """", ""evidence"": ""copa_telmex_dashboard.py:2240"", ""status"": ""include_router_static; conditional/runtime execution unverified""}]","[""src/devnous/gastos/routes/user_routes.py:1574:_require_authorization_strategy_admin""]",[],"[{""key"": ""admin.root"", ""roles"": [""admin"", ""superadmin"", ""super_admin""], ""actions"": [""ver""], ""evidence"": ""src/devnous/gastos/services/access_control_service.py:125""}, {""key"": ""configuracion.estrategias_autorizacion"", ""roles"": [""admin"", ""superadmin"", ""super_admin""], ""actions"": [""ver"", ""editar"", ""administrar""], ""evidence"": ""src/devnous/gastos/services/access_control_service.py:345""}]","UNPROVEN: guards/dependencies are evidence, not a complete effective-role matrix",identity,live_entrypoint_static,"[""_require_authorization_strategy_admin(current_empleado)""]",ROUTE OWNER ONLY; service authority unproven: src/devnous/gastos/routes/user_routes.py:estrategias_autorizacion_save_rules,[],identity_estrategias_autorizacion_save_rules_post_907298,identity:write; never grants business authority,"[""profile_id"", ""current_empleado"", ""enabled_rule_keys"", ""first_rule_keys"", ""second_rule_keys""]",current employee + effective faculty + object + organization/legal entity + portfolio/tournament; UNPROVEN,write_or_effect_candidate,trusted human approval of exact draft/version/amount/currency/destination/digest; recheck at commit,scoped source IDs/version and redacted durable receipt; writes need canonical transactional dedup + postcondition,"[""role/object/company deny"", ""revoked/expired"", ""isolation"", ""read purity"", ""exact confirmation/version"", ""retry/crash/no duplicates"", ""verified receipt""]",DISABLED; CANONICAL_SCOPE_UNPROVEN; route presence is not adapter or UI parity proof
e9fcfc6f786a,src/devnous/gastos/routes/user_routes.py,2188,puestos_autorizacion_page,GET,"[""/admin/puestos-autorizacion""]",/admin/puestos-autorizacion,"[""GET""]","[{""prefix"": """", ""evidence"": ""copa_telmex_dashboard.py:2240"", ""status"": ""include_router_static; conditional/runtime execution unverified""}]","[""src/devnous/gastos/routes/user_routes.py:1574:_require_authorization_strategy_admin""]",[],"[{""key"": ""admin.root"", ""roles"": [""admin"", ""superadmin"", ""super_admin""], ""actions"": [""ver""], ""evidence"": ""src/devnous/gastos/services/access_control_service.py:125""}]","UNPROVEN: guards/dependencies are evidence, not a complete effective-role matrix",documents_and_other,live_entrypoint_static,"[""_require_authorization_strategy_admin(current_empleado)""]",ROUTE OWNER ONLY; service authority unproven: src/devnous/gastos/routes/user_routes.py:puestos_autorizacion_page,[],documents_and_other_puestos_autorizacion_page_get_e9fcfc,documents_and_other:read; never grants business authority,"[""current_empleado""]",current employee + effective faculty + object + organization/legal entity + portfolio/tournament; UNPROVEN,read_candidate; side effects NOT verified,none only after read-purity proof,scoped source IDs/version and redacted durable receipt; writes need canonical transactional dedup + postcondition,"[""role/object/company deny"", ""revoked/expired"", ""isolation"", ""read purity""]",DISABLED; CANONICAL_SCOPE_UNPROVEN; route presence is not adapter or UI parity proof
f9708865f98c,src/devnous/gastos/routes/user_routes.py,2201,guardar_puestos_autorizacion,POST,"[""/admin/puestos-autorizacion/{position_key}""]",/admin/puestos-autorizacion/{position_key},"[""POST""]","[{""prefix"": """", ""evidence"": ""copa_telmex_dashboard.py:2240"", ""status"": ""include_router_static; conditional/runtime execution unverified""}]","[""src/devnous/gastos/routes/user_routes.py:1574:_require_authorization_strategy_admin""]",[],"[{""key"": ""admin.root"", ""roles"": [""admin"", ""superadmin"", ""super_admin""], ""actions"": [""ver""], ""evidence"": ""src/devnous/gastos/services/access_control_service.py:125""}]","UNPROVEN: guards/dependencies are evidence, not a complete effective-role matrix",documents_and_other,live_entrypoint_static,"[""_require_authorization_strategy_admin(current_empleado)""]",ROUTE OWNER ONLY; service authority unproven: src/devnous/gastos/routes/user_routes.py:guardar_puestos_autorizacion,[],documents_and_other_guardar_puestos_autorizacion_post_f97088,documents_and_other:write; never grants business authority,"[""position_key"", ""current_empleado"", ""employee_ids""]",current employee + effective faculty + object + organization/legal entity + portfolio/tournament; UNPROVEN,write_or_effect_candidate,trusted human approval of exact draft/version/amount/currency/destination/digest; recheck at commit,scoped source IDs/version and redacted durable receipt; writes need canonical transactional dedup + postcondition,"[""role/object/company deny"", ""revoked/expired"", ""isolation"", ""read purity"", ""exact confirmation/version"", ""retry/crash/no duplicates"", ""verified receipt""]",DISABLED; CANONICAL_SCOPE_UNPROVEN; route presence is not adapter or UI parity proof
c928523fc850,src/devnous/gastos/routes/user_routes.py,3220,nomina_patrones_view,GET,"[""/admin/nomina/patrones""]",/admin/nomina/patrones,"[""GET""]","[{""prefix"": """", ""evidence"": ""copa_telmex_dashboard.py:2240"", ""status"": ""include_router_static; conditional/runtime execution unverified""}]",[],[],"[{""key"": ""admin.root"", ""roles"": [""admin"", ""superadmin"", ""super_admin""], ""actions"": [""ver""], ""evidence"": ""src/devnous/gastos/services/access_control_service.py:125""}, {""key"": ""admin.nomina"", ""roles"": [""finanzas"", ""admin"", ""superadmin"", ""super_admin""], ""actions"": [""ver"", ""crear"", ""editar"", ""exportar"", ""administrar""], ""evidence"": ""src/devnous/gastos/services/access_control_service.py:310""}]","UNPROVEN: guards/dependencies are evidence, not a complete effective-role matrix",accounting,live_entrypoint_static,"[""require_admin_finanzas()""]",ROUTE OWNER ONLY; service authority unproven: src/devnous/gastos/routes/user_routes.py:nomina_patrones_view,[],accounting_nomina_patrones_view_get_c92852,accounting:read; never grants business authority,"[""current_empleado""]",current employee + effective faculty + object + organization/legal entity + portfolio/tournament; UNPROVEN,read_candidate; side effects NOT verified,none only after read-purity proof,scoped source IDs/version and redacted durable receipt; writes need canonical transactional dedup + postcondition,"[""role/object/company deny"", ""revoked/expired"", ""isolation"", ""read purity""]",DISABLED; CANONICAL_SCOPE_UNPROVEN; route presence is not adapter or UI parity proof
bfea9b393bd6,src/devnous/gastos/routes/user_routes.py,3326,nomina_patrones_create,POST,"[""/admin/nomina/patrones""]",/admin/nomina/patrones,"[""POST""]","[{""prefix"": """", ""evidence"": ""copa_telmex_dashboard.py:2240"", ""status"": ""include_router_static; conditional/runtime execution unverified""}]",[],[],"[{""key"": ""admin.root"", ""roles"": [""admin"", ""superadmin"", ""super_admin""], ""actions"": [""ver""], ""evidence"": ""src/devnous/gastos/services/access_control_service.py:125""}, {""key"": ""admin.nomina"", ""roles"": [""finanzas"", ""admin"", ""superadmin"", ""super_admin""], ""actions"": [""ver"", ""crear"", ""editar"", ""exportar"", ""administrar""], ""evidence"": ""src/devnous/gastos/services/access_control_service.py:310""}]","UNPROVEN: guards/dependencies are evidence, not a complete effective-role matrix",accounting,live_entrypoint_static,"[""require_admin_finanzas()""]",ROUTE OWNER ONLY; service authority unproven: src/devnous/gastos/routes/user_routes.py:nomina_patrones_create,"[""session.commit""]",accounting_nomina_patrones_create_post_bfea9b,accounting:write; never grants business authority,"[""employer_key"", ""legal_name"", ""rfc"", ""payroll_mode"", ""active"", ""current_empleado""]",current employee + effective faculty + object + organization/legal entity + portfolio/tournament; UNPROVEN,write_or_effect_candidate,trusted human approval of exact draft/version/amount/currency/destination/digest; recheck at commit,scoped source IDs/version and redacted durable receipt; writes need canonical transactional dedup + postcondition,"[""role/object/company deny"", ""revoked/expired"", ""isolation"", ""read purity"", ""exact confirmation/version"", ""retry/crash/no duplicates"", ""verified receipt""]",DISABLED; CANONICAL_SCOPE_UNPROVEN; route presence is not adapter or UI parity proof
cf0a9e9d1c82,src/devnous/gastos/routes/user_routes.py,3351,nomina_patrones_registros_create,POST,"[""/admin/nomina/patrones/registros""]",/admin/nomina/patrones/registros,"[""POST""]","[{""prefix"": """", ""evidence"": ""copa_telmex_dashboard.py:2240"", ""status"": ""include_router_static; conditional/runtime execution unverified""}]",[],[],"[{""key"": ""admin.root"", ""roles"": [""admin"", ""superadmin"", ""super_admin""], ""actions"": [""ver""], ""evidence"": ""src/devnous/gastos/services/access_control_service.py:125""}, {""key"": ""admin.nomina"", ""roles"": [""finanzas"", ""admin"", ""superadmin"", ""super_admin""], ""actions"": [""ver"", ""crear"", ""editar"", ""exportar"", ""administrar""], ""evidence"": ""src/devnous/gastos/services/access_control_service.py:310""}]","UNPROVEN: guards/dependencies are evidence, not a complete effective-role matrix",accounting,live_entrypoint_static,"[""require_admin_finanzas()""]",ROUTE OWNER ONLY; service authority unproven: src/devnous/gastos/routes/user_routes.py:nomina_patrones_registros_create,"[""session.commit""]",accounting_nomina_patrones_registros_create_post_cf0a9e,accounting:write; never grants business authority,"[""payroll_employer_id"", ""registration_code"", ""branch_name"", ""risk_class"", ""risk_premium"", ""effective_from"", ""effective_to"", ""notes"", ""active"", ""current_empleado""]",current employee + effective faculty + object + organization/legal entity + portfolio/tournament; UNPROVEN,write_or_effect_candidate,trusted human approval of exact draft/version/amount/currency/destination/digest; recheck at commit,scoped source IDs/version and redacted durable receipt; writes need canonical transactional dedup + postcondition,"[""role/object/company deny"", ""revoked/expired"", ""isolation"", ""read purity"", ""exact confirmation/version"", ""retry/crash/no duplicates"", ""verified receipt""]",DISABLED; CANONICAL_SCOPE_UNPROVEN; route presence is not adapter or UI parity proof
b175492d9102,src/devnous/gastos/routes/user_routes.py,3388,nomina_cuentas_view,GET,"[""/admin/nomina/cuentas""]",/admin/nomina/cuentas,"[""GET""]","[{""prefix"": """", ""evidence"": ""copa_telmex_dashboard.py:2240"", ""status"": ""include_router_static; conditional/runtime execution unverified""}]",[],[],"[{""key"": ""admin.root"", ""roles"": [""admin"", ""superadmin"", ""super_admin""], ""actions"": [""ver""], ""evidence"": ""src/devnous/gastos/services/access_control_service.py:125""}, {""key"": ""admin.nomina"", ""roles"": [""finanzas"", ""admin"", ""superadmin"", ""super_admin""], ""actions"": [""ver"", ""crear"", ""editar"", ""exportar"", ""administrar""], ""evidence"": ""src/devnous/gastos/services/access_control_service.py:310""}]","UNPROVEN: guards/dependencies are evidence, not a complete effective-role matrix",accounting,live_entrypoint_static,"[""require_admin_finanzas()""]",ROUTE OWNER ONLY; service authority unproven: src/devnous/gastos/routes/user_routes.py:nomina_cuentas_view,[],accounting_nomina_cuentas_view_get_b17549,accounting:read; never grants business authority,"[""current_empleado""]",current employee + effective faculty + object + organization/legal entity + portfolio/tournament; UNPROVEN,read_candidate; side effects NOT verified,none only after read-purity proof,scoped source IDs/version and redacted durable receipt; writes need canonical transactional dedup + postcondition,"[""role/object/company deny"", ""revoked/expired"", ""isolation"", ""read purity""]",DISABLED; CANONICAL_SCOPE_UNPROVEN; route presence is not adapter or UI parity proof
3a2f24bf6410,src/devnous/gastos/routes/user_routes.py,3538,nomina_cuentas_create,POST,"[""/admin/nomina/cuentas""]",/admin/nomina/cuentas,"[""POST""]","[{""prefix"": """", ""evidence"": ""copa_telmex_dashboard.py:2240"", ""status"": ""include_router_static; conditional/runtime execution unverified""}]",[],[],"[{""key"": ""admin.root"", ""roles"": [""admin"", ""superadmin"", ""super_admin""], ""actions"": [""ver""], ""evidence"": ""src/devnous/gastos/services/access_control_service.py:125""}, {""key"": ""admin.nomina"", ""roles"": [""finanzas"", ""admin"", ""superadmin"", ""super_admin""], ""actions"": [""ver"", ""crear"", ""editar"", ""exportar"", ""administrar""], ""evidence"": ""src/devnous/gastos/services/access_control_service.py:310""}]","UNPROVEN: guards/dependencies are evidence, not a complete effective-role matrix",accounting,live_entrypoint_static,"[""require_admin_finanzas()""]",ROUTE OWNER ONLY; service authority unproven: src/devnous/gastos/routes/user_routes.py:nomina_cuentas_create,"[""session.commit""]",accounting_nomina_cuentas_create_post_3a2f24,accounting:write; never grants business authority,"[""payroll_employer_id"", ""purpose_key"", ""cuenta_contable_id"", ""notes"", ""active"", ""current_empleado""]",current employee + effective faculty + object + organization/legal entity + portfolio/tournament; UNPROVEN,write_or_effect_candidate,trusted human approval of exact draft/version/amount/currency/destination/digest; recheck at commit,scoped source IDs/version and redacted durable receipt; writes need canonical transactional dedup + postcondition,"[""role/object/company deny"", ""revoked/expired"", ""isolation"", ""read purity"", ""exact confirmation/version"", ""retry/crash/no duplicates"", ""verified receipt""]",DISABLED; CANONICAL_SCOPE_UNPROVEN; route presence is not adapter or UI parity proof
81b064740e1e,src/devnous/gastos/routes/user_routes.py,3570,nomina_cfdi_view,GET,"[""/admin/nomina/cfdi""]",/admin/nomina/cfdi,"[""GET""]","[{""prefix"": """", ""evidence"": ""copa_telmex_dashboard.py:2240"", ""status"": ""include_router_static; conditional/runtime execution unverified""}]",[],[],"[{""key"": ""admin.root"", ""roles"": [""admin"", ""superadmin"", ""super_admin""], ""actions"": [""ver""], ""evidence"": ""src/devnous/gastos/services/access_control_service.py:125""}, {""key"": ""admin.nomina"", ""roles"": [""finanzas"", ""admin"", ""superadmin"", ""super_admin""], ""actions"": [""ver"", ""crear"", ""editar"", ""exportar"", ""administrar""], ""evidence"": ""src/devnous/gastos/services/access_control_service.py:310""}]","UNPROVEN: guards/dependencies are evidence, not a complete effective-role matrix",accounting,live_entrypoint_static,"[""ensure_payroll_sat_seed(session)"", ""require_admin_finanzas()""]",ROUTE OWNER ONLY; service authority unproven: src/devnous/gastos/routes/user_routes.py:nomina_cfdi_view,"[""build_cfdi_mapping_rows""]",accounting_nomina_cfdi_view_get_81b064,accounting:read; never grants business authority,"[""current_empleado""]",current employee + effective faculty + object + organization/legal entity + portfolio/tournament; UNPROVEN,read_candidate; side effects NOT verified,none only after read-purity proof,scoped source IDs/version and redacted durable receipt; writes need canonical transactional dedup + postcondition,"[""role/object/company deny"", ""revoked/expired"", ""isolation"", ""read purity""]",DISABLED; CANONICAL_SCOPE_UNPROVEN; route presence is not adapter or UI parity proof
c877e1d94702,src/devnous/gastos/routes/user_routes.py,3694,nomina_cfdi_mapping_save,POST,"[""/admin/nomina/cfdi/mapping/save""]",/admin/nomina/cfdi/mapping/save,"[""POST""]","[{""prefix"": """", ""evidence"": ""copa_telmex_dashboard.py:2240"", ""status"": ""include_router_static; conditional/runtime execution unverified""}]",[],[],"[{""key"": ""admin.root"", ""roles"": [""admin"", ""superadmin"", ""super_admin""], ""actions"": [""ver""], ""evidence"": ""src/devnous/gastos/services/access_control_service.py:125""}, {""key"": ""admin.nomina"", ""roles"": [""finanzas"", ""admin"", ""superadmin"", ""super_admin""], ""actions"": [""ver"", ""crear"", ""editar"", ""exportar"", ""administrar""], ""evidence"": ""src/devnous/gastos/services/access_control_service.py:310""}]","UNPROVEN: guards/dependencies are evidence, not a complete effective-role matrix",accounting,live_entrypoint_static,"[""ensure_payroll_sat_seed(session)"", ""require_admin_finanzas()""]",ROUTE OWNER ONLY; service authority unproven: src/devnous/gastos/routes/user_routes.py:nomina_cfdi_mapping_save,"[""session.commit""]",accounting_nomina_cfdi_mapping_save_post_c877e1,accounting:write; never grants business authority,"[""sat_group"", ""concept_key"", ""sat_code"", ""notes"", ""current_empleado""]",current employee + effective faculty + object + organization/legal entity + portfolio/tournament; UNPROVEN,write_or_effect_candidate,trusted human approval of exact draft/version/amount/currency/destination/digest; recheck at commit,scoped source IDs/version and redacted durable receipt; writes need canonical transactional dedup + postcondition,"[""role/object/company deny"", ""revoked/expired"", ""isolation"", ""read purity"", ""exact confirmation/version"", ""retry/crash/no duplicates"", ""verified receipt""]",DISABLED; CANONICAL_SCOPE_UNPROVEN; route presence is not adapter or UI parity proof
2bf4e16d56c5,src/devnous/gastos/routes/user_routes.py,3746,nomina_empleados_view,GET,"[""/admin/nomina/empleados""]",/admin/nomina/empleados,"[""GET""]","[{""prefix"": """", ""evidence"": ""copa_telmex_dashboard.py:2240"", ""status"": ""include_router_static; conditional/runtime execution unverified""}]",[],[],"[{""key"": ""admin.root"", ""roles"": [""admin"", ""superadmin"", ""super_admin""], ""actions"": [""ver""], ""evidence"": ""src/devnous/gastos/services/access_control_service.py:125""}, {""key"": ""admin.nomina"", ""roles"": [""finanzas"", ""admin"", ""superadmin"", ""super_admin""], ""actions"": [""ver"", ""crear"", ""editar"", ""exportar"", ""administrar""], ""evidence"": ""src/devnous/gastos/services/access_control_service.py:310""}]","UNPROVEN: guards/dependencies are evidence, not a complete effective-role matrix",accounting,live_entrypoint_static,"[""require_admin_finanzas()""]",ROUTE OWNER ONLY; service authority unproven: src/devnous/gastos/routes/user_routes.py:nomina_empleados_view,[],accounting_nomina_empleados_view_get_2bf4e1,accounting:read; never grants business authority,"[""current_empleado""]",current employee + effective faculty + object + organization/legal entity + portfolio/tournament; UNPROVEN,read_candidate; side effects NOT verified,none only after read-purity proof,scoped source IDs/version and redacted durable receipt; writes need canonical transactional dedup + postcondition,"[""role/object/company deny"", ""revoked/expired"", ""isolation"", ""read purity""]",DISABLED; CANONICAL_SCOPE_UNPROVEN; route presence is not adapter or UI parity proof
0a636282666a,src/devnous/gastos/routes/user_routes.py,4067,contabilidad_ingresos_view,GET,"[""/admin/contabilidad/ingresos""]",/admin/contabilidad/ingresos,"[""GET""]","[{""prefix"": """", ""evidence"": ""copa_telmex_dashboard.py:2240"", ""status"": ""include_router_static; conditional/runtime execution unverified""}]",[],[],"[{""key"": ""admin.root"", ""roles"": [""admin"", ""superadmin"", ""super_admin""], ""actions"": [""ver""], ""evidence"": ""src/devnous/gastos/services/access_control_service.py:125""}, {""key"": ""admin.contabilidad"", ""roles"": [""finanzas"", ""admin"", ""superadmin"", ""super_admin""], ""actions"": [""ver"", ""crear"", ""editar"", ""exportar"", ""administrar""], ""evidence"": ""src/devnous/gastos/services/access_control_service.py:301""}]","UNPROVEN: guards/dependencies are evidence, not a complete effective-role matrix",accounting,live_entrypoint_static,"[""require_admin_finanzas()""]",ROUTE OWNER ONLY; service authority unproven: src/devnous/gastos/routes/user_routes.py:contabilidad_ingresos_view,[],accounting_contabilidad_ingresos_view_get_0a6362,accounting:read; never grants business authority,"[""current_empleado"", ""year"", ""month""]",current employee + effective faculty + object + organization/legal entity + portfolio/tournament; UNPROVEN,read_candidate; side effects NOT verified,none only after read-purity proof,scoped source IDs/version and redacted durable receipt; writes need canonical transactional dedup + postcondition,"[""role/object/company deny"", ""revoked/expired"", ""isolation"", ""read purity""]",DISABLED; CANONICAL_SCOPE_UNPROVEN; route presence is not adapter or UI parity proof
ffa03035e4a4,src/devnous/gastos/routes/user_routes.py,4214,contabilidad_ingresos_save,POST,"[""/admin/contabilidad/ingresos""]",/admin/contabilidad/ingresos,"[""POST""]","[{""prefix"": """", ""evidence"": ""copa_telmex_dashboard.py:2240"", ""status"": ""include_router_static; conditional/runtime execution unverified""}]",[],[],"[{""key"": ""admin.root"", ""roles"": [""admin"", ""superadmin"", ""super_admin""], ""actions"": [""ver""], ""evidence"": ""src/devnous/gastos/services/access_control_service.py:125""}, {""key"": ""admin.contabilidad"", ""roles"": [""finanzas"", ""admin"", ""superadmin"", ""super_admin""], ""actions"": [""ver"", ""crear"", ""editar"", ""exportar"", ""administrar""], ""evidence"": ""src/devnous/gastos/services/access_control_service.py:301""}]","UNPROVEN: guards/dependencies are evidence, not a complete effective-role matrix",accounting,live_entrypoint_static,"[""_ensure_accounting_period_open(session, fiscal_year=fiscal_year, fiscal_month=fiscal_month, redirect_to=redirect_base)"", ""require_admin_finanzas()""]",ROUTE OWNER ONLY; service authority unproven: src/devnous/gastos/routes/user_routes.py:contabilidad_ingresos_save,"[""_build_cxc_collection_line_payload"", ""_build_ingreso_cobrado_line_payload"", ""session.commit""]",accounting_contabilidad_ingresos_save_post_ffa030,accounting:write; never grants business authority,"[""current_empleado""]",current employee + effective faculty + object + organization/legal entity + portfolio/tournament; UNPROVEN,write_or_effect_candidate,trusted human approval of exact draft/version/amount/currency/destination/digest; recheck at commit,scoped source IDs/version and redacted durable receipt; writes need canonical transactional dedup + postcondition,"[""role/object/company deny"", ""revoked/expired"", ""isolation"", ""read purity"", ""exact confirmation/version"", ""retry/crash/no duplicates"", ""verified receipt""]",DISABLED; CANONICAL_SCOPE_UNPROVEN; route presence is not adapter or UI parity proof
cd951f40401d,src/devnous/gastos/routes/user_routes.py,5226,exportar_coi_gastos_lote_xlsx_legacy,GET,"[""/admin/contabilidad/coi/exportar-gastos-lote.xlsx""]",/admin/contabilidad/coi/exportar-gastos-lote.xlsx,"[""GET""]","[{""prefix"": """", ""evidence"": ""copa_telmex_dashboard.py:2240"", ""status"": ""include_router_static; conditional/runtime execution unverified""}]",[],[],"[{""key"": ""admin.root"", ""roles"": [""admin"", ""superadmin"", ""super_admin""], ""actions"": [""ver""], ""evidence"": ""src/devnous/gastos/services/access_control_service.py:125""}, {""key"": ""admin.contabilidad"", ""roles"": [""finanzas"", ""admin"", ""superadmin"", ""super_admin""], ""actions"": [""ver"", ""crear"", ""editar"", ""exportar"", ""administrar""], ""evidence"": ""src/devnous/gastos/services/access_control_service.py:301""}]","UNPROVEN: guards/dependencies are evidence, not a complete effective-role matrix",accounting,live_entrypoint_static,"[""NO_LOCAL_GUARD_FOUND; inherited/middleware review required""]",ROUTE OWNER ONLY; service authority unproven: src/devnous/gastos/routes/user_routes.py:exportar_coi_gastos_lote_xlsx_legacy,[],accounting_exportar_coi_gastos_lote_xlsx_legacy_get_cd951f,accounting:read; never grants business authority,"[""year"", ""month""]",current employee + effective faculty + object + organization/legal entity + portfolio/tournament; UNPROVEN,read_candidate; side effects NOT verified,none only after read-purity proof,scoped source IDs/version and redacted durable receipt; writes need canonical transactional dedup + postcondition,"[""role/object/company deny"", ""revoked/expired"", ""isolation"", ""read purity""]",DISABLED; CANONICAL_SCOPE_UNPROVEN; route presence is not adapter or UI parity proof
9613d5b48917,src/devnous/gastos/routes/user_routes.py,5245,exportar_coi_gastos_lote_xlsx,POST,"[""/admin/contabilidad/coi/exportar-gastos-lote.xlsx""]",/admin/contabilidad/coi/exportar-gastos-lote.xlsx,"[""POST""]","[{""prefix"": """", ""evidence"": ""copa_telmex_dashboard.py:2240"", ""status"": ""include_router_static; conditional/runtime execution unverified""}]",[],[],"[{""key"": ""admin.root"", ""roles"": [""admin"", ""superadmin"", ""super_admin""], ""actions"": [""ver""], ""evidence"": ""src/devnous/gastos/services/access_control_service.py:125""}, {""key"": ""admin.contabilidad"", ""roles"": [""finanzas"", ""admin"", ""superadmin"", ""super_admin""], ""actions"": [""ver"", ""crear"", ""editar"", ""exportar"", ""administrar""], ""evidence"": ""src/devnous/gastos/services/access_control_service.py:301""}]","UNPROVEN: guards/dependencies are evidence, not a complete effective-role matrix",accounting,live_entrypoint_static,"[""require_admin_finanzas()""]",ROUTE OWNER ONLY; service authority unproven: src/devnous/gastos/routes/user_routes.py:exportar_coi_gastos_lote_xlsx,"[""_build_coi_exportable_lote_rows"", ""session.commit""]",accounting_exportar_coi_gastos_lote_xlsx_post_9613d5,accounting:write; never grants business authority,"[""current_empleado"", ""year"", ""month"", ""tipo"", ""q"", ""document_type"", ""preparation"", ""selected_documento_id"", ""confirmed_selection_count"", ""selected_gasto_id""]",current employee + effective faculty + object + organization/legal entity + portfolio/tournament; UNPROVEN,write_or_effect_candidate,trusted human approval of exact draft/version/amount/currency/destination/digest; recheck at commit,scoped source IDs/version and redacted durable receipt; writes need canonical transactional dedup + postcondition,"[""role/object/company deny"", ""revoked/expired"", ""isolation"", ""read purity"", ""exact confirmation/version"", ""retry/crash/no duplicates"", ""verified receipt""]",DISABLED; CANONICAL_SCOPE_UNPROVEN; route presence is not adapter or UI parity proof
804ae7f0a3e3,src/devnous/gastos/routes/user_routes.py,5405,exportar_coi_gastos_lote_zip,GET,"[""/admin/contabilidad/coi/exportar-gastos-lote.zip""]",/admin/contabilidad/coi/exportar-gastos-lote.zip,"[""GET""]","[{""prefix"": """", ""evidence"": ""copa_telmex_dashboard.py:2240"", ""status"": ""include_router_static; conditional/runtime execution unverified""}]",[],[],"[{""key"": ""admin.root"", ""roles"": [""admin"", ""superadmin"", ""super_admin""], ""actions"": [""ver""], ""evidence"": ""src/devnous/gastos/services/access_control_service.py:125""}, {""key"": ""admin.contabilidad"", ""roles"": [""finanzas"", ""admin"", ""superadmin"", ""super_admin""], ""actions"": [""ver"", ""crear"", ""editar"", ""exportar"", ""administrar""], ""evidence"": ""src/devnous/gastos/services/access_control_service.py:301""}]","UNPROVEN: guards/dependencies are evidence, not a complete effective-role matrix",accounting,live_entrypoint_static,"[""NO_LOCAL_GUARD_FOUND; inherited/middleware review required""]",ROUTE OWNER ONLY; service authority unproven: src/devnous/gastos/routes/user_routes.py:exportar_coi_gastos_lote_zip,[],accounting_exportar_coi_gastos_lote_zip_get_804ae7,accounting:read; never grants business authority,"[""year"", ""month""]",current employee + effective faculty + object + organization/legal entity + portfolio/tournament; UNPROVEN,read_candidate; side effects NOT verified,none only after read-purity proof,scoped source IDs/version and redacted durable receipt; writes need canonical transactional dedup + postcondition,"[""role/object/company deny"", ""revoked/expired"", ""isolation"", ""read purity""]",DISABLED; CANONICAL_SCOPE_UNPROVEN; route presence is not adapter or UI parity proof
8336128893ee,src/devnous/gastos/routes/user_routes.py,5423,contabilidad_coi_view,GET,"[""/admin/contabilidad/coi""]",/admin/contabilidad/coi,"[""GET""]","[{""prefix"": """", ""evidence"": ""copa_telmex_dashboard.py:2240"", ""status"": ""include_router_static; conditional/runtime execution unverified""}]",[],[],"[{""key"": ""admin.root"", ""roles"": [""admin"", ""superadmin"", ""super_admin""], ""actions"": [""ver""], ""evidence"": ""src/devnous/gastos/services/access_control_service.py:125""}, {""key"": ""admin.contabilidad"", ""roles"": [""finanzas"", ""admin"", ""superadmin"", ""super_admin""], ""actions"": [""ver"", ""crear"", ""editar"", ""exportar"", ""administrar""], ""evidence"": ""src/devnous/gastos/services/access_control_service.py:301""}]","UNPROVEN: guards/dependencies are evidence, not a complete effective-role matrix",accounting,live_entrypoint_static,"[""require_admin_finanzas()""]",ROUTE OWNER ONLY; service authority unproven: src/devnous/gastos/routes/user_routes.py:contabilidad_coi_view,"[""_build_coi_exportable_lote_rows""]",accounting_contabilidad_coi_view_get_833612,accounting:read; never grants business authority,"[""current_empleado"", ""year"", ""month"", ""tipo"", ""q"", ""document_type"", ""preparation""]",current employee + effective faculty + object + organization/legal entity + portfolio/tournament; UNPROVEN,read_candidate; side effects NOT verified,none only after read-purity proof,scoped source IDs/version and redacted durable receipt; writes need canonical transactional dedup + postcondition,"[""role/object/company deny"", ""revoked/expired"", ""isolation"", ""read purity""]",DISABLED; CANONICAL_SCOPE_UNPROVEN; route presence is not adapter or UI parity proof
7498f3c46e38,src/devnous/gastos/routes/user_routes.py,5832,actualizar_estado_coi_gasto,POST,"[""/admin/contabilidad/coi/gastos/{expense_id}/estado""]",/admin/contabilidad/coi/gastos/{expense_id}/estado,"[""POST""]","[{""prefix"": """", ""evidence"": ""copa_telmex_dashboard.py:2240"", ""status"": ""include_router_static; conditional/runtime execution unverified""}]",[],[],"[{""key"": ""admin.root"", ""roles"": [""admin"", ""superadmin"", ""super_admin""], ""actions"": [""ver""], ""evidence"": ""src/devnous/gastos/services/access_control_service.py:125""}, {""key"": ""admin.contabilidad"", ""roles"": [""finanzas"", ""admin"", ""superadmin"", ""super_admin""], ""actions"": [""ver"", ""crear"", ""editar"", ""exportar"", ""administrar""], ""evidence"": ""src/devnous/gastos/services/access_control_service.py:301""}]","UNPROVEN: guards/dependencies are evidence, not a complete effective-role matrix",accounting,live_entrypoint_static,"[""require_admin_finanzas()""]",ROUTE OWNER ONLY; service authority unproven: src/devnous/gastos/routes/user_routes.py:actualizar_estado_coi_gasto,"[""session.commit""]",accounting_actualizar_estado_coi_gasto_post_7498f3,accounting:write; never grants business authority,"[""expense_id"", ""current_empleado"", ""coi_estado"", ""next""]",current employee + effective faculty + object + organization/legal entity + portfolio/tournament; UNPROVEN,write_or_effect_candidate,trusted human approval of exact draft/version/amount/currency/destination/digest; recheck at commit,scoped source IDs/version and redacted durable receipt; writes need canonical transactional dedup + postcondition,"[""role/object/company deny"", ""revoked/expired"", ""isolation"", ""read purity"", ""exact confirmation/version"", ""retry/crash/no duplicates"", ""verified receipt""]",DISABLED; CANONICAL_SCOPE_UNPROVEN; route presence is not adapter or UI parity proof
568dc483684a,src/devnous/gastos/routes/user_routes.py,5871,contabilidad_manual_view,GET,"[""/admin/contabilidad/manual""]",/admin/contabilidad/manual,"[""GET""]","[{""prefix"": """", ""evidence"": ""copa_telmex_dashboard.py:2240"", ""status"": ""include_router_static; conditional/runtime execution unverified""}]","[""src/devnous/gastos/routes/user_routes.py:2840:_can_manage_accounting_structure""]",[],"[{""key"": ""admin.root"", ""roles"": [""admin"", ""superadmin"", ""super_admin""], ""actions"": [""ver""], ""evidence"": ""src/devnous/gastos/services/access_control_service.py:125""}, {""key"": ""admin.contabilidad"", ""roles"": [""finanzas"", ""admin"", ""superadmin"", ""super_admin""], ""actions"": [""ver"", ""crear"", ""editar"", ""exportar"", ""administrar""], ""evidence"": ""src/devnous/gastos/services/access_control_service.py:301""}]","UNPROVEN: guards/dependencies are evidence, not a complete effective-role matrix",accounting,live_entrypoint_static,"[""require_admin_finanzas()""]",ROUTE OWNER ONLY; service authority unproven: src/devnous/gastos/routes/user_routes.py:contabilidad_manual_view,[],accounting_contabilidad_manual_view_get_568dc4,accounting:read; never grants business authority,"[""current_empleado"", ""year"", ""month"", ""poliza_id""]",current employee + effective faculty + object + organization/legal entity + portfolio/tournament; UNPROVEN,read_candidate; side effects NOT verified,none only after read-purity proof,scoped source IDs/version and redacted durable receipt; writes need canonical transactional dedup + postcondition,"[""role/object/company deny"", ""revoked/expired"", ""isolation"", ""read purity""]",DISABLED; CANONICAL_SCOPE_UNPROVEN; route presence is not adapter or UI parity proof
9352ccfd2416,src/devnous/gastos/routes/user_routes.py,6188,contabilidad_manual_save,POST,"[""/admin/contabilidad/manual""]",/admin/contabilidad/manual,"[""POST""]","[{""prefix"": """", ""evidence"": ""copa_telmex_dashboard.py:2240"", ""status"": ""include_router_static; conditional/runtime execution unverified""}]",[],[],"[{""key"": ""admin.root"", ""roles"": [""admin"", ""superadmin"", ""super_admin""], ""actions"": [""ver""], ""evidence"": ""src/devnous/gastos/services/access_control_service.py:125""}, {""key"": ""admin.contabilidad"", ""roles"": [""finanzas"", ""admin"", ""superadmin"", ""super_admin""], ""actions"": [""ver"", ""crear"", ""editar"", ""exportar"", ""administrar""], ""evidence"": ""src/devnous/gastos/services/access_control_service.py:301""}]","UNPROVEN: guards/dependencies are evidence, not a complete effective-role matrix",accounting,live_entrypoint_static,"[""_ensure_accounting_period_open(session, fiscal_year=fiscal_year, fiscal_month=fiscal_month, redirect_to=redirect_base)"", ""_ensure_accounting_period_open(session, fiscal_year=poliza.fecha_poliza.year, fiscal_month=poliza.fecha_poliza.month, redirect_to=redirect_base)"", ""require_admin_finanzas()""]",ROUTE OWNER ONLY; service authority unproven: src/devnous/gastos/routes/user_routes.py:contabilidad_manual_save,"[""session.commit""]",accounting_contabilidad_manual_save_post_9352cc,accounting:write; never grants business authority,"[""current_empleado""]",current employee + effective faculty + object + organization/legal entity + portfolio/tournament; UNPROVEN,write_or_effect_candidate,trusted human approval of exact draft/version/amount/currency/destination/digest; recheck at commit,scoped source IDs/version and redacted durable receipt; writes need canonical transactional dedup + postcondition,"[""role/object/company deny"", ""revoked/expired"", ""isolation"", ""read purity"", ""exact confirmation/version"", ""retry/crash/no duplicates"", ""verified receipt""]",DISABLED; CANONICAL_SCOPE_UNPROVEN; route presence is not adapter or UI parity proof
7b9cd4f1891f,src/devnous/gastos/routes/user_routes.py,6407,contabilidad_manual_delete,POST,"[""/admin/contabilidad/manual/{poliza_id}/delete""]",/admin/contabilidad/manual/{poliza_id}/delete,"[""POST""]","[{""prefix"": """", ""evidence"": ""copa_telmex_dashboard.py:2240"", ""status"": ""include_router_static; conditional/runtime execution unverified""}]","[""src/devnous/gastos/routes/user_routes.py:2840:_can_manage_accounting_structure""]",[],"[{""key"": ""admin.root"", ""roles"": [""admin"", ""superadmin"", ""super_admin""], ""actions"": [""ver""], ""evidence"": ""src/devnous/gastos/services/access_control_service.py:125""}, {""key"": ""admin.contabilidad"", ""roles"": [""finanzas"", ""admin"", ""superadmin"", ""super_admin""], ""actions"": [""ver"", ""crear"", ""editar"", ""exportar"", ""administrar""], ""evidence"": ""src/devnous/gastos/services/access_control_service.py:301""}]","UNPROVEN: guards/dependencies are evidence, not a complete effective-role matrix",accounting,live_entrypoint_static,"[""_ensure_accounting_period_open(session, fiscal_year=poliza.fecha_poliza.year, fiscal_month=poliza.fecha_poliza.month, redirect_to=return_to or f'/admin/contabilidad/manual?year={datetime.utcnow().year}&month={datetime.utcnow().month}')"", ""_ensure_accounting_role_capability(current_empleado, allowed=_can_manage_accounting_structure(current_empleado), redirect_to=return_to or '/admin/contabilidad/manual', message='Tu perfil puede capturar pólizas manuales, pero no eliminar pólizas ni ejecutar cambios estructurales.')"", ""require_admin_finanzas()""]",ROUTE OWNER ONLY; service authority unproven: src/devnous/gastos/routes/user_routes.py:contabilidad_manual_delete,"[""session.commit""]",accounting_contabilidad_manual_delete_post_7b9cd4,accounting:write; never grants business authority,"[""poliza_id"", ""return_to"", ""current_empleado""]",current employee + effective faculty + object + organization/legal entity + portfolio/tournament; UNPROVEN,write_or_effect_candidate,trusted human approval of exact draft/version/amount/currency/destination/digest; recheck at commit,scoped source IDs/version and redacted durable receipt; writes need canonical transactional dedup + postcondition,"[""role/object/company deny"", ""revoked/expired"", ""isolation"", ""read purity"", ""exact confirmation/version"", ""retry/crash/no duplicates"", ""verified receipt""]",DISABLED; CANONICAL_SCOPE_UNPROVEN; route presence is not adapter or UI parity proof
7e5614ec8b88,src/devnous/gastos/routes/user_routes.py,6466,contabilidad_diario_view,GET,"[""/admin/contabilidad/diario""]",/admin/contabilidad/diario,"[""GET""]","[{""prefix"": """", ""evidence"": ""copa_telmex_dashboard.py:2240"", ""status"": ""include_router_static; conditional/runtime execution unverified""}]",[],[],"[{""key"": ""admin.root"", ""roles"": [""admin"", ""superadmin"", ""super_admin""], ""actions"": [""ver""], ""evidence"": ""src/devnous/gastos/services/access_control_service.py:125""}, {""key"": ""admin.contabilidad"", ""roles"": [""finanzas"", ""admin"", ""superadmin"", ""super_admin""], ""actions"": [""ver"", ""crear"", ""editar"", ""exportar"", ""administrar""], ""evidence"": ""src/devnous/gastos/services/access_control_service.py:301""}]","UNPROVEN: guards/dependencies are evidence, not a complete effective-role matrix",accounting,live_entrypoint_static,"[""require_admin_finanzas()""]",ROUTE OWNER ONLY; service authority unproven: src/devnous/gastos/routes/user_routes.py:contabilidad_diario_view,[],accounting_contabilidad_diario_view_get_7e5614,accounting:read; never grants business authority,"[""current_empleado"", ""year"", ""month"", ""tipo"", ""q""]",current employee + effective faculty + object + organization/legal entity + portfolio/tournament; UNPROVEN,read_candidate; side effects NOT verified,none only after read-purity proof,scoped source IDs/version and redacted durable receipt; writes need canonical transactional dedup + postcondition,"[""role/object/company deny"", ""revoked/expired"", ""isolation"", ""read purity""]",DISABLED; CANONICAL_SCOPE_UNPROVEN; route presence is not adapter or UI parity proof
ddab2f97423c,src/devnous/gastos/routes/user_routes.py,6604,contabilidad_diario_export,GET,"[""/admin/contabilidad/diario/export""]",/admin/contabilidad/diario/export,"[""GET""]","[{""prefix"": """", ""evidence"": ""copa_telmex_dashboard.py:2240"", ""status"": ""include_router_static; conditional/runtime execution unverified""}]",[],[],"[{""key"": ""admin.root"", ""roles"": [""admin"", ""superadmin"", ""super_admin""], ""actions"": [""ver""], ""evidence"": ""src/devnous/gastos/services/access_control_service.py:125""}, {""key"": ""admin.contabilidad"", ""roles"": [""finanzas"", ""admin"", ""superadmin"", ""super_admin""], ""actions"": [""ver"", ""crear"", ""editar"", ""exportar"", ""administrar""], ""evidence"": ""src/devnous/gastos/services/access_control_service.py:301""}]","UNPROVEN: guards/dependencies are evidence, not a complete effective-role matrix",accounting,live_entrypoint_static,"[""require_admin_finanzas()""]",ROUTE OWNER ONLY; service authority unproven: src/devnous/gastos/routes/user_routes.py:contabilidad_diario_export,[],accounting_contabilidad_diario_export_get_ddab2f,accounting:read; never grants business authority,"[""current_empleado"", ""year"", ""month"", ""tipo"", ""q""]",current employee + effective faculty + object + organization/legal entity + portfolio/tournament; UNPROVEN,read_candidate; side effects NOT verified,none only after read-purity proof,scoped source IDs/version and redacted durable receipt; writes need canonical transactional dedup + postcondition,"[""role/object/company deny"", ""revoked/expired"", ""isolation"", ""read purity""]",DISABLED; CANONICAL_SCOPE_UNPROVEN; route presence is not adapter or UI parity proof
44f19fbf8682,src/devnous/gastos/routes/user_routes.py,6685,contabilidad_diario_export_csv,GET,"[""/admin/contabilidad/diario/export.csv""]",/admin/contabilidad/diario/export.csv,"[""GET""]","[{""prefix"": """", ""evidence"": ""copa_telmex_dashboard.py:2240"", ""status"": ""include_router_static; conditional/runtime execution unverified""}]",[],[],"[{""key"": ""admin.root"", ""roles"": [""admin"", ""superadmin"", ""super_admin""], ""actions"": [""ver""], ""evidence"": ""src/devnous/gastos/services/access_control_service.py:125""}, {""key"": ""admin.contabilidad"", ""roles"": [""finanzas"", ""admin"", ""superadmin"", ""super_admin""], ""actions"": [""ver"", ""crear"", ""editar"", ""exportar"", ""administrar""], ""evidence"": ""src/devnous/gastos/services/access_control_service.py:301""}]","UNPROVEN: guards/dependencies are evidence, not a complete effective-role matrix",accounting,live_entrypoint_static,"[""require_admin_finanzas()""]",ROUTE OWNER ONLY; service authority unproven: src/devnous/gastos/routes/user_routes.py:contabilidad_diario_export_csv,[],accounting_contabilidad_diario_export_csv_get_44f19f,accounting:read; never grants business authority,"[""current_empleado"", ""year"", ""month"", ""tipo"", ""q""]",current employee + effective faculty + object + organization/legal entity + portfolio/tournament; UNPROVEN,read_candidate; side effects NOT verified,none only after read-purity proof,scoped source IDs/version and redacted durable receipt; writes need canonical transactional dedup + postcondition,"[""role/object/company deny"", ""revoked/expired"", ""isolation"", ""read purity""]",DISABLED; CANONICAL_SCOPE_UNPROVEN; route presence is not adapter or UI parity proof
f1a478e38c65,src/devnous/gastos/routes/user_routes.py,6756,contabilidad_diario_export_pdf,GET,"[""/admin/contabilidad/diario/export.pdf""]",/admin/contabilidad/diario/export.pdf,"[""GET""]","[{""prefix"": """", ""evidence"": ""copa_telmex_dashboard.py:2240"", ""status"": ""include_router_static; conditional/runtime execution unverified""}]",[],[],"[{""key"": ""admin.root"", ""roles"": [""admin"", ""superadmin"", ""super_admin""], ""actions"": [""ver""], ""evidence"": ""src/devnous/gastos/services/access_control_service.py:125""}, {""key"": ""admin.contabilidad"", ""roles"": [""finanzas"", ""admin"", ""superadmin"", ""super_admin""], ""actions"": [""ver"", ""crear"", ""editar"", ""exportar"", ""administrar""], ""evidence"": ""src/devnous/gastos/services/access_control_service.py:301""}]","UNPROVEN: guards/dependencies are evidence, not a complete effective-role matrix",accounting,live_entrypoint_static,"[""require_admin_finanzas()""]",ROUTE OWNER ONLY; service authority unproven: src/devnous/gastos/routes/user_routes.py:contabilidad_diario_export_pdf,[],accounting_contabilidad_diario_export_pdf_get_f1a478,accounting:read; never grants business authority,"[""current_empleado"", ""year"", ""month"", ""tipo"", ""q""]",current employee + effective faculty + object + organization/legal entity + portfolio/tournament; UNPROVEN,read_candidate; side effects NOT verified,none only after read-purity proof,scoped source IDs/version and redacted durable receipt; writes need canonical transactional dedup + postcondition,"[""role/object/company deny"", ""revoked/expired"", ""isolation"", ""read purity""]",DISABLED; CANONICAL_SCOPE_UNPROVEN; route presence is not adapter or UI parity proof
053280a6ea42,src/devnous/gastos/routes/user_routes.py,6883,contabilidad_coi_poliza_detail,GET,"[""/admin/contabilidad/coi/{poliza_id}""]",/admin/contabilidad/coi/{poliza_id},"[""GET""]","[{""prefix"": """", ""evidence"": ""copa_telmex_dashboard.py:2240"", ""status"": ""include_router_static; conditional/runtime execution unverified""}]",[],[],"[{""key"": ""admin.root"", ""roles"": [""admin"", ""superadmin"", ""super_admin""], ""actions"": [""ver""], ""evidence"": ""src/devnous/gastos/services/access_control_service.py:125""}, {""key"": ""admin.contabilidad"", ""roles"": [""finanzas"", ""admin"", ""superadmin"", ""super_admin""], ""actions"": [""ver"", ""crear"", ""editar"", ""exportar"", ""administrar""], ""evidence"": ""src/devnous/gastos/services/access_control_service.py:301""}]","UNPROVEN: guards/dependencies are evidence, not a complete effective-role matrix",accounting,live_entrypoint_static,"[""require_admin_finanzas()""]",ROUTE OWNER ONLY; service authority unproven: src/devnous/gastos/routes/user_routes.py:contabilidad_coi_poliza_detail,[],accounting_contabilidad_coi_poliza_detail_get_053280,accounting:read; never grants business authority,"[""poliza_id"", ""current_empleado""]",current employee + effective faculty + object + organization/legal entity + portfolio/tournament; UNPROVEN,read_candidate; side effects NOT verified,none only after read-purity proof,scoped source IDs/version and redacted durable receipt; writes need canonical transactional dedup + postcondition,"[""role/object/company deny"", ""revoked/expired"", ""isolation"", ""read purity""]",DISABLED; CANONICAL_SCOPE_UNPROVEN; route presence is not adapter or UI parity proof
5f65ebaae7c2,src/devnous/gastos/routes/user_routes.py,7031,contabilidad_coi_poliza_edit,POST,"[""/admin/contabilidad/coi/{poliza_id}/editar""]",/admin/contabilidad/coi/{poliza_id}/editar,"[""POST""]","[{""prefix"": """", ""evidence"": ""copa_telmex_dashboard.py:2240"", ""status"": ""include_router_static; conditional/runtime execution unverified""}]","[""src/devnous/gastos/routes/user_routes.py:2859:_can_edit_accounting_headers""]",[],"[{""key"": ""admin.root"", ""roles"": [""admin"", ""superadmin"", ""super_admin""], ""actions"": [""ver""], ""evidence"": ""src/devnous/gastos/services/access_control_service.py:125""}, {""key"": ""admin.contabilidad"", ""roles"": [""finanzas"", ""admin"", ""superadmin"", ""super_admin""], ""actions"": [""ver"", ""crear"", ""editar"", ""exportar"", ""administrar""], ""evidence"": ""src/devnous/gastos/services/access_control_service.py:301""}]","UNPROVEN: guards/dependencies are evidence, not a complete effective-role matrix",accounting,live_entrypoint_static,"[""_ensure_accounting_period_open(session, fiscal_year=poliza.fecha_poliza.year, fiscal_month=poliza.fecha_poliza.month, redirect_to=f'/admin/contabilidad/coi/{poliza_id}')"", ""_ensure_accounting_role_capability(current_empleado, allowed=_can_edit_accounting_headers(current_empleado), redirect_to=f'/admin/contabilidad/coi/{poliza_id}', message='Tu perfil puede consultar pólizas, pero no editar cabeceras contables importadas.')"", ""require_admin_finanzas()""]",ROUTE OWNER ONLY; service authority unproven: src/devnous/gastos/routes/user_routes.py:contabilidad_coi_poliza_edit,"[""session.commit""]",accounting_contabilidad_coi_poliza_edit_post_5f65eb,accounting:write; never grants business authority,"[""poliza_id"", ""beneficiario_nombre"", ""concepto_resumen"", ""concepto"", ""current_empleado""]",current employee + effective faculty + object + organization/legal entity + portfolio/tournament; UNPROVEN,write_or_effect_candidate,trusted human approval of exact draft/version/amount/currency/destination/digest; recheck at commit,scoped source IDs/version and redacted durable receipt; writes need canonical transactional dedup + postcondition,"[""role/object/company deny"", ""revoked/expired"", ""isolation"", ""read purity"", ""exact confirmation/version"", ""retry/crash/no duplicates"", ""verified receipt""]",DISABLED; CANONICAL_SCOPE_UNPROVEN; route presence is not adapter or UI parity proof
fa4a1856093e,src/devnous/gastos/routes/user_routes.py,7081,contabilidad_mayor_view,GET,"[""/admin/contabilidad/mayor""]",/admin/contabilidad/mayor,"[""GET""]","[{""prefix"": """", ""evidence"": ""copa_telmex_dashboard.py:2240"", ""status"": ""include_router_static; conditional/runtime execution unverified""}]",[],[],"[{""key"": ""admin.root"", ""roles"": [""admin"", ""superadmin"", ""super_admin""], ""actions"": [""ver""], ""evidence"": ""src/devnous/gastos/services/access_control_service.py:125""}, {""key"": ""admin.contabilidad"", ""roles"": [""finanzas"", ""admin"", ""superadmin"", ""super_admin""], ""actions"": [""ver"", ""crear"", ""editar"", ""exportar"", ""administrar""], ""evidence"": ""src/devnous/gastos/services/access_control_service.py:301""}]","UNPROVEN: guards/dependencies are evidence, not a complete effective-role matrix",accounting,live_entrypoint_static,"[""require_admin_finanzas()""]",ROUTE OWNER ONLY; service authority unproven: src/devnous/gastos/routes/user_routes.py:contabilidad_mayor_view,[],accounting_contabilidad_mayor_view_get_fa4a18,accounting:read; never grants business authority,"[""current_empleado"", ""year"", ""month"", ""cuenta_codigo"", ""q""]",current employee + effective faculty + object + organization/legal entity + portfolio/tournament; UNPROVEN,read_candidate; side effects NOT verified,none only after read-purity proof,scoped source IDs/version and redacted durable receipt; writes need canonical transactional dedup + postcondition,"[""role/object/company deny"", ""revoked/expired"", ""isolation"", ""read purity""]",DISABLED; CANONICAL_SCOPE_UNPROVEN; route presence is not adapter or UI parity proof
cd669e2b8215,src/devnous/gastos/routes/user_routes.py,7250,contabilidad_mayor_export,GET,"[""/admin/contabilidad/mayor/export""]",/admin/contabilidad/mayor/export,"[""GET""]","[{""prefix"": """", ""evidence"": ""copa_telmex_dashboard.py:2240"", ""status"": ""include_router_static; conditional/runtime execution unverified""}]",[],[],"[{""key"": ""admin.root"", ""roles"": [""admin"", ""superadmin"", ""super_admin""], ""actions"": [""ver""], ""evidence"": ""src/devnous/gastos/services/access_control_service.py:125""}, {""key"": ""admin.contabilidad"", ""roles"": [""finanzas"", ""admin"", ""superadmin"", ""super_admin""], ""actions"": [""ver"", ""crear"", ""editar"", ""exportar"", ""administrar""], ""evidence"": ""src/devnous/gastos/services/access_control_service.py:301""}]","UNPROVEN: guards/dependencies are evidence, not a complete effective-role matrix",accounting,live_entrypoint_static,"[""require_admin_finanzas()""]",ROUTE OWNER ONLY; service authority unproven: src/devnous/gastos/routes/user_routes.py:contabilidad_mayor_export,[],accounting_contabilidad_mayor_export_get_cd669e,accounting:read; never grants business authority,"[""current_empleado"", ""year"", ""month"", ""cuenta_codigo"", ""q""]",current employee + effective faculty + object + organization/legal entity + portfolio/tournament; UNPROVEN,read_candidate; side effects NOT verified,none only after read-purity proof,scoped source IDs/version and redacted durable receipt; writes need canonical transactional dedup + postcondition,"[""role/object/company deny"", ""revoked/expired"", ""isolation"", ""read purity""]",DISABLED; CANONICAL_SCOPE_UNPROVEN; route presence is not adapter or UI parity proof
33e1b4b3d267,src/devnous/gastos/routes/user_routes.py,7328,contabilidad_mayor_export_pdf,GET,"[""/admin/contabilidad/mayor/export.pdf""]",/admin/contabilidad/mayor/export.pdf,"[""GET""]","[{""prefix"": """", ""evidence"": ""copa_telmex_dashboard.py:2240"", ""status"": ""include_router_static; conditional/runtime execution unverified""}]",[],[],"[{""key"": ""admin.root"", ""roles"": [""admin"", ""superadmin"", ""super_admin""], ""actions"": [""ver""], ""evidence"": ""src/devnous/gastos/services/access_control_service.py:125""}, {""key"": ""admin.contabilidad"", ""roles"": [""finanzas"", ""admin"", ""superadmin"", ""super_admin""], ""actions"": [""ver"", ""crear"", ""editar"", ""exportar"", ""administrar""], ""evidence"": ""src/devnous/gastos/services/access_control_service.py:301""}]","UNPROVEN: guards/dependencies are evidence, not a complete effective-role matrix",accounting,live_entrypoint_static,"[""require_admin_finanzas()""]",ROUTE OWNER ONLY; service authority unproven: src/devnous/gastos/routes/user_routes.py:contabilidad_mayor_export_pdf,[],accounting_contabilidad_mayor_export_pdf_get_33e1b4,accounting:read; never grants business authority,"[""current_empleado"", ""year"", ""month"", ""cuenta_codigo"", ""q""]",current employee + effective faculty + object + organization/legal entity + portfolio/tournament; UNPROVEN,read_candidate; side effects NOT verified,none only after read-purity proof,scoped source IDs/version and redacted durable receipt; writes need canonical transactional dedup + postcondition,"[""role/object/company deny"", ""revoked/expired"", ""isolation"", ""read purity""]",DISABLED; CANONICAL_SCOPE_UNPROVEN; route presence is not adapter or UI parity proof
572cb4f2da65,src/devnous/gastos/routes/user_routes.py,7432,contabilidad_balanza_view,GET,"[""/admin/contabilidad/balanza""]",/admin/contabilidad/balanza,"[""GET""]","[{""prefix"": """", ""evidence"": ""copa_telmex_dashboard.py:2240"", ""status"": ""include_router_static; conditional/runtime execution unverified""}]",[],[],"[{""key"": ""admin.root"", ""roles"": [""admin"", ""superadmin"", ""super_admin""], ""actions"": [""ver""], ""evidence"": ""src/devnous/gastos/services/access_control_service.py:125""}, {""key"": ""admin.contabilidad"", ""roles"": [""finanzas"", ""admin"", ""superadmin"", ""super_admin""], ""actions"": [""ver"", ""crear"", ""editar"", ""exportar"", ""administrar""], ""evidence"": ""src/devnous/gastos/services/access_control_service.py:301""}]","UNPROVEN: guards/dependencies are evidence, not a complete effective-role matrix",accounting,live_entrypoint_static,"[""require_admin_finanzas()""]",ROUTE OWNER ONLY; service authority unproven: src/devnous/gastos/routes/user_routes.py:contabilidad_balanza_view,[],accounting_contabilidad_balanza_view_get_572cb4,accounting:read; never grants business authority,"[""current_empleado"", ""year"", ""month"", ""q""]",current employee + effective faculty + object + organization/legal entity + portfolio/tournament; UNPROVEN,read_candidate; side effects NOT verified,none only after read-purity proof,scoped source IDs/version and redacted durable receipt; writes need canonical transactional dedup + postcondition,"[""role/object/company deny"", ""revoked/expired"", ""isolation"", ""read purity""]",DISABLED; CANONICAL_SCOPE_UNPROVEN; route presence is not adapter or UI parity proof
068ae0b09b98,src/devnous/gastos/routes/user_routes.py,7573,contabilidad_balanza_export,GET,"[""/admin/contabilidad/balanza/export""]",/admin/contabilidad/balanza/export,"[""GET""]","[{""prefix"": """", ""evidence"": ""copa_telmex_dashboard.py:2240"", ""status"": ""include_router_static; conditional/runtime execution unverified""}]",[],[],"[{""key"": ""admin.root"", ""roles"": [""admin"", ""superadmin"", ""super_admin""], ""actions"": [""ver""], ""evidence"": ""src/devnous/gastos/services/access_control_service.py:125""}, {""key"": ""admin.contabilidad"", ""roles"": [""finanzas"", ""admin"", ""superadmin"", ""super_admin""], ""actions"": [""ver"", ""crear"", ""editar"", ""exportar"", ""administrar""], ""evidence"": ""src/devnous/gastos/services/access_control_service.py:301""}]","UNPROVEN: guards/dependencies are evidence, not a complete effective-role matrix",accounting,live_entrypoint_static,"[""require_admin_finanzas()""]",ROUTE OWNER ONLY; service authority unproven: src/devnous/gastos/routes/user_routes.py:contabilidad_balanza_export,[],accounting_contabilidad_balanza_export_get_068ae0,accounting:read; never grants business authority,"[""current_empleado"", ""year"", ""month"", ""q""]",current employee + effective faculty + object + organization/legal entity + portfolio/tournament; UNPROVEN,read_candidate; side effects NOT verified,none only after read-purity proof,scoped source IDs/version and redacted durable receipt; writes need canonical transactional dedup + postcondition,"[""role/object/company deny"", ""revoked/expired"", ""isolation"", ""read purity""]",DISABLED; CANONICAL_SCOPE_UNPROVEN; route presence is not adapter or UI parity proof
9b15fc34c8de,src/devnous/gastos/routes/user_routes.py,7640,contabilidad_balanza_export_pdf,GET,"[""/admin/contabilidad/balanza/export.pdf""]",/admin/contabilidad/balanza/export.pdf,"[""GET""]","[{""prefix"": """", ""evidence"": ""copa_telmex_dashboard.py:2240"", ""status"": ""include_router_static; conditional/runtime execution unverified""}]",[],[],"[{""key"": ""admin.root"", ""roles"": [""admin"", ""superadmin"", ""super_admin""], ""actions"": [""ver""], ""evidence"": ""src/devnous/gastos/services/access_control_service.py:125""}, {""key"": ""admin.contabilidad"", ""roles"": [""finanzas"", ""admin"", ""superadmin"", ""super_admin""], ""actions"": [""ver"", ""crear"", ""editar"", ""exportar"", ""administrar""], ""evidence"": ""src/devnous/gastos/services/access_control_service.py:301""}]","UNPROVEN: guards/dependencies are evidence, not a complete effective-role matrix",accounting,live_entrypoint_static,"[""require_admin_finanzas()""]",ROUTE OWNER ONLY; service authority unproven: src/devnous/gastos/routes/user_routes.py:contabilidad_balanza_export_pdf,[],accounting_contabilidad_balanza_export_pdf_get_9b15fc,accounting:read; never grants business authority,"[""current_empleado"", ""year"", ""month"", ""q""]",current employee + effective faculty + object + organization/legal entity + portfolio/tournament; UNPROVEN,read_candidate; side effects NOT verified,none only after read-purity proof,scoped source IDs/version and redacted durable receipt; writes need canonical transactional dedup + postcondition,"[""role/object/company deny"", ""revoked/expired"", ""isolation"", ""read purity""]",DISABLED; CANONICAL_SCOPE_UNPROVEN; route presence is not adapter or UI parity proof
99b3e541238c,src/devnous/gastos/routes/user_routes.py,7753,contabilidad_estado_mes_view,GET,"[""/admin/contabilidad/estado""]",/admin/contabilidad/estado,"[""GET""]","[{""prefix"": """", ""evidence"": ""copa_telmex_dashboard.py:2240"", ""status"": ""include_router_static; conditional/runtime execution unverified""}]",[],[],"[{""key"": ""admin.root"", ""roles"": [""admin"", ""superadmin"", ""super_admin""], ""actions"": [""ver""], ""evidence"": ""src/devnous/gastos/services/access_control_service.py:125""}, {""key"": ""admin.contabilidad"", ""roles"": [""finanzas"", ""admin"", ""superadmin"", ""super_admin""], ""actions"": [""ver"", ""crear"", ""editar"", ""exportar"", ""administrar""], ""evidence"": ""src/devnous/gastos/services/access_control_service.py:301""}]","UNPROVEN: guards/dependencies are evidence, not a complete effective-role matrix",accounting,live_entrypoint_static,"[""require_admin_finanzas()""]",ROUTE OWNER ONLY; service authority unproven: src/devnous/gastos/routes/user_routes.py:contabilidad_estado_mes_view,[],accounting_contabilidad_estado_mes_view_get_99b3e5,accounting:read; never grants business authority,"[""current_empleado"", ""year"", ""month""]",current employee + effective faculty + object + organization/legal entity + portfolio/tournament; UNPROVEN,read_candidate; side effects NOT verified,none only after read-purity proof,scoped source IDs/version and redacted durable receipt; writes need canonical transactional dedup + postcondition,"[""role/object/company deny"", ""revoked/expired"", ""isolation"", ""read purity""]",DISABLED; CANONICAL_SCOPE_UNPROVEN; route presence is not adapter or UI parity proof
209dae044ed1,src/devnous/gastos/routes/user_routes.py,7875,contabilidad_coi_line_set_account,POST,"[""/admin/contabilidad/coi/lineas/{line_id}/cuenta""]",/admin/contabilidad/coi/lineas/{line_id}/cuenta,"[""POST""]","[{""prefix"": """", ""evidence"": ""copa_telmex_dashboard.py:2240"", ""status"": ""include_router_static; conditional/runtime execution unverified""}]","[""src/devnous/gastos/routes/user_routes.py:2840:_can_manage_accounting_structure""]",[],"[{""key"": ""admin.root"", ""roles"": [""admin"", ""superadmin"", ""super_admin""], ""actions"": [""ver""], ""evidence"": ""src/devnous/gastos/services/access_control_service.py:125""}, {""key"": ""admin.contabilidad"", ""roles"": [""finanzas"", ""admin"", ""superadmin"", ""super_admin""], ""actions"": [""ver"", ""crear"", ""editar"", ""exportar"", ""administrar""], ""evidence"": ""src/devnous/gastos/services/access_control_service.py:301""}]","UNPROVEN: guards/dependencies are evidence, not a complete effective-role matrix",accounting,live_entrypoint_static,"[""_ensure_accounting_period_open(session, fiscal_year=line.poliza.fecha_poliza.year, fiscal_month=line.poliza.fecha_poliza.month, redirect_to=redirect_to)"", ""_ensure_accounting_role_capability(current_empleado, allowed=_can_manage_accounting_structure(current_empleado), redirect_to=redirect_to, message='La propagación masiva por código COI requiere permisos estructurales de contabilidad.')"", ""require_admin_finanzas()""]",ROUTE OWNER ONLY; service authority unproven: src/devnous/gastos/routes/user_routes.py:contabilidad_coi_line_set_account,"[""session.commit""]",accounting_contabilidad_coi_line_set_account_post_209dae,accounting:write; never grants business authority,"[""line_id"", ""cuenta_contable_id"", ""apply_same_code"", ""redirect_to"", ""current_empleado""]",current employee + effective faculty + object + organization/legal entity + portfolio/tournament; UNPROVEN,write_or_effect_candidate,trusted human approval of exact draft/version/amount/currency/destination/digest; recheck at commit,scoped source IDs/version and redacted durable receipt; writes need canonical transactional dedup + postcondition,"[""role/object/company deny"", ""revoked/expired"", ""isolation"", ""read purity"", ""exact confirmation/version"", ""retry/crash/no duplicates"", ""verified receipt""]",DISABLED; CANONICAL_SCOPE_UNPROVEN; route presence is not adapter or UI parity proof
524ce3d04945,src/devnous/gastos/routes/user_routes.py,7971,contabilidad_cierres_view,GET,"[""/admin/contabilidad/cierres""]",/admin/contabilidad/cierres,"[""GET""]","[{""prefix"": """", ""evidence"": ""copa_telmex_dashboard.py:2240"", ""status"": ""include_router_static; conditional/runtime execution unverified""}]","[""src/devnous/gastos/routes/user_routes.py:2840:_can_manage_accounting_structure""]",[],"[{""key"": ""admin.root"", ""roles"": [""admin"", ""superadmin"", ""super_admin""], ""actions"": [""ver""], ""evidence"": ""src/devnous/gastos/services/access_control_service.py:125""}, {""key"": ""admin.contabilidad"", ""roles"": [""finanzas"", ""admin"", ""superadmin"", ""super_admin""], ""actions"": [""ver"", ""crear"", ""editar"", ""exportar"", ""administrar""], ""evidence"": ""src/devnous/gastos/services/access_control_service.py:301""}]","UNPROVEN: guards/dependencies are evidence, not a complete effective-role matrix",accounting,live_entrypoint_static,"[""_ensure_accounting_close_checklist_seed(session, fiscal_year=selected_year, fiscal_month=selected_month)"", ""require_admin_finanzas()""]",ROUTE OWNER ONLY; service authority unproven: src/devnous/gastos/routes/user_routes.py:contabilidad_cierres_view,[],accounting_contabilidad_cierres_view_get_524ce3,accounting:read; never grants business authority,"[""current_empleado"", ""year"", ""month""]",current employee + effective faculty + object + organization/legal entity + portfolio/tournament; UNPROVEN,read_candidate; side effects NOT verified,none only after read-purity proof,scoped source IDs/version and redacted durable receipt; writes need canonical transactional dedup + postcondition,"[""role/object/company deny"", ""revoked/expired"", ""isolation"", ""read purity""]",DISABLED; CANONICAL_SCOPE_UNPROVEN; route presence is not adapter or UI parity proof
a5f3fc6fe499,src/devnous/gastos/routes/user_routes.py,8164,contabilidad_auditoria_view,GET,"[""/admin/contabilidad/auditoria""]",/admin/contabilidad/auditoria,"[""GET""]","[{""prefix"": """", ""evidence"": ""copa_telmex_dashboard.py:2240"", ""status"": ""include_router_static; conditional/runtime execution unverified""}]",[],[],"[{""key"": ""admin.root"", ""roles"": [""admin"", ""superadmin"", ""super_admin""], ""actions"": [""ver""], ""evidence"": ""src/devnous/gastos/services/access_control_service.py:125""}, {""key"": ""admin.contabilidad"", ""roles"": [""finanzas"", ""admin"", ""superadmin"", ""super_admin""], ""actions"": [""ver"", ""crear"", ""editar"", ""exportar"", ""administrar""], ""evidence"": ""src/devnous/gastos/services/access_control_service.py:301""}]","UNPROVEN: guards/dependencies are evidence, not a complete effective-role matrix",accounting,live_entrypoint_static,"[""require_admin_finanzas()""]",ROUTE OWNER ONLY; service authority unproven: src/devnous/gastos/routes/user_routes.py:contabilidad_auditoria_view,[],accounting_contabilidad_auditoria_view_get_a5f3fc,accounting:read; never grants business authority,"[""current_empleado"", ""year"", ""month"", ""action""]",current employee + effective faculty + object + organization/legal entity + portfolio/tournament; UNPROVEN,read_candidate; side effects NOT verified,none only after read-purity proof,scoped source IDs/version and redacted durable receipt; writes need canonical transactional dedup + postcondition,"[""role/object/company deny"", ""revoked/expired"", ""isolation"", ""read purity""]",DISABLED; CANONICAL_SCOPE_UNPROVEN; route presence is not adapter or UI parity proof
b45b5662516b,src/devnous/gastos/routes/user_routes.py,8261,contabilidad_cierre_checklist_update,POST,"[""/admin/contabilidad/cierres/checklist/{item_id}""]",/admin/contabilidad/cierres/checklist/{item_id},"[""POST""]","[{""prefix"": """", ""evidence"": ""copa_telmex_dashboard.py:2240"", ""status"": ""include_router_static; conditional/runtime execution unverified""}]",[],[],"[{""key"": ""admin.root"", ""roles"": [""admin"", ""superadmin"", ""super_admin""], ""actions"": [""ver""], ""evidence"": ""src/devnous/gastos/services/access_control_service.py:125""}, {""key"": ""admin.contabilidad"", ""roles"": [""finanzas"", ""admin"", ""superadmin"", ""super_admin""], ""actions"": [""ver"", ""crear"", ""editar"", ""exportar"", ""administrar""], ""evidence"": ""src/devnous/gastos/services/access_control_service.py:301""}]","UNPROVEN: guards/dependencies are evidence, not a complete effective-role matrix",accounting,live_entrypoint_static,"[""require_admin_finanzas()""]",ROUTE OWNER ONLY; service authority unproven: src/devnous/gastos/routes/user_routes.py:contabilidad_cierre_checklist_update,"[""session.commit""]",accounting_contabilidad_cierre_checklist_update_post_b45b56,accounting:write; never grants business authority,"[""item_id"", ""status"", ""notes"", ""return_to"", ""current_empleado""]",current employee + effective faculty + object + organization/legal entity + portfolio/tournament; UNPROVEN,write_or_effect_candidate,trusted human approval of exact draft/version/amount/currency/destination/digest; recheck at commit,scoped source IDs/version and redacted durable receipt; writes need canonical transactional dedup + postcondition,"[""role/object/company deny"", ""revoked/expired"", ""isolation"", ""read purity"", ""exact confirmation/version"", ""retry/crash/no duplicates"", ""verified receipt""]",DISABLED; CANONICAL_SCOPE_UNPROVEN; route presence is not adapter or UI parity proof
bbe6cc1b09a8,src/devnous/gastos/routes/user_routes.py,8319,contabilidad_cierre_cerrar,POST,"[""/admin/contabilidad/cierres/{fiscal_year}/{fiscal_month}/cerrar""]",/admin/contabilidad/cierres/{fiscal_year}/{fiscal_month}/cerrar,"[""POST""]","[{""prefix"": """", ""evidence"": ""copa_telmex_dashboard.py:2240"", ""status"": ""include_router_static; conditional/runtime execution unverified""}]","[""src/devnous/gastos/routes/user_routes.py:2840:_can_manage_accounting_structure""]",[],"[{""key"": ""admin.root"", ""roles"": [""admin"", ""superadmin"", ""super_admin""], ""actions"": [""ver""], ""evidence"": ""src/devnous/gastos/services/access_control_service.py:125""}, {""key"": ""admin.contabilidad"", ""roles"": [""finanzas"", ""admin"", ""superadmin"", ""super_admin""], ""actions"": [""ver"", ""crear"", ""editar"", ""exportar"", ""administrar""], ""evidence"": ""src/devnous/gastos/services/access_control_service.py:301""}]","UNPROVEN: guards/dependencies are evidence, not a complete effective-role matrix",accounting,live_entrypoint_static,"[""_ensure_accounting_close_checklist_seed(session, fiscal_year=fiscal_year, fiscal_month=fiscal_month)"", ""_ensure_accounting_role_capability(current_empleado, allowed=_can_manage_accounting_structure(current_empleado), redirect_to=return_to or f'/admin/contabilidad/cierres?year={fiscal_year}', message='Tu perfil puede revisar cierres, pero no cerrar períodos contables.')"", ""require_admin_finanzas()""]",ROUTE OWNER ONLY; service authority unproven: src/devnous/gastos/routes/user_routes.py:contabilidad_cierre_cerrar,"[""session.commit""]",accounting_contabilidad_cierre_cerrar_post_bbe6cc,accounting:write; never grants business authority,"[""fiscal_year"", ""fiscal_month"", ""return_to"", ""notes"", ""current_empleado""]",current employee + effective faculty + object + organization/legal entity + portfolio/tournament; UNPROVEN,write_or_effect_candidate,trusted human approval of exact draft/version/amount/currency/destination/digest; recheck at commit,scoped source IDs/version and redacted durable receipt; writes need canonical transactional dedup + postcondition,"[""role/object/company deny"", ""revoked/expired"", ""isolation"", ""read purity"", ""exact confirmation/version"", ""retry/crash/no duplicates"", ""verified receipt""]",DISABLED; CANONICAL_SCOPE_UNPROVEN; route presence is not adapter or UI parity proof
8cbae36d2406,src/devnous/gastos/routes/user_routes.py,8429,contabilidad_cierre_reabrir,POST,"[""/admin/contabilidad/cierres/{fiscal_year}/{fiscal_month}/reabrir""]",/admin/contabilidad/cierres/{fiscal_year}/{fiscal_month}/reabrir,"[""POST""]","[{""prefix"": """", ""evidence"": ""copa_telmex_dashboard.py:2240"", ""status"": ""include_router_static; conditional/runtime execution unverified""}]","[""src/devnous/gastos/routes/user_routes.py:2840:_can_manage_accounting_structure""]",[],"[{""key"": ""admin.root"", ""roles"": [""admin"", ""superadmin"", ""super_admin""], ""actions"": [""ver""], ""evidence"": ""src/devnous/gastos/services/access_control_service.py:125""}, {""key"": ""admin.contabilidad"", ""roles"": [""finanzas"", ""admin"", ""superadmin"", ""super_admin""], ""actions"": [""ver"", ""crear"", ""editar"", ""exportar"", ""administrar""], ""evidence"": ""src/devnous/gastos/services/access_control_service.py:301""}]","UNPROVEN: guards/dependencies are evidence, not a complete effective-role matrix",accounting,live_entrypoint_static,"[""_ensure_accounting_role_capability(current_empleado, allowed=_can_manage_accounting_structure(current_empleado), redirect_to=return_to or f'/admin/contabilidad/cierres?year={fiscal_year}', message='Tu perfil puede revisar cierres, pero no reabrir períodos contables.')"", ""require_admin_finanzas()""]",ROUTE OWNER ONLY; service authority unproven: src/devnous/gastos/routes/user_routes.py:contabilidad_cierre_reabrir,"[""session.commit""]",accounting_contabilidad_cierre_reabrir_post_8cbae3,accounting:write; never grants business authority,"[""fiscal_year"", ""fiscal_month"", ""return_to"", ""current_empleado""]",current employee + effective faculty + object + organization/legal entity + portfolio/tournament; UNPROVEN,write_or_effect_candidate,trusted human approval of exact draft/version/amount/currency/destination/digest; recheck at commit,scoped source IDs/version and redacted durable receipt; writes need canonical transactional dedup + postcondition,"[""role/object/company deny"", ""revoked/expired"", ""isolation"", ""read purity"", ""exact confirmation/version"", ""retry/crash/no duplicates"", ""verified receipt""]",DISABLED; CANONICAL_SCOPE_UNPROVEN; route presence is not adapter or UI parity proof
275b0d4fa3ff,src/devnous/gastos/routes/user_routes.py,8482,contabilidad_cierre_export_package,GET,"[""/admin/contabilidad/cierres/export""]",/admin/contabilidad/cierres/export,"[""GET""]","[{""prefix"": """", ""evidence"": ""copa_telmex_dashboard.py:2240"", ""status"": ""include_router_static; conditional/runtime execution unverified""}]",[],[],"[{""key"": ""admin.root"", ""roles"": [""admin"", ""superadmin"", ""super_admin""], ""actions"": [""ver""], ""evidence"": ""src/devnous/gastos/services/access_control_service.py:125""}, {""key"": ""admin.contabilidad"", ""roles"": [""finanzas"", ""admin"", ""superadmin"", ""super_admin""], ""actions"": [""ver"", ""crear"", ""editar"", ""exportar"", ""administrar""], ""evidence"": ""src/devnous/gastos/services/access_control_service.py:301""}]","UNPROVEN: guards/dependencies are evidence, not a complete effective-role matrix",accounting,live_entrypoint_static,"[""_ensure_accounting_close_checklist_seed(session, fiscal_year=selected_year, fiscal_month=selected_month)"", ""require_admin_finanzas()""]",ROUTE OWNER ONLY; service authority unproven: src/devnous/gastos/routes/user_routes.py:contabilidad_cierre_export_package,[],accounting_contabilidad_cierre_export_package_get_275b0d,accounting:read; never grants business authority,"[""current_empleado"", ""year"", ""month""]",current employee + effective faculty + object + organization/legal entity + portfolio/tournament; UNPROVEN,read_candidate; side effects NOT verified,none only after read-purity proof,scoped source IDs/version and redacted durable receipt; writes need canonical transactional dedup + postcondition,"[""role/object/company deny"", ""revoked/expired"", ""isolation"", ""read purity""]",DISABLED; CANONICAL_SCOPE_UNPROVEN; route presence is not adapter or UI parity proof
d893a46925c8,src/devnous/gastos/routes/user_routes.py,8749,contabilidad_cierre_export_zip,GET,"[""/admin/contabilidad/cierres/export.zip""]",/admin/contabilidad/cierres/export.zip,"[""GET""]","[{""prefix"": """", ""evidence"": ""copa_telmex_dashboard.py:2240"", ""status"": ""include_router_static; conditional/runtime execution unverified""}]",[],[],"[{""key"": ""admin.root"", ""roles"": [""admin"", ""superadmin"", ""super_admin""], ""actions"": [""ver""], ""evidence"": ""src/devnous/gastos/services/access_control_service.py:125""}, {""key"": ""admin.contabilidad"", ""roles"": [""finanzas"", ""admin"", ""superadmin"", ""super_admin""], ""actions"": [""ver"", ""crear"", ""editar"", ""exportar"", ""administrar""], ""evidence"": ""src/devnous/gastos/services/access_control_service.py:301""}]","UNPROVEN: guards/dependencies are evidence, not a complete effective-role matrix",accounting,live_entrypoint_static,"[""require_admin_finanzas()""]",ROUTE OWNER ONLY; service authority unproven: src/devnous/gastos/routes/user_routes.py:contabilidad_cierre_export_zip,[],accounting_contabilidad_cierre_export_zip_get_d893a4,accounting:read; never grants business authority,"[""current_empleado"", ""year"", ""month""]",current employee + effective faculty + object + organization/legal entity + portfolio/tournament; UNPROVEN,read_candidate; side effects NOT verified,none only after read-purity proof,scoped source IDs/version and redacted durable receipt; writes need canonical transactional dedup + postcondition,"[""role/object/company deny"", ""revoked/expired"", ""isolation"", ""read purity""]",DISABLED; CANONICAL_SCOPE_UNPROVEN; route presence is not adapter or UI parity proof
0471c8312283,src/devnous/gastos/routes/user_routes.py,8812,contabilidad_reclasificacion_view,GET,"[""/admin/contabilidad/reclasificacion""]",/admin/contabilidad/reclasificacion,"[""GET""]","[{""prefix"": """", ""evidence"": ""copa_telmex_dashboard.py:2240"", ""status"": ""include_router_static; conditional/runtime execution unverified""}]","[""src/devnous/gastos/routes/user_routes.py:2840:_can_manage_accounting_structure""]",[],"[{""key"": ""admin.root"", ""roles"": [""admin"", ""superadmin"", ""super_admin""], ""actions"": [""ver""], ""evidence"": ""src/devnous/gastos/services/access_control_service.py:125""}, {""key"": ""admin.contabilidad"", ""roles"": [""finanzas"", ""admin"", ""superadmin"", ""super_admin""], ""actions"": [""ver"", ""crear"", ""editar"", ""exportar"", ""administrar""], ""evidence"": ""src/devnous/gastos/services/access_control_service.py:301""}]","UNPROVEN: guards/dependencies are evidence, not a complete effective-role matrix",accounting,live_entrypoint_static,"[""require_admin_finanzas()""]",ROUTE OWNER ONLY; service authority unproven: src/devnous/gastos/routes/user_routes.py:contabilidad_reclasificacion_view,[],accounting_contabilidad_reclasificacion_view_get_0471c8,accounting:read; never grants business authority,"[""current_empleado"", ""year"", ""month"", ""cuenta_codigo"", ""target_account_id"", ""include_aux""]",current employee + effective faculty + object + organization/legal entity + portfolio/tournament; UNPROVEN,read_candidate; side effects NOT verified,none only after read-purity proof,scoped source IDs/version and redacted durable receipt; writes need canonical transactional dedup + postcondition,"[""role/object/company deny"", ""revoked/expired"", ""isolation"", ""read purity""]",DISABLED; CANONICAL_SCOPE_UNPROVEN; route presence is not adapter or UI parity proof
d54cbdd6b894,src/devnous/gastos/routes/user_routes.py,8990,contabilidad_reclasificacion_apply,POST,"[""/admin/contabilidad/reclasificacion/aplicar""]",/admin/contabilidad/reclasificacion/aplicar,"[""POST""]","[{""prefix"": """", ""evidence"": ""copa_telmex_dashboard.py:2240"", ""status"": ""include_router_static; conditional/runtime execution unverified""}]","[""src/devnous/gastos/routes/user_routes.py:2840:_can_manage_accounting_structure""]",[],"[{""key"": ""admin.root"", ""roles"": [""admin"", ""superadmin"", ""super_admin""], ""actions"": [""ver""], ""evidence"": ""src/devnous/gastos/services/access_control_service.py:125""}, {""key"": ""admin.contabilidad"", ""roles"": [""finanzas"", ""admin"", ""superadmin"", ""super_admin""], ""actions"": [""ver"", ""crear"", ""editar"", ""exportar"", ""administrar""], ""evidence"": ""src/devnous/gastos/services/access_control_service.py:301""}]","UNPROVEN: guards/dependencies are evidence, not a complete effective-role matrix",accounting,live_entrypoint_static,"[""_ensure_accounting_period_open(session, fiscal_year=year, fiscal_month=month, redirect_to=redirect_base)"", ""_ensure_accounting_role_capability(current_empleado, allowed=_can_manage_accounting_structure(current_empleado), redirect_to=redirect_base, message='Tu perfil puede revisar reclasificaciones, pero no aplicar cambios masivos.')"", ""require_admin_finanzas()""]",ROUTE OWNER ONLY; service authority unproven: src/devnous/gastos/routes/user_routes.py:contabilidad_reclasificacion_apply,"[""session.commit""]",accounting_contabilidad_reclasificacion_apply_post_d54cbd,accounting:write; never grants business authority,"[""year"", ""month"", ""cuenta_codigo"", ""target_account_id"", ""include_aux"", ""current_empleado""]",current employee + effective faculty + object + organization/legal entity + portfolio/tournament; UNPROVEN,write_or_effect_candidate,trusted human approval of exact draft/version/amount/currency/destination/digest; recheck at commit,scoped source IDs/version and redacted durable receipt; writes need canonical transactional dedup + postcondition,"[""role/object/company deny"", ""revoked/expired"", ""isolation"", ""read purity"", ""exact confirmation/version"", ""retry/crash/no duplicates"", ""verified receipt""]",DISABLED; CANONICAL_SCOPE_UNPROVEN; route presence is not adapter or UI parity proof
f48a7060f92c,src/devnous/gastos/routes/user_routes.py,9106,nomina_empleados_create,POST,"[""/admin/nomina/empleados""]",/admin/nomina/empleados,"[""POST""]","[{""prefix"": """", ""evidence"": ""copa_telmex_dashboard.py:2240"", ""status"": ""include_router_static; conditional/runtime execution unverified""}]",[],[],"[{""key"": ""admin.root"", ""roles"": [""admin"", ""superadmin"", ""super_admin""], ""actions"": [""ver""], ""evidence"": ""src/devnous/gastos/services/access_control_service.py:125""}, {""key"": ""admin.nomina"", ""roles"": [""finanzas"", ""admin"", ""superadmin"", ""super_admin""], ""actions"": [""ver"", ""crear"", ""editar"", ""exportar"", ""administrar""], ""evidence"": ""src/devnous/gastos/services/access_control_service.py:310""}]","UNPROVEN: guards/dependencies are evidence, not a complete effective-role matrix",accounting,live_entrypoint_static,"[""require_admin_finanzas()""]",ROUTE OWNER ONLY; service authority unproven: src/devnous/gastos/routes/user_routes.py:nomina_empleados_create,"[""session.commit""]",accounting_nomina_empleados_create_post_f48a70,accounting:write; never grants business authority,"[""empleado_id"", ""employee_number"", ""birth_date"", ""birth_place"", ""gender"", ""curp"", ""rfc"", ""nss"", ""tax_regime"", ""personal_email"", ""work_email"", ""personal_postal_code"", ""hire_date"", ""seniority_date"", ""contract_start_date"", ""contract_end_date"", ""employment_state"", ""employer_registration_id"", ""employee_type"", ""contract_type"", ""policy_name"", ""worker_type"", ""geographic_area"", ""schedule_scheme"", ""reduced_workweek_type"", ""worked_days_override"", ""payroll_frequency"", ""salary_zone"", ""compensation_regime"", ""salary_type"", ""monthly_net_salary"", ""payment_method"", ""bank_name"", ""account_number"", ""clabe"", ""customer_number"", ""job_title"", ""department_name"", ""daily_salary"", ""integrated_daily_salary"", ""variable_salary"", ""severance_daily_salary"", ""deduction_name"", ""infonavit_discount_type"", ""infonavit_discount_value"", ""infonavit_notice_folio"", ""infonavit_credit_number"", ""infonavit_start_date"", ""loan_balance"", ""monthly_deduction_amount"", ""payroll_deduction_name"", ""fonacot_credit_folio"", ""fonacot_discount_type"", ""fonacot_discount_value"", ""fonacot_start_date"", ""alimony_percentage"", ""alimony_mode"", ""alimony_fixed_amount"", ""alimony_case_number"", ""alimony_beneficiary_name"", ""alimony_beneficiary_bank"", ""alimony_beneficiary_account"", ""alimony_beneficiary_clabe"", ""alimony_effective_from"", ""alimony_effective_to"", ""alimony_apply_to_extraordinary"", ""alimony_priority_order"", ""alimony_court_name"", ""alimony_office_reference"", ""vacation_balance"", ""umf"", ""voucher_provider"", ""voucher_account_number"", ""voucher_card_number"", ""street"", ""exterior_number"", ""interior_number"", ""neighborhood"", ""municipality"", ""address_state"", ""address_postal_code"", ""active"", ""current_empleado""]",current employee + effective faculty + object + organization/legal entity + portfolio/tournament; UNPROVEN,write_or_effect_candidate,trusted human approval of exact draft/version/amount/currency/destination/digest; recheck at commit,scoped source IDs/version and redacted durable receipt; writes need canonical transactional dedup + postcondition,"[""role/object/company deny"", ""revoked/expired"", ""isolation"", ""read purity"", ""exact confirmation/version"", ""retry/crash/no duplicates"", ""verified receipt""]",DISABLED; CANONICAL_SCOPE_UNPROVEN; route presence is not adapter or UI parity proof
138906e1c16c,src/devnous/gastos/routes/user_routes.py,9322,nomina_periodos_view,GET,"[""/admin/nomina/periodos""]",/admin/nomina/periodos,"[""GET""]","[{""prefix"": """", ""evidence"": ""copa_telmex_dashboard.py:2240"", ""status"": ""include_router_static; conditional/runtime execution unverified""}]",[],[],"[{""key"": ""admin.root"", ""roles"": [""admin"", ""superadmin"", ""super_admin""], ""actions"": [""ver""], ""evidence"": ""src/devnous/gastos/services/access_control_service.py:125""}, {""key"": ""admin.nomina"", ""roles"": [""finanzas"", ""admin"", ""superadmin"", ""super_admin""], ""actions"": [""ver"", ""crear"", ""editar"", ""exportar"", ""administrar""], ""evidence"": ""src/devnous/gastos/services/access_control_service.py:310""}]","UNPROVEN: guards/dependencies are evidence, not a complete effective-role matrix",accounting,live_entrypoint_static,"[""require_admin_finanzas()""]",ROUTE OWNER ONLY; service authority unproven: src/devnous/gastos/routes/user_routes.py:nomina_periodos_view,[],accounting_nomina_periodos_view_get_138906,accounting:read; never grants business authority,"[""current_empleado""]",current employee + effective faculty + object + organization/legal entity + portfolio/tournament; UNPROVEN,read_candidate; side effects NOT verified,none only after read-purity proof,scoped source IDs/version and redacted durable receipt; writes need canonical transactional dedup + postcondition,"[""role/object/company deny"", ""revoked/expired"", ""isolation"", ""read purity""]",DISABLED; CANONICAL_SCOPE_UNPROVEN; route presence is not adapter or UI parity proof
8f084229ec16,src/devnous/gastos/routes/user_routes.py,9382,nomina_periodos_create,POST,"[""/admin/nomina/periodos""]",/admin/nomina/periodos,"[""POST""]","[{""prefix"": """", ""evidence"": ""copa_telmex_dashboard.py:2240"", ""status"": ""include_router_static; conditional/runtime execution unverified""}]",[],[],"[{""key"": ""admin.root"", ""roles"": [""admin"", ""superadmin"", ""super_admin""], ""actions"": [""ver""], ""evidence"": ""src/devnous/gastos/services/access_control_service.py:125""}, {""key"": ""admin.nomina"", ""roles"": [""finanzas"", ""admin"", ""superadmin"", ""super_admin""], ""actions"": [""ver"", ""crear"", ""editar"", ""exportar"", ""administrar""], ""evidence"": ""src/devnous/gastos/services/access_control_service.py:310""}]","UNPROVEN: guards/dependencies are evidence, not a complete effective-role matrix",accounting,live_entrypoint_static,"[""require_admin_finanzas()""]",ROUTE OWNER ONLY; service authority unproven: src/devnous/gastos/routes/user_routes.py:nomina_periodos_create,"[""session.commit""]",accounting_nomina_periodos_create_post_8f0842,accounting:write; never grants business authority,"[""period_type"", ""fiscal_year"", ""period_no"", ""start_date"", ""end_date"", ""payment_date"", ""status"", ""notes"", ""current_empleado""]",current employee + effective faculty + object + organization/legal entity + portfolio/tournament; UNPROVEN,write_or_effect_candidate,trusted human approval of exact draft/version/amount/currency/destination/digest; recheck at commit,scoped source IDs/version and redacted durable receipt; writes need canonical transactional dedup + postcondition,"[""role/object/company deny"", ""revoked/expired"", ""isolation"", ""read purity"", ""exact confirmation/version"", ""retry/crash/no duplicates"", ""verified receipt""]",DISABLED; CANONICAL_SCOPE_UNPROVEN; route presence is not adapter or UI parity proof
da968429ad1a,src/devnous/gastos/routes/user_routes.py,9420,nomina_incidencias_view,GET,"[""/admin/nomina/incidencias""]",/admin/nomina/incidencias,"[""GET""]","[{""prefix"": """", ""evidence"": ""copa_telmex_dashboard.py:2240"", ""status"": ""include_router_static; conditional/runtime execution unverified""}]",[],[],"[{""key"": ""admin.root"", ""roles"": [""admin"", ""superadmin"", ""super_admin""], ""actions"": [""ver""], ""evidence"": ""src/devnous/gastos/services/access_control_service.py:125""}, {""key"": ""admin.nomina"", ""roles"": [""finanzas"", ""admin"", ""superadmin"", ""super_admin""], ""actions"": [""ver"", ""crear"", ""editar"", ""exportar"", ""administrar""], ""evidence"": ""src/devnous/gastos/services/access_control_service.py:310""}]","UNPROVEN: guards/dependencies are evidence, not a complete effective-role matrix",accounting,live_entrypoint_static,"[""require_admin_finanzas()""]",ROUTE OWNER ONLY; service authority unproven: src/devnous/gastos/routes/user_routes.py:nomina_incidencias_view,[],accounting_nomina_incidencias_view_get_da9684,accounting:read; never grants business authority,"[""current_empleado"", ""period_id""]",current employee + effective faculty + object + organization/legal entity + portfolio/tournament; UNPROVEN,read_candidate; side effects NOT verified,none only after read-purity proof,scoped source IDs/version and redacted durable receipt; writes need canonical transactional dedup + postcondition,"[""role/object/company deny"", ""revoked/expired"", ""isolation"", ""read purity""]",DISABLED; CANONICAL_SCOPE_UNPROVEN; route presence is not adapter or UI parity proof
53d9a9c62d54,src/devnous/gastos/routes/user_routes.py,9534,nomina_incidencias_create,POST,"[""/admin/nomina/incidencias""]",/admin/nomina/incidencias,"[""POST""]","[{""prefix"": """", ""evidence"": ""copa_telmex_dashboard.py:2240"", ""status"": ""include_router_static; conditional/runtime execution unverified""}]",[],[],"[{""key"": ""admin.root"", ""roles"": [""admin"", ""superadmin"", ""super_admin""], ""actions"": [""ver""], ""evidence"": ""src/devnous/gastos/services/access_control_service.py:125""}, {""key"": ""admin.nomina"", ""roles"": [""finanzas"", ""admin"", ""superadmin"", ""super_admin""], ""actions"": [""ver"", ""crear"", ""editar"", ""exportar"", ""administrar""], ""evidence"": ""src/devnous/gastos/services/access_control_service.py:310""}]","UNPROVEN: guards/dependencies are evidence, not a complete effective-role matrix",accounting,live_entrypoint_static,"[""require_admin_finanzas()""]",ROUTE OWNER ONLY; service authority unproven: src/devnous/gastos/routes/user_routes.py:nomina_incidencias_create,"[""session.commit""]",accounting_nomina_incidencias_create_post_53d9a9,accounting:write; never grants business authority,"[""payroll_employee_id"", ""period_id"", ""incident_type"", ""incident_code"", ""quantity"", ""taxable_amount"", ""exempt_amount"", ""description"", ""current_empleado""]",current employee + effective faculty + object + organization/legal entity + portfolio/tournament; UNPROVEN,write_or_effect_candidate,trusted human approval of exact draft/version/amount/currency/destination/digest; recheck at commit,scoped source IDs/version and redacted durable receipt; writes need canonical transactional dedup + postcondition,"[""role/object/company deny"", ""revoked/expired"", ""isolation"", ""read purity"", ""exact confirmation/version"", ""retry/crash/no duplicates"", ""verified receipt""]",DISABLED; CANONICAL_SCOPE_UNPROVEN; route presence is not adapter or UI parity proof
bfa48d89b52e,src/devnous/gastos/routes/user_routes.py,9566,nomina_prenomina_view,GET,"[""/admin/nomina/prenomina""]",/admin/nomina/prenomina,"[""GET""]","[{""prefix"": """", ""evidence"": ""copa_telmex_dashboard.py:2240"", ""status"": ""include_router_static; conditional/runtime execution unverified""}]",[],[],"[{""key"": ""admin.root"", ""roles"": [""admin"", ""superadmin"", ""super_admin""], ""actions"": [""ver""], ""evidence"": ""src/devnous/gastos/services/access_control_service.py:125""}, {""key"": ""admin.nomina"", ""roles"": [""finanzas"", ""admin"", ""superadmin"", ""super_admin""], ""actions"": [""ver"", ""crear"", ""editar"", ""exportar"", ""administrar""], ""evidence"": ""src/devnous/gastos/services/access_control_service.py:310""}]","UNPROVEN: guards/dependencies are evidence, not a complete effective-role matrix",accounting,live_entrypoint_static,"[""require_admin_finanzas()""]",ROUTE OWNER ONLY; service authority unproven: src/devnous/gastos/routes/user_routes.py:nomina_prenomina_view,"[""build_payment_instructions_for_run""]",accounting_nomina_prenomina_view_get_bfa48d,accounting:read; never grants business authority,"[""current_empleado""]",current employee + effective faculty + object + organization/legal entity + portfolio/tournament; UNPROVEN,read_candidate; side effects NOT verified,none only after read-purity proof,scoped source IDs/version and redacted durable receipt; writes need canonical transactional dedup + postcondition,"[""role/object/company deny"", ""revoked/expired"", ""isolation"", ""read purity""]",DISABLED; CANONICAL_SCOPE_UNPROVEN; route presence is not adapter or UI parity proof
d406179c6f2c,src/devnous/gastos/routes/user_routes.py,9836,nomina_prenomina_calcular,POST,"[""/admin/nomina/prenomina/calcular""]",/admin/nomina/prenomina/calcular,"[""POST""]","[{""prefix"": """", ""evidence"": ""copa_telmex_dashboard.py:2240"", ""status"": ""include_router_static; conditional/runtime execution unverified""}]",[],[],"[{""key"": ""admin.root"", ""roles"": [""admin"", ""superadmin"", ""super_admin""], ""actions"": [""ver""], ""evidence"": ""src/devnous/gastos/services/access_control_service.py:125""}, {""key"": ""admin.nomina"", ""roles"": [""finanzas"", ""admin"", ""superadmin"", ""super_admin""], ""actions"": [""ver"", ""crear"", ""editar"", ""exportar"", ""administrar""], ""evidence"": ""src/devnous/gastos/services/access_control_service.py:310""}]","UNPROVEN: guards/dependencies are evidence, not a complete effective-role matrix",accounting,live_entrypoint_static,"[""require_admin_finanzas()""]",ROUTE OWNER ONLY; service authority unproven: src/devnous/gastos/routes/user_routes.py:nomina_prenomina_calcular,[],accounting_nomina_prenomina_calcular_post_d40617,accounting:write; never grants business authority,"[""period_id"", ""current_empleado""]",current employee + effective faculty + object + organization/legal entity + portfolio/tournament; UNPROVEN,write_or_effect_candidate,trusted human approval of exact draft/version/amount/currency/destination/digest; recheck at commit,scoped source IDs/version and redacted durable receipt; writes need canonical transactional dedup + postcondition,"[""role/object/company deny"", ""revoked/expired"", ""isolation"", ""read purity"", ""exact confirmation/version"", ""retry/crash/no duplicates"", ""verified receipt""]",DISABLED; CANONICAL_SCOPE_UNPROVEN; route presence is not adapter or UI parity proof
8458170403b7,src/devnous/gastos/routes/user_routes.py,9862,nomina_prenomina_export,GET,"[""/admin/nomina/prenomina/export""]",/admin/nomina/prenomina/export,"[""GET""]","[{""prefix"": """", ""evidence"": ""copa_telmex_dashboard.py:2240"", ""status"": ""include_router_static; conditional/runtime execution unverified""}]",[],[],"[{""key"": ""admin.root"", ""roles"": [""admin"", ""superadmin"", ""super_admin""], ""actions"": [""ver""], ""evidence"": ""src/devnous/gastos/services/access_control_service.py:125""}, {""key"": ""admin.nomina"", ""roles"": [""finanzas"", ""admin"", ""superadmin"", ""super_admin""], ""actions"": [""ver"", ""crear"", ""editar"", ""exportar"", ""administrar""], ""evidence"": ""src/devnous/gastos/services/access_control_service.py:310""}]","UNPROVEN: guards/dependencies are evidence, not a complete effective-role matrix",accounting,live_entrypoint_static,"[""require_admin_finanzas()""]",ROUTE OWNER ONLY; service authority unproven: src/devnous/gastos/routes/user_routes.py:nomina_prenomina_export,[],accounting_nomina_prenomina_export_get_845817,accounting:read; never grants business authority,"[""period_id"", ""current_empleado""]",current employee + effective faculty + object + organization/legal entity + portfolio/tournament; UNPROVEN,read_candidate; side effects NOT verified,none only after read-purity proof,scoped source IDs/version and redacted durable receipt; writes need canonical transactional dedup + postcondition,"[""role/object/company deny"", ""revoked/expired"", ""isolation"", ""read purity""]",DISABLED; CANONICAL_SCOPE_UNPROVEN; route presence is not adapter or UI parity proof
2c9803c92a3b,src/devnous/gastos/routes/user_routes.py,9916,nomina_prenomina_pagos_export,GET,"[""/admin/nomina/prenomina/pagos/export""]",/admin/nomina/prenomina/pagos/export,"[""GET""]","[{""prefix"": """", ""evidence"": ""copa_telmex_dashboard.py:2240"", ""status"": ""include_router_static; conditional/runtime execution unverified""}]",[],[],"[{""key"": ""admin.root"", ""roles"": [""admin"", ""superadmin"", ""super_admin""], ""actions"": [""ver""], ""evidence"": ""src/devnous/gastos/services/access_control_service.py:125""}, {""key"": ""admin.nomina"", ""roles"": [""finanzas"", ""admin"", ""superadmin"", ""super_admin""], ""actions"": [""ver"", ""crear"", ""editar"", ""exportar"", ""administrar""], ""evidence"": ""src/devnous/gastos/services/access_control_service.py:310""}]","UNPROVEN: guards/dependencies are evidence, not a complete effective-role matrix",payments,live_entrypoint_static,"[""require_admin_finanzas()""]",ROUTE OWNER ONLY; service authority unproven: src/devnous/gastos/routes/user_routes.py:nomina_prenomina_pagos_export,"[""build_payment_instructions_for_run""]",payments_nomina_prenomina_pagos_export_get_2c9803,payments:read; never grants business authority,"[""period_id"", ""current_empleado""]",current employee + effective faculty + object + organization/legal entity + portfolio/tournament; UNPROVEN,read_candidate; side effects NOT verified,none only after read-purity proof,scoped source IDs/version and redacted durable receipt; writes need canonical transactional dedup + postcondition,"[""role/object/company deny"", ""revoked/expired"", ""isolation"", ""read purity""]",DISABLED; CANONICAL_SCOPE_UNPROVEN; route presence is not adapter or UI parity proof
b62e52cdeda8,src/devnous/gastos/routes/user_routes.py,9960,nomina_prenomina_mapping_export,GET,"[""/admin/nomina/prenomina/mapping/export""]",/admin/nomina/prenomina/mapping/export,"[""GET""]","[{""prefix"": """", ""evidence"": ""copa_telmex_dashboard.py:2240"", ""status"": ""include_router_static; conditional/runtime execution unverified""}]",[],[],"[{""key"": ""admin.root"", ""roles"": [""admin"", ""superadmin"", ""super_admin""], ""actions"": [""ver""], ""evidence"": ""src/devnous/gastos/services/access_control_service.py:125""}, {""key"": ""admin.nomina"", ""roles"": [""finanzas"", ""admin"", ""superadmin"", ""super_admin""], ""actions"": [""ver"", ""crear"", ""editar"", ""exportar"", ""administrar""], ""evidence"": ""src/devnous/gastos/services/access_control_service.py:310""}]","UNPROVEN: guards/dependencies are evidence, not a complete effective-role matrix",accounting,live_entrypoint_static,"[""require_admin_finanzas()""]",ROUTE OWNER ONLY; service authority unproven: src/devnous/gastos/routes/user_routes.py:nomina_prenomina_mapping_export,[],accounting_nomina_prenomina_mapping_export_get_b62e52,accounting:read; never grants business authority,"[""run_id"", ""current_empleado""]",current employee + effective faculty + object + organization/legal entity + portfolio/tournament; UNPROVEN,read_candidate; side effects NOT verified,none only after read-purity proof,scoped source IDs/version and redacted durable receipt; writes need canonical transactional dedup + postcondition,"[""role/object/company deny"", ""revoked/expired"", ""isolation"", ""read purity""]",DISABLED; CANONICAL_SCOPE_UNPROVEN; route presence is not adapter or UI parity proof
ad008fb9fae2,src/devnous/gastos/routes/user_routes.py,9999,nomina_prenomina_recibo_view,GET,"[""/admin/nomina/prenomina/recibo""]",/admin/nomina/prenomina/recibo,"[""GET""]","[{""prefix"": """", ""evidence"": ""copa_telmex_dashboard.py:2240"", ""status"": ""include_router_static; conditional/runtime execution unverified""}]",[],[],"[{""key"": ""admin.root"", ""roles"": [""admin"", ""superadmin"", ""super_admin""], ""actions"": [""ver""], ""evidence"": ""src/devnous/gastos/services/access_control_service.py:125""}, {""key"": ""admin.nomina"", ""roles"": [""finanzas"", ""admin"", ""superadmin"", ""super_admin""], ""actions"": [""ver"", ""crear"", ""editar"", ""exportar"", ""administrar""], ""evidence"": ""src/devnous/gastos/services/access_control_service.py:310""}]","UNPROVEN: guards/dependencies are evidence, not a complete effective-role matrix",accounting,live_entrypoint_static,"[""require_admin_finanzas()""]",ROUTE OWNER ONLY; service authority unproven: src/devnous/gastos/routes/user_routes.py:nomina_prenomina_recibo_view,"[""build_payroll_cfdi_projection""]",accounting_nomina_prenomina_recibo_view_get_ad008f,accounting:read; never grants business authority,"[""run_line_id"", ""current_empleado""]",current employee + effective faculty + object + organization/legal entity + portfolio/tournament; UNPROVEN,read_candidate; side effects NOT verified,none only after read-purity proof,scoped source IDs/version and redacted durable receipt; writes need canonical transactional dedup + postcondition,"[""role/object/company deny"", ""revoked/expired"", ""isolation"", ""read purity""]",DISABLED; CANONICAL_SCOPE_UNPROVEN; route presence is not adapter or UI parity proof
b1fa7ced5e18,src/devnous/gastos/routes/user_routes.py,10256,nomina_prenomina_generar_poliza,POST,"[""/admin/nomina/prenomina/poliza/generar""]",/admin/nomina/prenomina/poliza/generar,"[""POST""]","[{""prefix"": """", ""evidence"": ""copa_telmex_dashboard.py:2240"", ""status"": ""include_router_static; conditional/runtime execution unverified""}]",[],[],"[{""key"": ""admin.root"", ""roles"": [""admin"", ""superadmin"", ""super_admin""], ""actions"": [""ver""], ""evidence"": ""src/devnous/gastos/services/access_control_service.py:125""}, {""key"": ""admin.nomina"", ""roles"": [""finanzas"", ""admin"", ""superadmin"", ""super_admin""], ""actions"": [""ver"", ""crear"", ""editar"", ""exportar"", ""administrar""], ""evidence"": ""src/devnous/gastos/services/access_control_service.py:310""}]","UNPROVEN: guards/dependencies are evidence, not a complete effective-role matrix",accounting,live_entrypoint_static,"[""require_admin_finanzas()""]",ROUTE OWNER ONLY; service authority unproven: src/devnous/gastos/routes/user_routes.py:nomina_prenomina_generar_poliza,[],accounting_nomina_prenomina_generar_poliza_post_b1fa7c,accounting:write; never grants business authority,"[""run_id"", ""current_empleado""]",current employee + effective faculty + object + organization/legal entity + portfolio/tournament; UNPROVEN,write_or_effect_candidate,trusted human approval of exact draft/version/amount/currency/destination/digest; recheck at commit,scoped source IDs/version and redacted durable receipt; writes need canonical transactional dedup + postcondition,"[""role/object/company deny"", ""revoked/expired"", ""isolation"", ""read purity"", ""exact confirmation/version"", ""retry/crash/no duplicates"", ""verified receipt""]",DISABLED; CANONICAL_SCOPE_UNPROVEN; route presence is not adapter or UI parity proof
42f2acf55b19,src/devnous/gastos/routes/user_routes.py,10305,nomina_periodos_cerrar,POST,"[""/admin/nomina/periodos/cerrar""]",/admin/nomina/periodos/cerrar,"[""POST""]","[{""prefix"": """", ""evidence"": ""copa_telmex_dashboard.py:2240"", ""status"": ""include_router_static; conditional/runtime execution unverified""}]",[],[],"[{""key"": ""admin.root"", ""roles"": [""admin"", ""superadmin"", ""super_admin""], ""actions"": [""ver""], ""evidence"": ""src/devnous/gastos/services/access_control_service.py:125""}, {""key"": ""admin.nomina"", ""roles"": [""finanzas"", ""admin"", ""superadmin"", ""super_admin""], ""actions"": [""ver"", ""crear"", ""editar"", ""exportar"", ""administrar""], ""evidence"": ""src/devnous/gastos/services/access_control_service.py:310""}]","UNPROVEN: guards/dependencies are evidence, not a complete effective-role matrix",accounting,live_entrypoint_static,"[""require_admin_finanzas()""]",ROUTE OWNER ONLY; service authority unproven: src/devnous/gastos/routes/user_routes.py:nomina_periodos_cerrar,[],accounting_nomina_periodos_cerrar_post_42f2ac,accounting:write; never grants business authority,"[""period_id"", ""current_empleado""]",current employee + effective faculty + object + organization/legal entity + portfolio/tournament; UNPROVEN,write_or_effect_candidate,trusted human approval of exact draft/version/amount/currency/destination/digest; recheck at commit,scoped source IDs/version and redacted durable receipt; writes need canonical transactional dedup + postcondition,"[""role/object/company deny"", ""revoked/expired"", ""isolation"", ""read purity"", ""exact confirmation/version"", ""retry/crash/no duplicates"", ""verified receipt""]",DISABLED; CANONICAL_SCOPE_UNPROVEN; route presence is not adapter or UI parity proof
20e2c0c72ee2,src/devnous/gastos/routes/user_routes.py,10328,nomina_beneficios_view,GET,"[""/admin/nomina/beneficios""]",/admin/nomina/beneficios,"[""GET""]","[{""prefix"": """", ""evidence"": ""copa_telmex_dashboard.py:2240"", ""status"": ""include_router_static; conditional/runtime execution unverified""}]",[],[],"[{""key"": ""admin.root"", ""roles"": [""admin"", ""superadmin"", ""super_admin""], ""actions"": [""ver""], ""evidence"": ""src/devnous/gastos/services/access_control_service.py:125""}, {""key"": ""admin.nomina"", ""roles"": [""finanzas"", ""admin"", ""superadmin"", ""super_admin""], ""actions"": [""ver"", ""crear"", ""editar"", ""exportar"", ""administrar""], ""evidence"": ""src/devnous/gastos/services/access_control_service.py:310""}]","UNPROVEN: guards/dependencies are evidence, not a complete effective-role matrix",accounting,live_entrypoint_static,"[""' '.join([concept.concept_key or '', concept.name or '', concept.tax_group or '', json.dumps(concept.aliases_json or [], ensure_ascii=False)]).lower()"", ""require_admin_finanzas()""]",ROUTE OWNER ONLY; service authority unproven: src/devnous/gastos/routes/user_routes.py:nomina_beneficios_view,[],accounting_nomina_beneficios_view_get_20e2c0,accounting:read; never grants business authority,"[""current_empleado"", ""tax_group"", ""q""]",current employee + effective faculty + object + organization/legal entity + portfolio/tournament; UNPROVEN,read_candidate; side effects NOT verified,none only after read-purity proof,scoped source IDs/version and redacted durable receipt; writes need canonical transactional dedup + postcondition,"[""role/object/company deny"", ""revoked/expired"", ""isolation"", ""read purity""]",DISABLED; CANONICAL_SCOPE_UNPROVEN; route presence is not adapter or UI parity proof
646cf62c0640,src/devnous/gastos/routes/user_routes.py,10475,nomina_beneficios_update,POST,"[""/admin/nomina/beneficios/{rule_id}""]",/admin/nomina/beneficios/{rule_id},"[""POST""]","[{""prefix"": """", ""evidence"": ""copa_telmex_dashboard.py:2240"", ""status"": ""include_router_static; conditional/runtime execution unverified""}]",[],[],"[{""key"": ""admin.root"", ""roles"": [""admin"", ""superadmin"", ""super_admin""], ""actions"": [""ver""], ""evidence"": ""src/devnous/gastos/services/access_control_service.py:125""}, {""key"": ""admin.nomina"", ""roles"": [""finanzas"", ""admin"", ""superadmin"", ""super_admin""], ""actions"": [""ver"", ""crear"", ""editar"", ""exportar"", ""administrar""], ""evidence"": ""src/devnous/gastos/services/access_control_service.py:310""}]","UNPROVEN: guards/dependencies are evidence, not a complete effective-role matrix",accounting,live_entrypoint_static,"[""(sbc_requires_employee_copay_percent_at_least or '').strip()"", ""require_admin_finanzas()""]",ROUTE OWNER ONLY; service authority unproven: src/devnous/gastos/routes/user_routes.py:nomina_beneficios_update,"[""session.commit""]",accounting_nomina_beneficios_update_post_646cf6,accounting:write; never grants business authority,"[""rule_id"", ""isr_requires_generality"", ""isr_requires_documented_plan"", ""isr_requires_authorized_delivery_channel"", ""sbc_requires_generality"", ""sbc_requires_documented_plan"", ""sbc_requires_employee_copay_percent_at_least"", ""classification_warning"", ""current_empleado""]",current employee + effective faculty + object + organization/legal entity + portfolio/tournament; UNPROVEN,write_or_effect_candidate,trusted human approval of exact draft/version/amount/currency/destination/digest; recheck at commit,scoped source IDs/version and redacted durable receipt; writes need canonical transactional dedup + postcondition,"[""role/object/company deny"", ""revoked/expired"", ""isolation"", ""read purity"", ""exact confirmation/version"", ""retry/crash/no duplicates"", ""verified receipt""]",DISABLED; CANONICAL_SCOPE_UNPROVEN; route presence is not adapter or UI parity proof
6403edb7eabd,src/devnous/gastos/routes/user_routes.py,11337,employee_bank_accounts_for_beneficiary,GET,"[""/api/empleados/{beneficiario_id}/cuentas-bancarias""]",/api/empleados/{beneficiario_id}/cuentas-bancarias,"[""GET""]","[{""prefix"": """", ""evidence"": ""copa_telmex_dashboard.py:2240"", ""status"": ""include_router_static; conditional/runtime execution unverified""}]",[],[],[],"UNPROVEN: guards/dependencies are evidence, not a complete effective-role matrix",identity,live_entrypoint_static,"[""_beneficiary_selection_allowed(current_empleado, beneficiario)""]",ROUTE OWNER ONLY; service authority unproven: src/devnous/gastos/routes/user_routes.py:employee_bank_accounts_for_beneficiary,[],identity_employee_bank_accounts_for_beneficiary_get_6403ed,identity:read; never grants business authority,"[""beneficiario_id"", ""current_empleado""]",current employee + effective faculty + object + organization/legal entity + portfolio/tournament; UNPROVEN,read_candidate; side effects NOT verified,none only after read-purity proof,scoped source IDs/version and redacted durable receipt; writes need canonical transactional dedup + postcondition,"[""role/object/company deny"", ""revoked/expired"", ""isolation"", ""read purity""]",DISABLED; CANONICAL_SCOPE_UNPROVEN; route presence is not adapter or UI parity proof
c28af348df89,src/devnous/gastos/routes/user_routes.py,12359,api_cantidad_en_letra,GET,"[""/api/cantidad-en-letra""]",/api/cantidad-en-letra,"[""GET""]","[{""prefix"": """", ""evidence"": ""copa_telmex_dashboard.py:2240"", ""status"": ""include_router_static; conditional/runtime execution unverified""}]",[],[],[],"UNPROVEN: guards/dependencies are evidence, not a complete effective-role matrix",documents_and_other,live_entrypoint_static,"[""NO_LOCAL_GUARD_FOUND; inherited/middleware review required""]",ROUTE OWNER ONLY; service authority unproven: src/devnous/gastos/routes/user_routes.py:api_cantidad_en_letra,[],documents_and_other_api_cantidad_en_letra_get_c28af3,documents_and_other:read; never grants business authority,"[""monto"", ""currency"", ""current_empleado""]",current employee + effective faculty + object + organization/legal entity + portfolio/tournament; UNPROVEN,read_candidate; side effects NOT verified,none only after read-purity proof,scoped source IDs/version and redacted durable receipt; writes need canonical transactional dedup + postcondition,"[""role/object/company deny"", ""revoked/expired"", ""isolation"", ""read purity""]",DISABLED; CANONICAL_SCOPE_UNPROVEN; route presence is not adapter or UI parity proof
84aef8833566,src/devnous/gastos/routes/user_routes.py,12616,api_customer_success_heartbeat,POST,"[""/api/customer-success/heartbeat""]",/api/customer-success/heartbeat,"[""POST""]","[{""prefix"": """", ""evidence"": ""copa_telmex_dashboard.py:2240"", ""status"": ""include_router_static; conditional/runtime execution unverified""}]",[],[],[],"UNPROVEN: guards/dependencies are evidence, not a complete effective-role matrix",documents_and_other,live_entrypoint_static,"[""NO_LOCAL_GUARD_FOUND; inherited/middleware review required""]",ROUTE OWNER ONLY; service authority unproven: src/devnous/gastos/routes/user_routes.py:api_customer_success_heartbeat,[],documents_and_other_api_customer_success_heartbeat_post_84aef8,documents_and_other:write; never grants business authority,"[""current_empleado""]",current employee + effective faculty + object + organization/legal entity + portfolio/tournament; UNPROVEN,write_or_effect_candidate,trusted human approval of exact draft/version/amount/currency/destination/digest; recheck at commit,scoped source IDs/version and redacted durable receipt; writes need canonical transactional dedup + postcondition,"[""role/object/company deny"", ""revoked/expired"", ""isolation"", ""read purity"", ""exact confirmation/version"", ""retry/crash/no duplicates"", ""verified receipt""]",DISABLED; CANONICAL_SCOPE_UNPROVEN; route presence is not adapter or UI parity proof
dab03588566f,src/devnous/gastos/routes/user_routes.py,13469,panel_cambiar_contrasena_form,GET,"[""/panel/cambiar-contrasena""]",/panel/cambiar-contrasena,"[""GET""]","[{""prefix"": """", ""evidence"": ""copa_telmex_dashboard.py:2240"", ""status"": ""include_router_static; conditional/runtime execution unverified""}]",[],[],"[{""key"": ""panel.home"", ""roles"": [""empleado"", ""coordinador"", ""finanzas"", ""admin"", ""superadmin""], ""actions"": [""ver""], ""evidence"": ""src/devnous/gastos/services/access_control_service.py:57""}]","UNPROVEN: guards/dependencies are evidence, not a complete effective-role matrix",documents_and_other,live_entrypoint_static,"[""NO_LOCAL_GUARD_FOUND; inherited/middleware review required""]",ROUTE OWNER ONLY; service authority unproven: src/devnous/gastos/routes/user_routes.py:panel_cambiar_contrasena_form,[],documents_and_other_panel_cambiar_contrasena_form_get_dab035,documents_and_other:read; never grants business authority,"[""current_empleado"", ""error_msg"", ""ok""]",current employee + effective faculty + object + organization/legal entity + portfolio/tournament; UNPROVEN,read_candidate; side effects NOT verified,none only after read-purity proof,scoped source IDs/version and redacted durable receipt; writes need canonical transactional dedup + postcondition,"[""role/object/company deny"", ""revoked/expired"", ""isolation"", ""read purity""]",DISABLED; CANONICAL_SCOPE_UNPROVEN; route presence is not adapter or UI parity proof
5a358626927c,src/devnous/gastos/routes/user_routes.py,13581,panel_telegram_console,GET,"[""/panel/telegram-console""]",/panel/telegram-console,"[""GET""]","[{""prefix"": """", ""evidence"": ""copa_telmex_dashboard.py:2240"", ""status"": ""include_router_static; conditional/runtime execution unverified""}]",[],[],"[{""key"": ""panel.home"", ""roles"": [""empleado"", ""coordinador"", ""finanzas"", ""admin"", ""superadmin""], ""actions"": [""ver""], ""evidence"": ""src/devnous/gastos/services/access_control_service.py:57""}, {""key"": ""panel.telegram"", ""roles"": [""empleado"", ""coordinador"", ""finanzas"", ""admin"", ""superadmin""], ""actions"": [""ver""], ""evidence"": ""src/devnous/gastos/services/access_control_service.py:73""}]","UNPROVEN: guards/dependencies are evidence, not a complete effective-role matrix",documents_and_other,live_entrypoint_static,"[""(current_empleado.rol or '').strip()"", ""(current_empleado.rol or '').strip().lower()""]",ROUTE OWNER ONLY; service authority unproven: src/devnous/gastos/routes/user_routes.py:panel_telegram_console,"[""is_telegram_document_approver_role""]",documents_and_other_panel_telegram_console_get_5a3586,documents_and_other:read; never grants business authority,"[""current_empleado""]",current employee + effective faculty + object + organization/legal entity + portfolio/tournament; UNPROVEN,read_candidate; side effects NOT verified,none only after read-purity proof,scoped source IDs/version and redacted durable receipt; writes need canonical transactional dedup + postcondition,"[""role/object/company deny"", ""revoked/expired"", ""isolation"", ""read purity""]",DISABLED; CANONICAL_SCOPE_UNPROVEN; route presence is not adapter or UI parity proof
1f41e8c1bc05,src/devnous/gastos/routes/user_routes.py,14122,panel_telegram_console_send_pending,POST,"[""/panel/telegram-console/enviar-pendientes""]",/panel/telegram-console/enviar-pendientes,"[""POST""]","[{""prefix"": """", ""evidence"": ""copa_telmex_dashboard.py:2240"", ""status"": ""include_router_static; conditional/runtime execution unverified""}]",[],[],"[{""key"": ""panel.home"", ""roles"": [""empleado"", ""coordinador"", ""finanzas"", ""admin"", ""superadmin""], ""actions"": [""ver""], ""evidence"": ""src/devnous/gastos/services/access_control_service.py:57""}, {""key"": ""panel.telegram"", ""roles"": [""empleado"", ""coordinador"", ""finanzas"", ""admin"", ""superadmin""], ""actions"": [""ver""], ""evidence"": ""src/devnous/gastos/services/access_control_service.py:73""}]","UNPROVEN: guards/dependencies are evidence, not a complete effective-role matrix",documents_and_other,live_entrypoint_static,"[""(current_empleado.rol or '').strip()"", ""(current_empleado.rol or '').strip().lower()""]",ROUTE OWNER ONLY; service authority unproven: src/devnous/gastos/routes/user_routes.py:panel_telegram_console_send_pending,[],documents_and_other_panel_telegram_console_send_pending__1f41e8,documents_and_other:write; never grants business authority,"[""current_empleado""]",current employee + effective faculty + object + organization/legal entity + portfolio/tournament; UNPROVEN,write_or_effect_candidate,trusted human approval of exact draft/version/amount/currency/destination/digest; recheck at commit,scoped source IDs/version and redacted durable receipt; writes need canonical transactional dedup + postcondition,"[""role/object/company deny"", ""revoked/expired"", ""isolation"", ""read purity"", ""exact confirmation/version"", ""retry/crash/no duplicates"", ""verified receipt""]",DISABLED; CANONICAL_SCOPE_UNPROVEN; route presence is not adapter or UI parity proof
eb6cba43dc71,src/devnous/gastos/routes/user_routes.py,14142,panel_telegram_status,GET,"[""/panel/telegram-status""]",/panel/telegram-status,"[""GET""]","[{""prefix"": """", ""evidence"": ""copa_telmex_dashboard.py:2240"", ""status"": ""include_router_static; conditional/runtime execution unverified""}]",[],[],"[{""key"": ""panel.home"", ""roles"": [""empleado"", ""coordinador"", ""finanzas"", ""admin"", ""superadmin""], ""actions"": [""ver""], ""evidence"": ""src/devnous/gastos/services/access_control_service.py:57""}, {""key"": ""panel.telegram"", ""roles"": [""empleado"", ""coordinador"", ""finanzas"", ""admin"", ""superadmin""], ""actions"": [""ver""], ""evidence"": ""src/devnous/gastos/services/access_control_service.py:73""}]","UNPROVEN: guards/dependencies are evidence, not a complete effective-role matrix",documents_and_other,live_entrypoint_static,"[""NO_LOCAL_GUARD_FOUND; inherited/middleware review required""]",ROUTE OWNER ONLY; service authority unproven: src/devnous/gastos/routes/user_routes.py:panel_telegram_status,[],documents_and_other_panel_telegram_status_get_eb6cba,documents_and_other:read; never grants business authority,"[""current_empleado""]",current employee + effective faculty + object + organization/legal entity + portfolio/tournament; UNPROVEN,read_candidate; side effects NOT verified,none only after read-purity proof,scoped source IDs/version and redacted durable receipt; writes need canonical transactional dedup + postcondition,"[""role/object/company deny"", ""revoked/expired"", ""isolation"", ""read purity""]",DISABLED; CANONICAL_SCOPE_UNPROVEN; route presence is not adapter or UI parity proof
c551ab8941b7,src/devnous/gastos/routes/user_routes.py,14320,panel_mi_telegram_form,GET,"[""/panel/mi-telegram""]",/panel/mi-telegram,"[""GET""]","[{""prefix"": """", ""evidence"": ""copa_telmex_dashboard.py:2240"", ""status"": ""include_router_static; conditional/runtime execution unverified""}]",[],[],"[{""key"": ""panel.home"", ""roles"": [""empleado"", ""coordinador"", ""finanzas"", ""admin"", ""superadmin""], ""actions"": [""ver""], ""evidence"": ""src/devnous/gastos/services/access_control_service.py:57""}, {""key"": ""panel.telegram"", ""roles"": [""empleado"", ""coordinador"", ""finanzas"", ""admin"", ""superadmin""], ""actions"": [""ver""], ""evidence"": ""src/devnous/gastos/services/access_control_service.py:73""}]","UNPROVEN: guards/dependencies are evidence, not a complete effective-role matrix",documents_and_other,live_entrypoint_static,"[""NO_LOCAL_GUARD_FOUND; inherited/middleware review required""]",ROUTE OWNER ONLY; service authority unproven: src/devnous/gastos/routes/user_routes.py:panel_mi_telegram_form,[],documents_and_other_panel_mi_telegram_form_get_c551ab,documents_and_other:read; never grants business authority,"[""current_empleado"", ""error_msg"", ""ok""]",current employee + effective faculty + object + organization/legal entity + portfolio/tournament; UNPROVEN,read_candidate; side effects NOT verified,none only after read-purity proof,scoped source IDs/version and redacted durable receipt; writes need canonical transactional dedup + postcondition,"[""role/object/company deny"", ""revoked/expired"", ""isolation"", ""read purity""]",DISABLED; CANONICAL_SCOPE_UNPROVEN; route presence is not adapter or UI parity proof
ebd9917b1a81,src/devnous/gastos/routes/user_routes.py,14437,panel_mi_telegram_post,POST,"[""/panel/mi-telegram""]",/panel/mi-telegram,"[""POST""]","[{""prefix"": """", ""evidence"": ""copa_telmex_dashboard.py:2240"", ""status"": ""include_router_static; conditional/runtime execution unverified""}]",[],[],"[{""key"": ""panel.home"", ""roles"": [""empleado"", ""coordinador"", ""finanzas"", ""admin"", ""superadmin""], ""actions"": [""ver""], ""evidence"": ""src/devnous/gastos/services/access_control_service.py:57""}, {""key"": ""panel.telegram"", ""roles"": [""empleado"", ""coordinador"", ""finanzas"", ""admin"", ""superadmin""], ""actions"": [""ver""], ""evidence"": ""src/devnous/gastos/services/access_control_service.py:73""}]","UNPROVEN: guards/dependencies are evidence, not a complete effective-role matrix",documents_and_other,live_entrypoint_static,"[""NO_LOCAL_GUARD_FOUND; inherited/middleware review required""]",ROUTE OWNER ONLY; service authority unproven: src/devnous/gastos/routes/user_routes.py:panel_mi_telegram_post,"[""_parse_telegram_user_id_self_service"", ""session.commit""]",documents_and_other_panel_mi_telegram_post_post_ebd991,documents_and_other:write; never grants business authority,"[""current_empleado"", ""telegram_user_id""]",current employee + effective faculty + object + organization/legal entity + portfolio/tournament; UNPROVEN,write_or_effect_candidate,trusted human approval of exact draft/version/amount/currency/destination/digest; recheck at commit,scoped source IDs/version and redacted durable receipt; writes need canonical transactional dedup + postcondition,"[""role/object/company deny"", ""revoked/expired"", ""isolation"", ""read purity"", ""exact confirmation/version"", ""retry/crash/no duplicates"", ""verified receipt""]",DISABLED; CANONICAL_SCOPE_UNPROVEN; route presence is not adapter or UI parity proof
19d953b327ab,src/devnous/gastos/routes/user_routes.py,14714,beneficiary_onboarding_new_form,GET,"[""/beneficiarios/altas/nueva""]",/beneficiarios/altas/nueva,"[""GET""]","[{""prefix"": """", ""evidence"": ""copa_telmex_dashboard.py:2240"", ""status"": ""include_router_static; conditional/runtime execution unverified""}]",[],[],[],"UNPROVEN: guards/dependencies are evidence, not a complete effective-role matrix",documents_and_other,live_entrypoint_static,"[""NO_LOCAL_GUARD_FOUND; inherited/middleware review required""]",ROUTE OWNER ONLY; service authority unproven: src/devnous/gastos/routes/user_routes.py:beneficiary_onboarding_new_form,[],documents_and_other_beneficiary_onboarding_new_form_get_19d953,documents_and_other:read; never grants business authority,"[""current_empleado""]",current employee + effective faculty + object + organization/legal entity + portfolio/tournament; UNPROVEN,read_candidate; side effects NOT verified,none only after read-purity proof,scoped source IDs/version and redacted durable receipt; writes need canonical transactional dedup + postcondition,"[""role/object/company deny"", ""revoked/expired"", ""isolation"", ""read purity""]",DISABLED; CANONICAL_SCOPE_UNPROVEN; route presence is not adapter or UI parity proof
b59d0dcedfc3,src/devnous/gastos/routes/user_routes.py,14943,beneficiary_onboarding_create,POST,"[""/beneficiarios/altas/nueva""]",/beneficiarios/altas/nueva,"[""POST""]","[{""prefix"": """", ""evidence"": ""copa_telmex_dashboard.py:2240"", ""status"": ""include_router_static; conditional/runtime execution unverified""}]",[],[],[],"UNPROVEN: guards/dependencies are evidence, not a complete effective-role matrix",documents_and_other,live_entrypoint_static,"[""NO_LOCAL_GUARD_FOUND; inherited/middleware review required""]",ROUTE OWNER ONLY; service authority unproven: src/devnous/gastos/routes/user_routes.py:beneficiary_onboarding_create,[],documents_and_other_beneficiary_onboarding_create_post_b59d0d,documents_and_other:write; never grants business authority,"[""current_empleado"", ""target_tipo"", ""nombre"", ""rfc"", ""banco"", ""cuenta_clabe"", ""cuenta_bancaria"", ""entidad_region"", ""empleado_id"", ""torneo_id"", ""provider_person_type"", ""participant_age_group"", ""notas"", ""constancia_situacion_fiscal"", ""comprobante_domicilio_fiscal_comercial"", ""ine_apoderado_legal"", ""contrato_convenio_plataforma"", ""ine_titular_constancia"", ""ine_colaborador_externo"", ""contrato_plataforma"", ""ine_participante"", ""ine_tutor"", ""credencial_participante"", ""caratula_estado_cuenta"", ""expediente_atencion_medica""]",current employee + effective faculty + object + organization/legal entity + portfolio/tournament; UNPROVEN,write_or_effect_candidate,trusted human approval of exact draft/version/amount/currency/destination/digest; recheck at commit,scoped source IDs/version and redacted durable receipt; writes need canonical transactional dedup + postcondition,"[""role/object/company deny"", ""revoked/expired"", ""isolation"", ""read purity"", ""exact confirmation/version"", ""retry/crash/no duplicates"", ""verified receipt""]",DISABLED; CANONICAL_SCOPE_UNPROVEN; route presence is not adapter or UI parity proof
4212a03cab6e,src/devnous/gastos/routes/user_routes.py,15045,beneficiary_onboarding_mine,GET,"[""/beneficiarios/altas""]",/beneficiarios/altas,"[""GET""]","[{""prefix"": """", ""evidence"": ""copa_telmex_dashboard.py:2240"", ""status"": ""include_router_static; conditional/runtime execution unverified""}]",[],[],[],"UNPROVEN: guards/dependencies are evidence, not a complete effective-role matrix",documents_and_other,live_entrypoint_static,"[""NO_LOCAL_GUARD_FOUND; inherited/middleware review required""]",ROUTE OWNER ONLY; service authority unproven: src/devnous/gastos/routes/user_routes.py:beneficiary_onboarding_mine,[],documents_and_other_beneficiary_onboarding_mine_get_4212a0,documents_and_other:read; never grants business authority,"[""current_empleado""]",current employee + effective faculty + object + organization/legal entity + portfolio/tournament; UNPROVEN,read_candidate; side effects NOT verified,none only after read-purity proof,scoped source IDs/version and redacted durable receipt; writes need canonical transactional dedup + postcondition,"[""role/object/company deny"", ""revoked/expired"", ""isolation"", ""read purity""]",DISABLED; CANONICAL_SCOPE_UNPROVEN; route presence is not adapter or UI parity proof
0f646d85a876,src/devnous/gastos/routes/user_routes.py,15063,beneficiary_onboarding_area_queue,GET,"[""/beneficiarios/altas/area""]",/beneficiarios/altas/area,"[""GET""]","[{""prefix"": """", ""evidence"": ""copa_telmex_dashboard.py:2240"", ""status"": ""include_router_static; conditional/runtime execution unverified""}]",[],[],[],"UNPROVEN: guards/dependencies are evidence, not a complete effective-role matrix",documents_and_other,live_entrypoint_static,"[""NO_LOCAL_GUARD_FOUND; inherited/middleware review required""]",ROUTE OWNER ONLY; service authority unproven: src/devnous/gastos/routes/user_routes.py:beneficiary_onboarding_area_queue,[],documents_and_other_beneficiary_onboarding_area_queue_ge_0f646d,documents_and_other:read; never grants business authority,"[""current_empleado""]",current employee + effective faculty + object + organization/legal entity + portfolio/tournament; UNPROVEN,read_candidate; side effects NOT verified,none only after read-purity proof,scoped source IDs/version and redacted durable receipt; writes need canonical transactional dedup + postcondition,"[""role/object/company deny"", ""revoked/expired"", ""isolation"", ""read purity""]",DISABLED; CANONICAL_SCOPE_UNPROVEN; route presence is not adapter or UI parity proof
d3d8ee65d634,src/devnous/gastos/routes/user_routes.py,15081,beneficiary_onboarding_area_action,POST,"[""/beneficiarios/altas/{request_id}/area/{action}""]",/beneficiarios/altas/{request_id}/area/{action},"[""POST""]","[{""prefix"": """", ""evidence"": ""copa_telmex_dashboard.py:2240"", ""status"": ""include_router_static; conditional/runtime execution unverified""}]",[],[],[],"UNPROVEN: guards/dependencies are evidence, not a complete effective-role matrix",documents_and_other,live_entrypoint_static,"[""NO_LOCAL_GUARD_FOUND; inherited/middleware review required""]",ROUTE OWNER ONLY; service authority unproven: src/devnous/gastos/routes/user_routes.py:beneficiary_onboarding_area_action,"[""approve_beneficiary_onboarding_area"", ""reject_beneficiary_onboarding_area""]",documents_and_other_beneficiary_onboarding_area_action_p_d3d8ee,documents_and_other:write; never grants business authority,"[""request_id"", ""action"", ""comentario"", ""current_empleado""]",current employee + effective faculty + object + organization/legal entity + portfolio/tournament; UNPROVEN,write_or_effect_candidate,trusted human approval of exact draft/version/amount/currency/destination/digest; recheck at commit,scoped source IDs/version and redacted durable receipt; writes need canonical transactional dedup + postcondition,"[""role/object/company deny"", ""revoked/expired"", ""isolation"", ""read purity"", ""exact confirmation/version"", ""retry/crash/no duplicates"", ""verified receipt""]",DISABLED; CANONICAL_SCOPE_UNPROVEN; route presence is not adapter or UI parity proof
5c63e21fc147,src/devnous/gastos/routes/user_routes.py,15110,beneficiary_onboarding_final_queue,GET,"[""/beneficiarios/altas/revision-final""]",/beneficiarios/altas/revision-final,"[""GET""]","[{""prefix"": """", ""evidence"": ""copa_telmex_dashboard.py:2240"", ""status"": ""include_router_static; conditional/runtime execution unverified""}]",[],[],[],"UNPROVEN: guards/dependencies are evidence, not a complete effective-role matrix",documents_and_other,live_entrypoint_static,"[""NO_LOCAL_GUARD_FOUND; inherited/middleware review required""]",ROUTE OWNER ONLY; service authority unproven: src/devnous/gastos/routes/user_routes.py:beneficiary_onboarding_final_queue,[],documents_and_other_beneficiary_onboarding_final_queue_g_5c63e2,documents_and_other:read; never grants business authority,"[""current_empleado""]",current employee + effective faculty + object + organization/legal entity + portfolio/tournament; UNPROVEN,read_candidate; side effects NOT verified,none only after read-purity proof,scoped source IDs/version and redacted durable receipt; writes need canonical transactional dedup + postcondition,"[""role/object/company deny"", ""revoked/expired"", ""isolation"", ""read purity""]",DISABLED; CANONICAL_SCOPE_UNPROVEN; route presence is not adapter or UI parity proof
9553b06a5de9,src/devnous/gastos/routes/user_routes.py,15130,beneficiary_onboarding_final_action,POST,"[""/beneficiarios/altas/{request_id}/final/{action}""]",/beneficiarios/altas/{request_id}/final/{action},"[""POST""]","[{""prefix"": """", ""evidence"": ""copa_telmex_dashboard.py:2240"", ""status"": ""include_router_static; conditional/runtime execution unverified""}]",[],[],[],"UNPROVEN: guards/dependencies are evidence, not a complete effective-role matrix",documents_and_other,live_entrypoint_static,"[""NO_LOCAL_GUARD_FOUND; inherited/middleware review required""]",ROUTE OWNER ONLY; service authority unproven: src/devnous/gastos/routes/user_routes.py:beneficiary_onboarding_final_action,"[""approve_beneficiary_onboarding_final"", ""reject_beneficiary_onboarding_final""]",documents_and_other_beneficiary_onboarding_final_action__9553b0,documents_and_other:write; never grants business authority,"[""request_id"", ""action"", ""comentario"", ""current_empleado""]",current employee + effective faculty + object + organization/legal entity + portfolio/tournament; UNPROVEN,write_or_effect_candidate,trusted human approval of exact draft/version/amount/currency/destination/digest; recheck at commit,scoped source IDs/version and redacted durable receipt; writes need canonical transactional dedup + postcondition,"[""role/object/company deny"", ""revoked/expired"", ""isolation"", ""read purity"", ""exact confirmation/version"", ""retry/crash/no duplicates"", ""verified receipt""]",DISABLED; CANONICAL_SCOPE_UNPROVEN; route presence is not adapter or UI parity proof
d6a62b3c139b,src/devnous/gastos/routes/user_routes.py,15159,beneficiary_onboarding_attachment_download,GET,"[""/beneficiarios/altas/{request_id}/adjuntos/{attachment_id}""]",/beneficiarios/altas/{request_id}/adjuntos/{attachment_id},"[""GET""]","[{""prefix"": """", ""evidence"": ""copa_telmex_dashboard.py:2240"", ""status"": ""include_router_static; conditional/runtime execution unverified""}]",[],[],[],"UNPROVEN: guards/dependencies are evidence, not a complete effective-role matrix",documents_and_other,live_entrypoint_static,"[""can_access_beneficiary_onboarding_request(current_empleado, onboarding_request)""]",ROUTE OWNER ONLY; service authority unproven: src/devnous/gastos/routes/user_routes.py:beneficiary_onboarding_attachment_download,[],documents_and_other_beneficiary_onboarding_attachment_do_d6a62b,documents_and_other:read; never grants business authority,"[""request_id"", ""attachment_id"", ""current_empleado""]",current employee + effective faculty + object + organization/legal entity + portfolio/tournament; UNPROVEN,read_candidate; side effects NOT verified,none only after read-purity proof,scoped source IDs/version and redacted durable receipt; writes need canonical transactional dedup + postcondition,"[""role/object/company deny"", ""revoked/expired"", ""isolation"", ""read purity""]",DISABLED; CANONICAL_SCOPE_UNPROVEN; route presence is not adapter or UI parity proof
542bd171fc47,src/devnous/gastos/routes/user_routes.py,15211,panel_cambiar_contrasena_post,POST,"[""/panel/cambiar-contrasena""]",/panel/cambiar-contrasena,"[""POST""]","[{""prefix"": """", ""evidence"": ""copa_telmex_dashboard.py:2240"", ""status"": ""include_router_static; conditional/runtime execution unverified""}]",[],[],"[{""key"": ""panel.home"", ""roles"": [""empleado"", ""coordinador"", ""finanzas"", ""admin"", ""superadmin""], ""actions"": [""ver""], ""evidence"": ""src/devnous/gastos/services/access_control_service.py:57""}]","UNPROVEN: guards/dependencies are evidence, not a complete effective-role matrix",documents_and_other,live_entrypoint_static,"[""NO_LOCAL_GUARD_FOUND; inherited/middleware review required""]",ROUTE OWNER ONLY; service authority unproven: src/devnous/gastos/routes/user_routes.py:panel_cambiar_contrasena_post,"[""session.commit"", ""validate_self_service_password_change""]",documents_and_other_panel_cambiar_contrasena_post_post_542bd1,documents_and_other:write; never grants business authority,"[""current_empleado"", ""old_password"", ""password"", ""password_confirm""]",current employee + effective faculty + object + organization/legal entity + portfolio/tournament; UNPROVEN,write_or_effect_candidate,trusted human approval of exact draft/version/amount/currency/destination/digest; recheck at commit,scoped source IDs/version and redacted durable receipt; writes need canonical transactional dedup + postcondition,"[""role/object/company deny"", ""revoked/expired"", ""isolation"", ""read purity"", ""exact confirmation/version"", ""retry/crash/no duplicates"", ""verified receipt""]",DISABLED; CANONICAL_SCOPE_UNPROVEN; route presence is not adapter or UI parity proof
127794fd14a0,src/devnous/gastos/routes/user_routes.py,15261,panel_operaciones_console,GET,"[""/panel/operaciones-console""]",/panel/operaciones-console,"[""GET""]","[{""prefix"": """", ""evidence"": ""copa_telmex_dashboard.py:2240"", ""status"": ""include_router_static; conditional/runtime execution unverified""}]","[""src/devnous/gastos/routes/user_routes.py:12654:_can_view_presupuestos""]",[],"[{""key"": ""panel.home"", ""roles"": [""empleado"", ""coordinador"", ""finanzas"", ""admin"", ""superadmin""], ""actions"": [""ver""], ""evidence"": ""src/devnous/gastos/services/access_control_service.py:57""}, {""key"": ""panel.operaciones"", ""roles"": [""finanzas"", ""admin"", ""superadmin"", ""super_admin""], ""actions"": [""ver""], ""evidence"": ""src/devnous/gastos/services/access_control_service.py:65""}]","UNPROVEN: guards/dependencies are evidence, not a complete effective-role matrix",operations,live_entrypoint_static,"[""has_permission(current_empleado, 'operations.folders.read')""]",ROUTE OWNER ONLY; service authority unproven: src/devnous/gastos/routes/user_routes.py:panel_operaciones_console,"[""active_commitment.get"", ""active_commitment_expense.get"", ""build_budget_commitment_expense_preview"", ""build_budget_commitment_expense_preview(item).get"", ""list_budget_tournament_commitments"", ""operations_folder_planner_snapshot_adapter""]",operations_panel_operaciones_console_get_127794,operations:read; never grants business authority,"[""current_empleado"", ""tournament_id"", ""drill_document""]",current employee + effective faculty + object + organization/legal entity + portfolio/tournament; UNPROVEN,read_candidate; side effects NOT verified,none only after read-purity proof,scoped source IDs/version and redacted durable receipt; writes need canonical transactional dedup + postcondition,"[""role/object/company deny"", ""revoked/expired"", ""isolation"", ""read purity""]",DISABLED; CANONICAL_SCOPE_UNPROVEN; route presence is not adapter or UI parity proof
3cc79b81ecb5,src/devnous/gastos/routes/user_routes.py,16078,panel,GET,"[""/panel""]",/panel,"[""GET""]","[{""prefix"": """", ""evidence"": ""copa_telmex_dashboard.py:2240"", ""status"": ""include_router_static; conditional/runtime execution unverified""}]","[""src/devnous/gastos/routes/user_routes.py:12720:_can_review_pending_approvals""]",[],"[{""key"": ""panel.home"", ""roles"": [""empleado"", ""coordinador"", ""finanzas"", ""admin"", ""superadmin""], ""actions"": [""ver""], ""evidence"": ""src/devnous/gastos/services/access_control_service.py:57""}]","UNPROVEN: guards/dependencies are evidence, not a complete effective-role matrix",documents_and_other,live_entrypoint_static,"[""NO_LOCAL_GUARD_FOUND; inherited/middleware review required""]",ROUTE OWNER ONLY; service authority unproven: src/devnous/gastos/routes/user_routes.py:panel,"[""build_link_cards""]",documents_and_other_panel_get_3cc79b,documents_and_other:read; never grants business authority,"[""current_empleado""]",current employee + effective faculty + object + organization/legal entity + portfolio/tournament; UNPROVEN,read_candidate; side effects NOT verified,none only after read-purity proof,scoped source IDs/version and redacted durable receipt; writes need canonical transactional dedup + postcondition,"[""role/object/company deny"", ""revoked/expired"", ""isolation"", ""read purity""]",DISABLED; CANONICAL_SCOPE_UNPROVEN; route presence is not adapter or UI parity proof
54e4d6087e2d,src/devnous/gastos/routes/user_routes.py,16408,mis_gastos,GET,"[""/gastos/mis-gastos""]",/gastos/mis-gastos,"[""GET""]","[{""prefix"": """", ""evidence"": ""copa_telmex_dashboard.py:2240"", ""status"": ""include_router_static; conditional/runtime execution unverified""}]",[],[],"[{""key"": ""gastos.mis_gastos"", ""roles"": [""empleado"", ""coordinador"", ""finanzas"", ""admin"", ""superadmin""], ""actions"": [""ver"", ""crear"", ""editar""], ""evidence"": ""src/devnous/gastos/services/access_control_service.py:107""}]","UNPROVEN: guards/dependencies are evidence, not a complete effective-role matrix",documents_and_other,live_entrypoint_static,"[""NO_LOCAL_GUARD_FOUND; inherited/middleware review required""]",ROUTE OWNER ONLY; service authority unproven: src/devnous/gastos/routes/user_routes.py:mis_gastos,[],documents_and_other_mis_gastos_get_54e4d6,documents_and_other:read; never grants business authority,"[""current_empleado""]",current employee + effective faculty + object + organization/legal entity + portfolio/tournament; UNPROVEN,read_candidate; side effects NOT verified,none only after read-purity proof,scoped source IDs/version and redacted durable receipt; writes need canonical transactional dedup + postcondition,"[""role/object/company deny"", ""revoked/expired"", ""isolation"", ""read purity""]",DISABLED; CANONICAL_SCOPE_UNPROVEN; route presence is not adapter or UI parity proof
42dcd3e26603,src/devnous/gastos/routes/user_routes.py,16426,gastos_empleado,GET,"[""/gastos-empleado""]",/gastos-empleado,"[""GET""]","[{""prefix"": """", ""evidence"": ""copa_telmex_dashboard.py:2240"", ""status"": ""include_router_static; conditional/runtime execution unverified""}]",[],[],[],"UNPROVEN: guards/dependencies are evidence, not a complete effective-role matrix",identity,live_entrypoint_static,"[""NO_LOCAL_GUARD_FOUND; inherited/middleware review required""]",ROUTE OWNER ONLY; service authority unproven: src/devnous/gastos/routes/user_routes.py:gastos_empleado,[],identity_gastos_empleado_get_42dcd3,identity:read; never grants business authority,"[""current_empleado""]",current employee + effective faculty + object + organization/legal entity + portfolio/tournament; UNPROVEN,read_candidate; side effects NOT verified,none only after read-purity proof,scoped source IDs/version and redacted durable receipt; writes need canonical transactional dedup + postcondition,"[""role/object/company deny"", ""revoked/expired"", ""isolation"", ""read purity""]",DISABLED; CANONICAL_SCOPE_UNPROVEN; route presence is not adapter or UI parity proof
3310208cdefe,src/devnous/gastos/routes/user_routes.py,16444,gastos_personales,GET,"[""/gastos-personales""]",/gastos-personales,"[""GET""]","[{""prefix"": """", ""evidence"": ""copa_telmex_dashboard.py:2240"", ""status"": ""include_router_static; conditional/runtime execution unverified""}]",[],[],[],"UNPROVEN: guards/dependencies are evidence, not a complete effective-role matrix",documents_and_other,live_entrypoint_static,"[""NO_LOCAL_GUARD_FOUND; inherited/middleware review required""]",ROUTE OWNER ONLY; service authority unproven: src/devnous/gastos/routes/user_routes.py:gastos_personales,[],documents_and_other_gastos_personales_get_331020,documents_and_other:read; never grants business authority,"[""current_empleado""]",current employee + effective faculty + object + organization/legal entity + portfolio/tournament; UNPROVEN,read_candidate; side effects NOT verified,none only after read-purity proof,scoped source IDs/version and redacted durable receipt; writes need canonical transactional dedup + postcondition,"[""role/object/company deny"", ""revoked/expired"", ""isolation"", ""read purity""]",DISABLED; CANONICAL_SCOPE_UNPROVEN; route presence is not adapter or UI parity proof
46531171ac8f,src/devnous/gastos/routes/user_routes.py,16586,prestamos_list,GET,"[""/prestamos""]",/prestamos,"[""GET""]","[{""prefix"": """", ""evidence"": ""copa_telmex_dashboard.py:2240"", ""status"": ""include_router_static; conditional/runtime execution unverified""}]",[],[],[],"UNPROVEN: guards/dependencies are evidence, not a complete effective-role matrix",documents_and_other,live_entrypoint_static,"[""NO_LOCAL_GUARD_FOUND; inherited/middleware review required""]",ROUTE OWNER ONLY; service authority unproven: src/devnous/gastos/routes/user_routes.py:prestamos_list,"[""can_approve_prestamo_abono""]",documents_and_other_prestamos_list_get_465311,documents_and_other:read; never grants business authority,"[""current_empleado""]",current employee + effective faculty + object + organization/legal entity + portfolio/tournament; UNPROVEN,read_candidate; side effects NOT verified,none only after read-purity proof,scoped source IDs/version and redacted durable receipt; writes need canonical transactional dedup + postcondition,"[""role/object/company deny"", ""revoked/expired"", ""isolation"", ""read purity""]",DISABLED; CANONICAL_SCOPE_UNPROVEN; route presence is not adapter or UI parity proof
97cfcc1d13b4,src/devnous/gastos/routes/user_routes.py,16731,prestamo_new_form,GET,"[""/prestamos/nuevo""]",/prestamos/nuevo,"[""GET""]","[{""prefix"": """", ""evidence"": ""copa_telmex_dashboard.py:2240"", ""status"": ""include_router_static; conditional/runtime execution unverified""}]",[],[],[],"UNPROVEN: guards/dependencies are evidence, not a complete effective-role matrix",documents_and_other,live_entrypoint_static,"[""NO_LOCAL_GUARD_FOUND; inherited/middleware review required""]",ROUTE OWNER ONLY; service authority unproven: src/devnous/gastos/routes/user_routes.py:prestamo_new_form,[],documents_and_other_prestamo_new_form_get_97cfcc,documents_and_other:read; never grants business authority,"[""current_empleado""]",current employee + effective faculty + object + organization/legal entity + portfolio/tournament; UNPROVEN,read_candidate; side effects NOT verified,none only after read-purity proof,scoped source IDs/version and redacted durable receipt; writes need canonical transactional dedup + postcondition,"[""role/object/company deny"", ""revoked/expired"", ""isolation"", ""read purity""]",DISABLED; CANONICAL_SCOPE_UNPROVEN; route presence is not adapter or UI parity proof
596411a65539,src/devnous/gastos/routes/user_routes.py,16976,prestamo_create,POST,"[""/prestamos""]",/prestamos,"[""POST""]","[{""prefix"": """", ""evidence"": ""copa_telmex_dashboard.py:2240"", ""status"": ""include_router_static; conditional/runtime execution unverified""}]",[],[],[],"UNPROVEN: guards/dependencies are evidence, not a complete effective-role matrix",documents_and_other,live_entrypoint_static,"[""NO_LOCAL_GUARD_FOUND; inherited/middleware review required""]",ROUTE OWNER ONLY; service authority unproven: src/devnous/gastos/routes/user_routes.py:prestamo_create,"[""_build_prestamo_payload_from_form"", ""build_prestamo_from_payload"", ""session.commit""]",documents_and_other_prestamo_create_post_596411,documents_and_other:write; never grants business authority,"[""current_empleado""]",current employee + effective faculty + object + organization/legal entity + portfolio/tournament; UNPROVEN,write_or_effect_candidate,trusted human approval of exact draft/version/amount/currency/destination/digest; recheck at commit,scoped source IDs/version and redacted durable receipt; writes need canonical transactional dedup + postcondition,"[""role/object/company deny"", ""revoked/expired"", ""isolation"", ""read purity"", ""exact confirmation/version"", ""retry/crash/no duplicates"", ""verified receipt""]",DISABLED; CANONICAL_SCOPE_UNPROVEN; route presence is not adapter or UI parity proof
9af7a2464608,src/devnous/gastos/routes/user_routes.py,17011,prestamo_register_abono_from_new_request_route,POST,"[""/prestamos/abonos""]",/prestamos/abonos,"[""POST""]","[{""prefix"": """", ""evidence"": ""copa_telmex_dashboard.py:2240"", ""status"": ""include_router_static; conditional/runtime execution unverified""}]",[],[],[],"UNPROVEN: guards/dependencies are evidence, not a complete effective-role matrix",documents_and_other,live_entrypoint_static,"[""NO_LOCAL_GUARD_FOUND; inherited/middleware review required""]",ROUTE OWNER ONLY; service authority unproven: src/devnous/gastos/routes/user_routes.py:prestamo_register_abono_from_new_request_route,"[""session.commit""]",documents_and_other_prestamo_register_abono_from_new_req_9af7a2,documents_and_other:write; never grants business authority,"[""current_empleado"", ""prestamo_id"", ""monto_reportado"", ""excess_confirmed"", ""comentario"", ""comprobante_abono""]",current employee + effective faculty + object + organization/legal entity + portfolio/tournament; UNPROVEN,write_or_effect_candidate,trusted human approval of exact draft/version/amount/currency/destination/digest; recheck at commit,scoped source IDs/version and redacted durable receipt; writes need canonical transactional dedup + postcondition,"[""role/object/company deny"", ""revoked/expired"", ""isolation"", ""read purity"", ""exact confirmation/version"", ""retry/crash/no duplicates"", ""verified receipt""]",DISABLED; CANONICAL_SCOPE_UNPROVEN; route presence is not adapter or UI parity proof
fc519cbbf8c4,src/devnous/gastos/routes/user_routes.py,17065,prestamo_edit_form,GET,"[""/prestamos/{prestamo_id}/editar""]",/prestamos/{prestamo_id}/editar,"[""GET""]","[{""prefix"": """", ""evidence"": ""copa_telmex_dashboard.py:2240"", ""status"": ""include_router_static; conditional/runtime execution unverified""}]",[],[],[],"UNPROVEN: guards/dependencies are evidence, not a complete effective-role matrix",documents_and_other,live_entrypoint_static,"[""str(current_empleado.id).lower()""]",ROUTE OWNER ONLY; service authority unproven: src/devnous/gastos/routes/user_routes.py:prestamo_edit_form,[],documents_and_other_prestamo_edit_form_get_fc519c,documents_and_other:read; never grants business authority,"[""prestamo_id"", ""current_empleado""]",current employee + effective faculty + object + organization/legal entity + portfolio/tournament; UNPROVEN,read_candidate; side effects NOT verified,none only after read-purity proof,scoped source IDs/version and redacted durable receipt; writes need canonical transactional dedup + postcondition,"[""role/object/company deny"", ""revoked/expired"", ""isolation"", ""read purity""]",DISABLED; CANONICAL_SCOPE_UNPROVEN; route presence is not adapter or UI parity proof
7d0ac4cca307,src/devnous/gastos/routes/user_routes.py,17215,prestamo_edit,POST,"[""/prestamos/{prestamo_id}/editar""]",/prestamos/{prestamo_id}/editar,"[""POST""]","[{""prefix"": """", ""evidence"": ""copa_telmex_dashboard.py:2240"", ""status"": ""include_router_static; conditional/runtime execution unverified""}]",[],[],[],"UNPROVEN: guards/dependencies are evidence, not a complete effective-role matrix",documents_and_other,live_entrypoint_static,"[""str(current_empleado.id).lower()""]",ROUTE OWNER ONLY; service authority unproven: src/devnous/gastos/routes/user_routes.py:prestamo_edit,"[""session.commit""]",documents_and_other_prestamo_edit_post_7d0ac4,documents_and_other:write; never grants business authority,"[""prestamo_id"", ""current_empleado""]",current employee + effective faculty + object + organization/legal entity + portfolio/tournament; UNPROVEN,write_or_effect_candidate,trusted human approval of exact draft/version/amount/currency/destination/digest; recheck at commit,scoped source IDs/version and redacted durable receipt; writes need canonical transactional dedup + postcondition,"[""role/object/company deny"", ""revoked/expired"", ""isolation"", ""read purity"", ""exact confirmation/version"", ""retry/crash/no duplicates"", ""verified receipt""]",DISABLED; CANONICAL_SCOPE_UNPROVEN; route presence is not adapter or UI parity proof
c2b797e6e674,src/devnous/gastos/routes/user_routes.py,17255,prestamo_detail,GET,"[""/prestamos/{prestamo_id}""]",/prestamos/{prestamo_id},"[""GET""]","[{""prefix"": """", ""evidence"": ""copa_telmex_dashboard.py:2240"", ""status"": ""include_router_static; conditional/runtime execution unverified""}]",[],[],[],"UNPROVEN: guards/dependencies are evidence, not a complete effective-role matrix",documents_and_other,live_entrypoint_static,"[""str(current_empleado.id).lower()""]",ROUTE OWNER ONLY; service authority unproven: src/devnous/gastos/routes/user_routes.py:prestamo_detail,"[""can_approve_prestamo"", ""can_approve_prestamo_abono""]",documents_and_other_prestamo_detail_get_c2b797,documents_and_other:read; never grants business authority,"[""prestamo_id"", ""current_empleado""]",current employee + effective faculty + object + organization/legal entity + portfolio/tournament; UNPROVEN,read_candidate; side effects NOT verified,none only after read-purity proof,scoped source IDs/version and redacted durable receipt; writes need canonical transactional dedup + postcondition,"[""role/object/company deny"", ""revoked/expired"", ""isolation"", ""read purity""]",DISABLED; CANONICAL_SCOPE_UNPROVEN; route presence is not adapter or UI parity proof
f769b25be1fa,src/devnous/gastos/routes/user_routes.py,17545,prestamo_submit_route,POST,"[""/prestamos/{prestamo_id}/enviar""]",/prestamos/{prestamo_id}/enviar,"[""POST""]","[{""prefix"": """", ""evidence"": ""copa_telmex_dashboard.py:2240"", ""status"": ""include_router_static; conditional/runtime execution unverified""}]",[],[],[],"UNPROVEN: guards/dependencies are evidence, not a complete effective-role matrix",documents_and_other,live_entrypoint_static,"[""NO_LOCAL_GUARD_FOUND; inherited/middleware review required""]",ROUTE OWNER ONLY; service authority unproven: src/devnous/gastos/routes/user_routes.py:prestamo_submit_route,"[""session.commit""]",documents_and_other_prestamo_submit_route_post_f769b2,documents_and_other:write; never grants business authority,"[""prestamo_id"", ""current_empleado""]",current employee + effective faculty + object + organization/legal entity + portfolio/tournament; UNPROVEN,write_or_effect_candidate,trusted human approval of exact draft/version/amount/currency/destination/digest; recheck at commit,scoped source IDs/version and redacted durable receipt; writes need canonical transactional dedup + postcondition,"[""role/object/company deny"", ""revoked/expired"", ""isolation"", ""read purity"", ""exact confirmation/version"", ""retry/crash/no duplicates"", ""verified receipt""]",DISABLED; CANONICAL_SCOPE_UNPROVEN; route presence is not adapter or UI parity proof
1cace0ad9536,src/devnous/gastos/routes/user_routes.py,17567,prestamo_cancel_route,POST,"[""/prestamos/{prestamo_id}/cancelar""]",/prestamos/{prestamo_id}/cancelar,"[""POST""]","[{""prefix"": """", ""evidence"": ""copa_telmex_dashboard.py:2240"", ""status"": ""include_router_static; conditional/runtime execution unverified""}]",[],[],[],"UNPROVEN: guards/dependencies are evidence, not a complete effective-role matrix",documents_and_other,live_entrypoint_static,"[""NO_LOCAL_GUARD_FOUND; inherited/middleware review required""]",ROUTE OWNER ONLY; service authority unproven: src/devnous/gastos/routes/user_routes.py:prestamo_cancel_route,"[""session.commit""]",documents_and_other_prestamo_cancel_route_post_1cace0,documents_and_other:write; never grants business authority,"[""prestamo_id"", ""current_empleado""]",current employee + effective faculty + object + organization/legal entity + portfolio/tournament; UNPROVEN,write_or_effect_candidate,trusted human approval of exact draft/version/amount/currency/destination/digest; recheck at commit,scoped source IDs/version and redacted durable receipt; writes need canonical transactional dedup + postcondition,"[""role/object/company deny"", ""revoked/expired"", ""isolation"", ""read purity"", ""exact confirmation/version"", ""retry/crash/no duplicates"", ""verified receipt""]",DISABLED; CANONICAL_SCOPE_UNPROVEN; route presence is not adapter or UI parity proof
79e9534e2ef9,src/devnous/gastos/routes/user_routes.py,17589,prestamo_approve_route,POST,"[""/prestamos/{prestamo_id}/aprobar""]",/prestamos/{prestamo_id}/aprobar,"[""POST""]","[{""prefix"": """", ""evidence"": ""copa_telmex_dashboard.py:2240"", ""status"": ""include_router_static; conditional/runtime execution unverified""}]",[],[],[],"UNPROVEN: guards/dependencies are evidence, not a complete effective-role matrix",documents_and_other,live_entrypoint_static,"[""NO_LOCAL_GUARD_FOUND; inherited/middleware review required""]",ROUTE OWNER ONLY; service authority unproven: src/devnous/gastos/routes/user_routes.py:prestamo_approve_route,"[""approve_prestamo"", ""session.commit""]",documents_and_other_prestamo_approve_route_post_79e953,documents_and_other:write; never grants business authority,"[""prestamo_id"", ""current_empleado""]",current employee + effective faculty + object + organization/legal entity + portfolio/tournament; UNPROVEN,write_or_effect_candidate,trusted human approval of exact draft/version/amount/currency/destination/digest; recheck at commit,scoped source IDs/version and redacted durable receipt; writes need canonical transactional dedup + postcondition,"[""role/object/company deny"", ""revoked/expired"", ""isolation"", ""read purity"", ""exact confirmation/version"", ""retry/crash/no duplicates"", ""verified receipt""]",DISABLED; CANONICAL_SCOPE_UNPROVEN; route presence is not adapter or UI parity proof
0ea12fe39ec3,src/devnous/gastos/routes/user_routes.py,17618,prestamo_reject_route,POST,"[""/prestamos/{prestamo_id}/rechazar""]",/prestamos/{prestamo_id}/rechazar,"[""POST""]","[{""prefix"": """", ""evidence"": ""copa_telmex_dashboard.py:2240"", ""status"": ""include_router_static; conditional/runtime execution unverified""}]",[],[],[],"UNPROVEN: guards/dependencies are evidence, not a complete effective-role matrix",documents_and_other,live_entrypoint_static,"[""NO_LOCAL_GUARD_FOUND; inherited/middleware review required""]",ROUTE OWNER ONLY; service authority unproven: src/devnous/gastos/routes/user_routes.py:prestamo_reject_route,"[""reject_prestamo"", ""session.commit""]",documents_and_other_prestamo_reject_route_post_0ea12f,documents_and_other:write; never grants business authority,"[""prestamo_id"", ""current_empleado""]",current employee + effective faculty + object + organization/legal entity + portfolio/tournament; UNPROVEN,write_or_effect_candidate,trusted human approval of exact draft/version/amount/currency/destination/digest; recheck at commit,scoped source IDs/version and redacted durable receipt; writes need canonical transactional dedup + postcondition,"[""role/object/company deny"", ""revoked/expired"", ""isolation"", ""read purity"", ""exact confirmation/version"", ""retry/crash/no duplicates"", ""verified receipt""]",DISABLED; CANONICAL_SCOPE_UNPROVEN; route presence is not adapter or UI parity proof
0761f5ab958e,src/devnous/gastos/routes/user_routes.py,17647,prestamo_schedule_payment_route,POST,"[""/prestamos/{prestamo_id}/programar-pago""]",/prestamos/{prestamo_id}/programar-pago,"[""POST""]","[{""prefix"": """", ""evidence"": ""copa_telmex_dashboard.py:2240"", ""status"": ""include_router_static; conditional/runtime execution unverified""}]",[],[],[],"UNPROVEN: guards/dependencies are evidence, not a complete effective-role matrix",payments,live_entrypoint_static,"[""NO_LOCAL_GUARD_FOUND; inherited/middleware review required""]",ROUTE OWNER ONLY; service authority unproven: src/devnous/gastos/routes/user_routes.py:prestamo_schedule_payment_route,"[""session.commit""]",payments_prestamo_schedule_payment_route_post_0761f5,payments:write; never grants business authority,"[""prestamo_id"", ""current_empleado""]",current employee + effective faculty + object + organization/legal entity + portfolio/tournament; UNPROVEN,write_or_effect_candidate,trusted human approval of exact draft/version/amount/currency/destination/digest; recheck at commit,scoped source IDs/version and redacted durable receipt; writes need canonical transactional dedup + postcondition,"[""role/object/company deny"", ""revoked/expired"", ""isolation"", ""read purity"", ""exact confirmation/version"", ""retry/crash/no duplicates"", ""verified receipt""]",DISABLED; CANONICAL_SCOPE_UNPROVEN; route presence is not adapter or UI parity proof
5b6695ad7508,src/devnous/gastos/routes/user_routes.py,17670,prestamo_assign_debtor_account_route,POST,"[""/prestamos/{prestamo_id}/cuenta-deudor""]",/prestamos/{prestamo_id}/cuenta-deudor,"[""POST""]","[{""prefix"": """", ""evidence"": ""copa_telmex_dashboard.py:2240"", ""status"": ""include_router_static; conditional/runtime execution unverified""}]",[],[],[],"UNPROVEN: guards/dependencies are evidence, not a complete effective-role matrix",documents_and_other,live_entrypoint_static,"[""NO_LOCAL_GUARD_FOUND; inherited/middleware review required""]",ROUTE OWNER ONLY; service authority unproven: src/devnous/gastos/routes/user_routes.py:prestamo_assign_debtor_account_route,"[""session.commit""]",documents_and_other_prestamo_assign_debtor_account_route_5b6695,documents_and_other:write; never grants business authority,"[""prestamo_id"", ""current_empleado"", ""cuenta_deudor_contable_id""]",current employee + effective faculty + object + organization/legal entity + portfolio/tournament; UNPROVEN,write_or_effect_candidate,trusted human approval of exact draft/version/amount/currency/destination/digest; recheck at commit,scoped source IDs/version and redacted durable receipt; writes need canonical transactional dedup + postcondition,"[""role/object/company deny"", ""revoked/expired"", ""isolation"", ""read purity"", ""exact confirmation/version"", ""retry/crash/no duplicates"", ""verified receipt""]",DISABLED; CANONICAL_SCOPE_UNPROVEN; route presence is not adapter or UI parity proof
3411d45fb29b,src/devnous/gastos/routes/user_routes.py,17699,prestamo_upload_payment_proof_route,POST,"[""/prestamos/{prestamo_id}/comprobante-pago""]",/prestamos/{prestamo_id}/comprobante-pago,"[""POST""]","[{""prefix"": """", ""evidence"": ""copa_telmex_dashboard.py:2240"", ""status"": ""include_router_static; conditional/runtime execution unverified""}]",[],[],[],"UNPROVEN: guards/dependencies are evidence, not a complete effective-role matrix",payments,live_entrypoint_static,"[""ensure_prestamo_payment_posting(session, prestamo=prestamo)""]",ROUTE OWNER ONLY; service authority unproven: src/devnous/gastos/routes/user_routes.py:prestamo_upload_payment_proof_route,"[""session.commit""]",payments_prestamo_upload_payment_proof_route_post_3411d4,payments:write; never grants business authority,"[""prestamo_id"", ""current_empleado"", ""comprobante_pago""]",current employee + effective faculty + object + organization/legal entity + portfolio/tournament; UNPROVEN,write_or_effect_candidate,trusted human approval of exact draft/version/amount/currency/destination/digest; recheck at commit,scoped source IDs/version and redacted durable receipt; writes need canonical transactional dedup + postcondition,"[""role/object/company deny"", ""revoked/expired"", ""isolation"", ""read purity"", ""exact confirmation/version"", ""retry/crash/no duplicates"", ""verified receipt""]",DISABLED; CANONICAL_SCOPE_UNPROVEN; route presence is not adapter or UI parity proof
e87363e519dc,src/devnous/gastos/routes/user_routes.py,17771,prestamo_register_abono_route,POST,"[""/prestamos/{prestamo_id}/abonos""]",/prestamos/{prestamo_id}/abonos,"[""POST""]","[{""prefix"": """", ""evidence"": ""copa_telmex_dashboard.py:2240"", ""status"": ""include_router_static; conditional/runtime execution unverified""}]",[],[],[],"UNPROVEN: guards/dependencies are evidence, not a complete effective-role matrix",documents_and_other,live_entrypoint_static,"[""NO_LOCAL_GUARD_FOUND; inherited/middleware review required""]",ROUTE OWNER ONLY; service authority unproven: src/devnous/gastos/routes/user_routes.py:prestamo_register_abono_route,"[""session.commit""]",documents_and_other_prestamo_register_abono_route_post_e87363,documents_and_other:write; never grants business authority,"[""prestamo_id"", ""current_empleado"", ""monto_reportado"", ""excess_confirmed"", ""comentario"", ""comprobante_abono""]",current employee + effective faculty + object + organization/legal entity + portfolio/tournament; UNPROVEN,write_or_effect_candidate,trusted human approval of exact draft/version/amount/currency/destination/digest; recheck at commit,scoped source IDs/version and redacted durable receipt; writes need canonical transactional dedup + postcondition,"[""role/object/company deny"", ""revoked/expired"", ""isolation"", ""read purity"", ""exact confirmation/version"", ""retry/crash/no duplicates"", ""verified receipt""]",DISABLED; CANONICAL_SCOPE_UNPROVEN; route presence is not adapter or UI parity proof
1ba89d65057c,src/devnous/gastos/routes/user_routes.py,17825,prestamo_approve_abono_route,POST,"[""/prestamos/abonos/{abono_id}/aprobar""]",/prestamos/abonos/{abono_id}/aprobar,"[""POST""]","[{""prefix"": """", ""evidence"": ""copa_telmex_dashboard.py:2240"", ""status"": ""include_router_static; conditional/runtime execution unverified""}]",[],[],[],"UNPROVEN: guards/dependencies are evidence, not a complete effective-role matrix",documents_and_other,live_entrypoint_static,"[""ensure_prestamo_abono_posting(session, abono=abono)""]",ROUTE OWNER ONLY; service authority unproven: src/devnous/gastos/routes/user_routes.py:prestamo_approve_abono_route,"[""approve_prestamo_abono"", ""session.commit""]",documents_and_other_prestamo_approve_abono_route_post_1ba89d,documents_and_other:write; never grants business authority,"[""abono_id"", ""current_empleado""]",current employee + effective faculty + object + organization/legal entity + portfolio/tournament; UNPROVEN,write_or_effect_candidate,trusted human approval of exact draft/version/amount/currency/destination/digest; recheck at commit,scoped source IDs/version and redacted durable receipt; writes need canonical transactional dedup + postcondition,"[""role/object/company deny"", ""revoked/expired"", ""isolation"", ""read purity"", ""exact confirmation/version"", ""retry/crash/no duplicates"", ""verified receipt""]",DISABLED; CANONICAL_SCOPE_UNPROVEN; route presence is not adapter or UI parity proof
e9ee8bfcb57c,src/devnous/gastos/routes/user_routes.py,17859,prestamo_reject_abono_route,POST,"[""/prestamos/abonos/{abono_id}/rechazar""]",/prestamos/abonos/{abono_id}/rechazar,"[""POST""]","[{""prefix"": """", ""evidence"": ""copa_telmex_dashboard.py:2240"", ""status"": ""include_router_static; conditional/runtime execution unverified""}]",[],[],[],"UNPROVEN: guards/dependencies are evidence, not a complete effective-role matrix",documents_and_other,live_entrypoint_static,"[""NO_LOCAL_GUARD_FOUND; inherited/middleware review required""]",ROUTE OWNER ONLY; service authority unproven: src/devnous/gastos/routes/user_routes.py:prestamo_reject_abono_route,"[""reject_prestamo_abono"", ""session.commit""]",documents_and_other_prestamo_reject_abono_route_post_e9ee8b,documents_and_other:write; never grants business authority,"[""abono_id"", ""current_empleado""]",current employee + effective faculty + object + organization/legal entity + portfolio/tournament; UNPROVEN,write_or_effect_candidate,trusted human approval of exact draft/version/amount/currency/destination/digest; recheck at commit,scoped source IDs/version and redacted durable receipt; writes need canonical transactional dedup + postcondition,"[""role/object/company deny"", ""revoked/expired"", ""isolation"", ""read purity"", ""exact confirmation/version"", ""retry/crash/no duplicates"", ""verified receipt""]",DISABLED; CANONICAL_SCOPE_UNPROVEN; route presence is not adapter or UI parity proof
6069f2f79863,src/devnous/gastos/routes/user_routes.py,17890,gastos_terceros,GET,"[""/gastos-terceros""]",/gastos-terceros,"[""GET""]","[{""prefix"": """", ""evidence"": ""copa_telmex_dashboard.py:2240"", ""status"": ""include_router_static; conditional/runtime execution unverified""}]",[],[],"[{""key"": ""gastos.solicitudes"", ""roles"": [""empleado"", ""coordinador"", ""finanzas"", ""admin"", ""superadmin""], ""actions"": [""ver"", ""crear"", ""editar"", ""aprobar"", ""pagar""], ""evidence"": ""src/devnous/gastos/services/access_control_service.py:98""}]","UNPROVEN: guards/dependencies are evidence, not a complete effective-role matrix",documents_and_other,live_entrypoint_static,"[""(current_empleado.rol or '').strip()"", ""(current_empleado.rol or '').strip().lower()"", ""empleado_list_view_department_scope(current_empleado)"", ""has_permission(current_empleado, 'admin.finanzas.manage')"", ""has_permission(current_empleado, 'finanzas.manage')""]",ROUTE OWNER ONLY; service authority unproven: src/devnous/gastos/routes/user_routes.py:gastos_terceros,[],documents_and_other_gastos_terceros_get_6069f2,documents_and_other:read; never grants business authority,"[""current_empleado""]",current employee + effective faculty + object + organization/legal entity + portfolio/tournament; UNPROVEN,read_candidate; side effects NOT verified,none only after read-purity proof,scoped source IDs/version and redacted durable receipt; writes need canonical transactional dedup + postcondition,"[""role/object/company deny"", ""revoked/expired"", ""isolation"", ""read purity""]",DISABLED; CANONICAL_SCOPE_UNPROVEN; route presence is not adapter or UI parity proof
b369128a5d5f,src/devnous/gastos/routes/user_routes.py,18290,solicitar_anticipo_form,GET,"[""/gastos-terceros/solicitar-anticipo""]",/gastos-terceros/solicitar-anticipo,"[""GET""]","[{""prefix"": """", ""evidence"": ""copa_telmex_dashboard.py:2240"", ""status"": ""include_router_static; conditional/runtime execution unverified""}]","[""src/devnous/gastos/routes/user_routes.py:10914:_can_request_for_other_employee""]",[],"[{""key"": ""gastos.solicitudes"", ""roles"": [""empleado"", ""coordinador"", ""finanzas"", ""admin"", ""superadmin""], ""actions"": [""ver"", ""crear"", ""editar"", ""aprobar"", ""pagar""], ""evidence"": ""src/devnous/gastos/services/access_control_service.py:98""}]","UNPROVEN: guards/dependencies are evidence, not a complete effective-role matrix",documents_and_other,live_entrypoint_static,"[""_beneficiary_selection_allowed(current_empleado, beneficiario)""]",ROUTE OWNER ONLY; service authority unproven: src/devnous/gastos/routes/user_routes.py:solicitar_anticipo_form,[],documents_and_other_solicitar_anticipo_form_get_b36912,documents_and_other:read; never grants business authority,"[""current_empleado""]",current employee + effective faculty + object + organization/legal entity + portfolio/tournament; UNPROVEN,read_candidate; side effects NOT verified,none only after read-purity proof,scoped source IDs/version and redacted durable receipt; writes need canonical transactional dedup + postcondition,"[""role/object/company deny"", ""revoked/expired"", ""isolation"", ""read purity""]",DISABLED; CANONICAL_SCOPE_UNPROVEN; route presence is not adapter or UI parity proof
2f9eed478449,src/devnous/gastos/routes/user_routes.py,18669,solicitar_anticipo_submit,POST,"[""/gastos-terceros/solicitar-anticipo""]",/gastos-terceros/solicitar-anticipo,"[""POST""]","[{""prefix"": """", ""evidence"": ""copa_telmex_dashboard.py:2240"", ""status"": ""include_router_static; conditional/runtime execution unverified""}]","[""src/devnous/gastos/routes/user_routes.py:10914:_can_request_for_other_employee""]",[],"[{""key"": ""gastos.solicitudes"", ""roles"": [""empleado"", ""coordinador"", ""finanzas"", ""admin"", ""superadmin""], ""actions"": [""ver"", ""crear"", ""editar"", ""aprobar"", ""pagar""], ""evidence"": ""src/devnous/gastos/services/access_control_service.py:98""}]","UNPROVEN: guards/dependencies are evidence, not a complete effective-role matrix",documents_and_other,live_entrypoint_static,"[""_beneficiary_selection_allowed(current_empleado, beneficiario)""]",ROUTE OWNER ONLY; service authority unproven: src/devnous/gastos/routes/user_routes.py:solicitar_anticipo_submit,"[""_validate_cuenta_informe_proyecto_fields"", ""_validate_expense_metadata_for_tournament"", ""build_solicitud_personal_payload""]",documents_and_other_solicitar_anticipo_submit_post_2f9eed,documents_and_other:write; never grants business authority,"[""current_empleado""]",current employee + effective faculty + object + organization/legal entity + portfolio/tournament; UNPROVEN,write_or_effect_candidate,trusted human approval of exact draft/version/amount/currency/destination/digest; recheck at commit,scoped source IDs/version and redacted durable receipt; writes need canonical transactional dedup + postcondition,"[""role/object/company deny"", ""revoked/expired"", ""isolation"", ""read purity"", ""exact confirmation/version"", ""retry/crash/no duplicates"", ""verified receipt""]",DISABLED; CANONICAL_SCOPE_UNPROVEN; route presence is not adapter or UI parity proof
acb5a2d888f9,src/devnous/gastos/routes/user_routes.py,18923,get_eligibles_informe,GET,"[""/api/documentos/eligibles-informe""]",/api/documentos/eligibles-informe,"[""GET""]","[{""prefix"": """", ""evidence"": ""copa_telmex_dashboard.py:2240"", ""status"": ""include_router_static; conditional/runtime execution unverified""}]",[],[],[],"UNPROVEN: guards/dependencies are evidence, not a complete effective-role matrix",documents_and_other,live_entrypoint_static,"[""NO_LOCAL_GUARD_FOUND; inherited/middleware review required""]",ROUTE OWNER ONLY; service authority unproven: src/devnous/gastos/routes/user_routes.py:get_eligibles_informe,[],documents_and_other_get_eligibles_informe_get_acb5a2,documents_and_other:read; never grants business authority,"[""current_empleado"", ""search""]",current employee + effective faculty + object + organization/legal entity + portfolio/tournament; UNPROVEN,read_candidate; side effects NOT verified,none only after read-purity proof,scoped source IDs/version and redacted durable receipt; writes need canonical transactional dedup + postcondition,"[""role/object/company deny"", ""revoked/expired"", ""isolation"", ""read purity""]",DISABLED; CANONICAL_SCOPE_UNPROVEN; route presence is not adapter or UI parity proof
2d288243f4b4,src/devnous/gastos/routes/user_routes.py,18997,nuevo_gasto_form,GET,"[""/gastos/nuevo""]",/gastos/nuevo,"[""GET""]","[{""prefix"": """", ""evidence"": ""copa_telmex_dashboard.py:2240"", ""status"": ""include_router_static; conditional/runtime execution unverified""}]",[],[],"[{""key"": ""gastos.mis_gastos"", ""roles"": [""empleado"", ""coordinador"", ""finanzas"", ""admin"", ""superadmin""], ""actions"": [""ver"", ""crear"", ""editar""], ""evidence"": ""src/devnous/gastos/services/access_control_service.py:107""}]","UNPROVEN: guards/dependencies are evidence, not a complete effective-role matrix",documents_and_other,live_entrypoint_static,"[""select(CuentaDeGastos).where(CuentaDeGastos.empleado_id == current_empleado.id, CuentaDeGastos.estado == 'abierta').order_by(CuentaDeGastos.created_at.desc())""]",ROUTE OWNER ONLY; service authority unproven: src/devnous/gastos/routes/user_routes.py:nuevo_gasto_form,[],documents_and_other_nuevo_gasto_form_get_2d2882,documents_and_other:read; never grants business authority,"[""current_empleado""]",current employee + effective faculty + object + organization/legal entity + portfolio/tournament; UNPROVEN,read_candidate; side effects NOT verified,none only after read-purity proof,scoped source IDs/version and redacted durable receipt; writes need canonical transactional dedup + postcondition,"[""role/object/company deny"", ""revoked/expired"", ""isolation"", ""read purity""]",DISABLED; CANONICAL_SCOPE_UNPROVEN; route presence is not adapter or UI parity proof
e4c05cfb8766,src/devnous/gastos/routes/user_routes.py,19869,crear_gasto,POST,"[""/gastos/nuevo""]",/gastos/nuevo,"[""POST""]","[{""prefix"": """", ""evidence"": ""copa_telmex_dashboard.py:2240"", ""status"": ""include_router_static; conditional/runtime execution unverified""}]",[],[],"[{""key"": ""gastos.mis_gastos"", ""roles"": [""empleado"", ""coordinador"", ""finanzas"", ""admin"", ""superadmin""], ""actions"": [""ver"", ""crear"", ""editar""], ""evidence"": ""src/devnous/gastos/services/access_control_service.py:107""}]","UNPROVEN: guards/dependencies are evidence, not a complete effective-role matrix",documents_and_other,live_entrypoint_static,"[""NO_LOCAL_GUARD_FOUND; inherited/middleware review required""]",ROUTE OWNER ONLY; service authority unproven: src/devnous/gastos/routes/user_routes.py:crear_gasto,"[""session.commit"", ""validate_active_cuenta_contable_id""]",documents_and_other_crear_gasto_post_e4c05c,documents_and_other:write; never grants business authority,"[""current_empleado"", ""tipo_gasto"", ""proyecto"", ""proyecto_manual"", ""concepto"", ""gasto_cantidad"", ""propina_no_deducible"", ""fecha"", ""departamento"", ""fase_torneo"", ""metodo_pago"", ""ultimos_4_digitos"", ""has_iva"", ""hospedaje_entidad_fiscal"", ""hospedaje_tasa_impuesto"", ""hospedaje_impuesto_monto"", ""hospedaje_impuesto_confirmado"", ""cfdi_use"", ""rfc_id"", ""cuenta_contable_id"", ""cuenta_gastos_id"", ""budget_concept_id"", ""cfdi_uuid_manual"", ""cfdi_qr_or_url"", ""archivo"", ""generar_cfdi_tocino""]",current employee + effective faculty + object + organization/legal entity + portfolio/tournament; UNPROVEN,write_or_effect_candidate,trusted human approval of exact draft/version/amount/currency/destination/digest; recheck at commit,scoped source IDs/version and redacted durable receipt; writes need canonical transactional dedup + postcondition,"[""role/object/company deny"", ""revoked/expired"", ""isolation"", ""read purity"", ""exact confirmation/version"", ""retry/crash/no duplicates"", ""verified receipt""]",DISABLED; CANONICAL_SCOPE_UNPROVEN; route presence is not adapter or UI parity proof
4d76bfe92b64,src/devnous/gastos/routes/user_routes.py,20282,carga_masiva_amex_get,GET,"[""/gastos/carga-masiva-amex""]",/gastos/carga-masiva-amex,"[""GET""]","[{""prefix"": """", ""evidence"": ""copa_telmex_dashboard.py:2240"", ""status"": ""include_router_static; conditional/runtime execution unverified""}]",[],[],"[{""key"": ""admin.gastos.amex"", ""roles"": [""finanzas"", ""admin"", ""superadmin"", ""super_admin""], ""actions"": [""ver"", ""crear"", ""editar""], ""evidence"": ""src/devnous/gastos/services/access_control_service.py:212""}]","UNPROVEN: guards/dependencies are evidence, not a complete effective-role matrix",accounting,live_entrypoint_static,"[""NO_LOCAL_GUARD_FOUND; inherited/middleware review required""]",ROUTE OWNER ONLY; service authority unproven: src/devnous/gastos/routes/user_routes.py:carga_masiva_amex_get,[],accounting_carga_masiva_amex_get_get_4d76bf,accounting:read; never grants business authority,"[""current_empleado""]",current employee + effective faculty + object + organization/legal entity + portfolio/tournament; UNPROVEN,read_candidate; side effects NOT verified,none only after read-purity proof,scoped source IDs/version and redacted durable receipt; writes need canonical transactional dedup + postcondition,"[""role/object/company deny"", ""revoked/expired"", ""isolation"", ""read purity""]",DISABLED; CANONICAL_SCOPE_UNPROVEN; route presence is not adapter or UI parity proof
2661603d4851,src/devnous/gastos/routes/user_routes.py,20510,carga_masiva_amex_post,POST,"[""/gastos/carga-masiva-amex""]",/gastos/carga-masiva-amex,"[""POST""]","[{""prefix"": """", ""evidence"": ""copa_telmex_dashboard.py:2240"", ""status"": ""include_router_static; conditional/runtime execution unverified""}]",[],[],"[{""key"": ""admin.gastos.amex"", ""roles"": [""finanzas"", ""admin"", ""superadmin"", ""super_admin""], ""actions"": [""ver"", ""crear"", ""editar""], ""evidence"": ""src/devnous/gastos/services/access_control_service.py:212""}]","UNPROVEN: guards/dependencies are evidence, not a complete effective-role matrix",accounting,live_entrypoint_static,"[""_ensure_expense_tip_schema(session)""]",ROUTE OWNER ONLY; service authority unproven: src/devnous/gastos/routes/user_routes.py:carga_masiva_amex_post,"[""session.commit""]",accounting_carga_masiva_amex_post_post_266160,accounting:write; never grants business authority,"[""current_empleado"", ""archivo_csv"", ""empleado_id"", ""amex_card_account_id"", ""cfdi_uuid_mensual""]",current employee + effective faculty + object + organization/legal entity + portfolio/tournament; UNPROVEN,write_or_effect_candidate,trusted human approval of exact draft/version/amount/currency/destination/digest; recheck at commit,scoped source IDs/version and redacted durable receipt; writes need canonical transactional dedup + postcondition,"[""role/object/company deny"", ""revoked/expired"", ""isolation"", ""read purity"", ""exact confirmation/version"", ""retry/crash/no duplicates"", ""verified receipt""]",DISABLED; CANONICAL_SCOPE_UNPROVEN; route presence is not adapter or UI parity proof
22bf19e74c89,src/devnous/gastos/routes/user_routes.py,20943,amex_card_accounts_view,GET,"[""/admin/gastos/amex/tarjetas""]",/admin/gastos/amex/tarjetas,"[""GET""]","[{""prefix"": """", ""evidence"": ""copa_telmex_dashboard.py:2240"", ""status"": ""include_router_static; conditional/runtime execution unverified""}]",[],[],"[{""key"": ""admin.root"", ""roles"": [""admin"", ""superadmin"", ""super_admin""], ""actions"": [""ver""], ""evidence"": ""src/devnous/gastos/services/access_control_service.py:125""}, {""key"": ""admin.gastos.dashboard"", ""roles"": [""finanzas"", ""admin"", ""superadmin"", ""super_admin""], ""actions"": [""ver""], ""evidence"": ""src/devnous/gastos/services/access_control_service.py:141""}]","UNPROVEN: guards/dependencies are evidence, not a complete effective-role matrix",accounting,live_entrypoint_static,"[""require_admin_finanzas()""]",ROUTE OWNER ONLY; service authority unproven: src/devnous/gastos/routes/user_routes.py:amex_card_accounts_view,[],accounting_amex_card_accounts_view_get_22bf19,accounting:read; never grants business authority,"[""current_empleado"", ""include_inactive""]",current employee + effective faculty + object + organization/legal entity + portfolio/tournament; UNPROVEN,read_candidate; side effects NOT verified,none only after read-purity proof,scoped source IDs/version and redacted durable receipt; writes need canonical transactional dedup + postcondition,"[""role/object/company deny"", ""revoked/expired"", ""isolation"", ""read purity""]",DISABLED; CANONICAL_SCOPE_UNPROVEN; route presence is not adapter or UI parity proof
18fdf39478a2,src/devnous/gastos/routes/user_routes.py,21021,amex_card_accounts_save,POST,"[""/admin/gastos/amex/tarjetas""]",/admin/gastos/amex/tarjetas,"[""POST""]","[{""prefix"": """", ""evidence"": ""copa_telmex_dashboard.py:2240"", ""status"": ""include_router_static; conditional/runtime execution unverified""}]",[],[],"[{""key"": ""admin.root"", ""roles"": [""admin"", ""superadmin"", ""super_admin""], ""actions"": [""ver""], ""evidence"": ""src/devnous/gastos/services/access_control_service.py:125""}, {""key"": ""admin.gastos.dashboard"", ""roles"": [""finanzas"", ""admin"", ""superadmin"", ""super_admin""], ""actions"": [""ver""], ""evidence"": ""src/devnous/gastos/services/access_control_service.py:141""}]","UNPROVEN: guards/dependencies are evidence, not a complete effective-role matrix",accounting,live_entrypoint_static,"[""require_admin_finanzas()""]",ROUTE OWNER ONLY; service authority unproven: src/devnous/gastos/routes/user_routes.py:amex_card_accounts_save,[],accounting_amex_card_accounts_save_post_18fdf3,accounting:write; never grants business authority,"[""current_empleado"", ""cardholder_key"", ""cardholder_name"", ""card_label"", ""last4"", ""liability_cuenta_contable_id"", ""active"", ""notes""]",current employee + effective faculty + object + organization/legal entity + portfolio/tournament; UNPROVEN,write_or_effect_candidate,trusted human approval of exact draft/version/amount/currency/destination/digest; recheck at commit,scoped source IDs/version and redacted durable receipt; writes need canonical transactional dedup + postcondition,"[""role/object/company deny"", ""revoked/expired"", ""isolation"", ""read purity"", ""exact confirmation/version"", ""retry/crash/no duplicates"", ""verified receipt""]",DISABLED; CANONICAL_SCOPE_UNPROVEN; route presence is not adapter or UI parity proof
3061ae810846,src/devnous/gastos/routes/user_routes.py,21062,amex_conciliacion_bind_consumption,POST,"[""/admin/gastos/amex/conciliacion/vincular-consumo""]",/admin/gastos/amex/conciliacion/vincular-consumo,"[""POST""]","[{""prefix"": """", ""evidence"": ""copa_telmex_dashboard.py:2240"", ""status"": ""include_router_static; conditional/runtime execution unverified""}]",[],[],"[{""key"": ""admin.root"", ""roles"": [""admin"", ""superadmin"", ""super_admin""], ""actions"": [""ver""], ""evidence"": ""src/devnous/gastos/services/access_control_service.py:125""}, {""key"": ""admin.gastos.dashboard"", ""roles"": [""finanzas"", ""admin"", ""superadmin"", ""super_admin""], ""actions"": [""ver""], ""evidence"": ""src/devnous/gastos/services/access_control_service.py:141""}, {""key"": ""admin.gastos.amex"", ""roles"": [""finanzas"", ""admin"", ""superadmin"", ""super_admin""], ""actions"": [""ver"", ""crear"", ""editar""], ""evidence"": ""src/devnous/gastos/services/access_control_service.py:212""}]","UNPROVEN: guards/dependencies are evidence, not a complete effective-role matrix",accounting,live_entrypoint_static,"[""require_admin_finanzas()""]",ROUTE OWNER ONLY; service authority unproven: src/devnous/gastos/routes/user_routes.py:amex_conciliacion_bind_consumption,"[""session.commit""]",accounting_amex_conciliacion_bind_consumption_post_3061ae,accounting:write; never grants business authority,"[""current_empleado"", ""imported_expense_id"", ""report_expense_ids"", ""statement_only"", ""year"", ""month""]",current employee + effective faculty + object + organization/legal entity + portfolio/tournament; UNPROVEN,write_or_effect_candidate,trusted human approval of exact draft/version/amount/currency/destination/digest; recheck at commit,scoped source IDs/version and redacted durable receipt; writes need canonical transactional dedup + postcondition,"[""role/object/company deny"", ""revoked/expired"", ""isolation"", ""read purity"", ""exact confirmation/version"", ""retry/crash/no duplicates"", ""verified receipt""]",DISABLED; CANONICAL_SCOPE_UNPROVEN; route presence is not adapter or UI parity proof
95cedb961b50,src/devnous/gastos/routes/user_routes.py,21121,amex_conciliacion_link_cfdi,POST,"[""/admin/gastos/amex/conciliacion/vincular-cfdi""]",/admin/gastos/amex/conciliacion/vincular-cfdi,"[""POST""]","[{""prefix"": """", ""evidence"": ""copa_telmex_dashboard.py:2240"", ""status"": ""include_router_static; conditional/runtime execution unverified""}]",[],[],"[{""key"": ""admin.root"", ""roles"": [""admin"", ""superadmin"", ""super_admin""], ""actions"": [""ver""], ""evidence"": ""src/devnous/gastos/services/access_control_service.py:125""}, {""key"": ""admin.gastos.dashboard"", ""roles"": [""finanzas"", ""admin"", ""superadmin"", ""super_admin""], ""actions"": [""ver""], ""evidence"": ""src/devnous/gastos/services/access_control_service.py:141""}, {""key"": ""admin.gastos.amex"", ""roles"": [""finanzas"", ""admin"", ""superadmin"", ""super_admin""], ""actions"": [""ver"", ""crear"", ""editar""], ""evidence"": ""src/devnous/gastos/services/access_control_service.py:212""}]","UNPROVEN: guards/dependencies are evidence, not a complete effective-role matrix",accounting,live_entrypoint_static,"[""require_admin_finanzas()""]",ROUTE OWNER ONLY; service authority unproven: src/devnous/gastos/routes/user_routes.py:amex_conciliacion_link_cfdi,"[""session.commit"", ""validate_amex_cfdi_suggestion""]",accounting_amex_conciliacion_link_cfdi_post_95cedb,accounting:write; never grants business authority,"[""current_empleado"", ""expense_id"", ""cfdi_report_id"", ""year"", ""month""]",current employee + effective faculty + object + organization/legal entity + portfolio/tournament; UNPROVEN,write_or_effect_candidate,trusted human approval of exact draft/version/amount/currency/destination/digest; recheck at commit,scoped source IDs/version and redacted durable receipt; writes need canonical transactional dedup + postcondition,"[""role/object/company deny"", ""revoked/expired"", ""isolation"", ""read purity"", ""exact confirmation/version"", ""retry/crash/no duplicates"", ""verified receipt""]",DISABLED; CANONICAL_SCOPE_UNPROVEN; route presence is not adapter or UI parity proof
66ba3e2ed584,src/devnous/gastos/routes/user_routes.py,21174,amex_conciliacion_link_cfdi_bulk,POST,"[""/admin/gastos/amex/conciliacion/vincular-cfdi-masivo""]",/admin/gastos/amex/conciliacion/vincular-cfdi-masivo,"[""POST""]","[{""prefix"": """", ""evidence"": ""copa_telmex_dashboard.py:2240"", ""status"": ""include_router_static; conditional/runtime execution unverified""}]",[],[],"[{""key"": ""admin.root"", ""roles"": [""admin"", ""superadmin"", ""super_admin""], ""actions"": [""ver""], ""evidence"": ""src/devnous/gastos/services/access_control_service.py:125""}, {""key"": ""admin.gastos.dashboard"", ""roles"": [""finanzas"", ""admin"", ""superadmin"", ""super_admin""], ""actions"": [""ver""], ""evidence"": ""src/devnous/gastos/services/access_control_service.py:141""}, {""key"": ""admin.gastos.amex"", ""roles"": [""finanzas"", ""admin"", ""superadmin"", ""super_admin""], ""actions"": [""ver"", ""crear"", ""editar""], ""evidence"": ""src/devnous/gastos/services/access_control_service.py:212""}]","UNPROVEN: guards/dependencies are evidence, not a complete effective-role matrix",accounting,live_entrypoint_static,"[""require_admin_finanzas()""]",ROUTE OWNER ONLY; service authority unproven: src/devnous/gastos/routes/user_routes.py:amex_conciliacion_link_cfdi_bulk,"[""session.commit"", ""validate_amex_cfdi_suggestion""]",accounting_amex_conciliacion_link_cfdi_bulk_post_66ba3e,accounting:write; never grants business authority,"[""current_empleado"", ""selected_links"", ""year"", ""month""]",current employee + effective faculty + object + organization/legal entity + portfolio/tournament; UNPROVEN,write_or_effect_candidate,trusted human approval of exact draft/version/amount/currency/destination/digest; recheck at commit,scoped source IDs/version and redacted durable receipt; writes need canonical transactional dedup + postcondition,"[""role/object/company deny"", ""revoked/expired"", ""isolation"", ""read purity"", ""exact confirmation/version"", ""retry/crash/no duplicates"", ""verified receipt""]",DISABLED; CANONICAL_SCOPE_UNPROVEN; route presence is not adapter or UI parity proof
696bf748ff8c,src/devnous/gastos/routes/user_routes.py,21246,amex_conciliacion_link_pase_monthly_cfdi,POST,"[""/admin/gastos/amex/conciliacion/vincular-pase-mensual""]",/admin/gastos/amex/conciliacion/vincular-pase-mensual,"[""POST""]","[{""prefix"": """", ""evidence"": ""copa_telmex_dashboard.py:2240"", ""status"": ""include_router_static; conditional/runtime execution unverified""}]",[],[],"[{""key"": ""admin.root"", ""roles"": [""admin"", ""superadmin"", ""super_admin""], ""actions"": [""ver""], ""evidence"": ""src/devnous/gastos/services/access_control_service.py:125""}, {""key"": ""admin.gastos.dashboard"", ""roles"": [""finanzas"", ""admin"", ""superadmin"", ""super_admin""], ""actions"": [""ver""], ""evidence"": ""src/devnous/gastos/services/access_control_service.py:141""}, {""key"": ""admin.gastos.amex"", ""roles"": [""finanzas"", ""admin"", ""superadmin"", ""super_admin""], ""actions"": [""ver"", ""crear"", ""editar""], ""evidence"": ""src/devnous/gastos/services/access_control_service.py:212""}]","UNPROVEN: guards/dependencies are evidence, not a complete effective-role matrix",accounting,live_entrypoint_static,"[""require_admin_finanzas()""]",ROUTE OWNER ONLY; service authority unproven: src/devnous/gastos/routes/user_routes.py:amex_conciliacion_link_pase_monthly_cfdi,"[""session.commit"", ""validate_pase_monthly_cfdi_suggestion""]",accounting_amex_conciliacion_link_pase_monthly_cfdi_post_696bf7,accounting:write; never grants business authority,"[""current_empleado"", ""expense_ids"", ""cfdi_report_id"", ""year"", ""month""]",current employee + effective faculty + object + organization/legal entity + portfolio/tournament; UNPROVEN,write_or_effect_candidate,trusted human approval of exact draft/version/amount/currency/destination/digest; recheck at commit,scoped source IDs/version and redacted durable receipt; writes need canonical transactional dedup + postcondition,"[""role/object/company deny"", ""revoked/expired"", ""isolation"", ""read purity"", ""exact confirmation/version"", ""retry/crash/no duplicates"", ""verified receipt""]",DISABLED; CANONICAL_SCOPE_UNPROVEN; route presence is not adapter or UI parity proof
90dd62928fd4,src/devnous/gastos/routes/user_routes.py,21305,amex_conciliacion_schedule_card_payment,POST,"[""/admin/gastos/amex/conciliacion/programar-pago""]",/admin/gastos/amex/conciliacion/programar-pago,"[""POST""]","[{""prefix"": """", ""evidence"": ""copa_telmex_dashboard.py:2240"", ""status"": ""include_router_static; conditional/runtime execution unverified""}]",[],[],"[{""key"": ""admin.root"", ""roles"": [""admin"", ""superadmin"", ""super_admin""], ""actions"": [""ver""], ""evidence"": ""src/devnous/gastos/services/access_control_service.py:125""}, {""key"": ""admin.gastos.dashboard"", ""roles"": [""finanzas"", ""admin"", ""superadmin"", ""super_admin""], ""actions"": [""ver""], ""evidence"": ""src/devnous/gastos/services/access_control_service.py:141""}, {""key"": ""admin.gastos.amex"", ""roles"": [""finanzas"", ""admin"", ""superadmin"", ""super_admin""], ""actions"": [""ver"", ""crear"", ""editar""], ""evidence"": ""src/devnous/gastos/services/access_control_service.py:212""}]","UNPROVEN: guards/dependencies are evidence, not a complete effective-role matrix",payments,live_entrypoint_static,"[""require_admin_finanzas()""]",ROUTE OWNER ONLY; service authority unproven: src/devnous/gastos/routes/user_routes.py:amex_conciliacion_schedule_card_payment,[],payments_amex_conciliacion_schedule_card_payment_post_90dd62,payments:write; never grants business authority,"[""current_empleado"", ""amex_card_account_id"", ""monto_pago"", ""fecha_pago"", ""pago_urgente"", ""year"", ""month""]",current employee + effective faculty + object + organization/legal entity + portfolio/tournament; UNPROVEN,write_or_effect_candidate,trusted human approval of exact draft/version/amount/currency/destination/digest; recheck at commit,scoped source IDs/version and redacted durable receipt; writes need canonical transactional dedup + postcondition,"[""role/object/company deny"", ""revoked/expired"", ""isolation"", ""read purity"", ""exact confirmation/version"", ""retry/crash/no duplicates"", ""verified receipt""]",DISABLED; CANONICAL_SCOPE_UNPROVEN; route presence is not adapter or UI parity proof
a66905410a47,src/devnous/gastos/routes/user_routes.py,21349,amex_conciliacion_validate_notify,POST,"[""/admin/gastos/amex/conciliacion/validar-notificar""]",/admin/gastos/amex/conciliacion/validar-notificar,"[""POST""]","[{""prefix"": """", ""evidence"": ""copa_telmex_dashboard.py:2240"", ""status"": ""include_router_static; conditional/runtime execution unverified""}]",[],[],"[{""key"": ""admin.root"", ""roles"": [""admin"", ""superadmin"", ""super_admin""], ""actions"": [""ver""], ""evidence"": ""src/devnous/gastos/services/access_control_service.py:125""}, {""key"": ""admin.gastos.dashboard"", ""roles"": [""finanzas"", ""admin"", ""superadmin"", ""super_admin""], ""actions"": [""ver""], ""evidence"": ""src/devnous/gastos/services/access_control_service.py:141""}, {""key"": ""admin.gastos.amex"", ""roles"": [""finanzas"", ""admin"", ""superadmin"", ""super_admin""], ""actions"": [""ver"", ""crear"", ""editar""], ""evidence"": ""src/devnous/gastos/services/access_control_service.py:212""}]","UNPROVEN: guards/dependencies are evidence, not a complete effective-role matrix",accounting,live_entrypoint_static,"[""ensure_amex_reconciliation_posting(session, year=selected_year, month=selected_month, card_account=card_account)"", ""require_admin_finanzas()""]",ROUTE OWNER ONLY; service authority unproven: src/devnous/gastos/routes/user_routes.py:amex_conciliacion_validate_notify,"[""notify_amex_reconciliation_validated""]",accounting_amex_conciliacion_validate_notify_post_a66905,accounting:write; never grants business authority,"[""current_empleado"", ""year"", ""month"", ""amex_card_account_id""]",current employee + effective faculty + object + organization/legal entity + portfolio/tournament; UNPROVEN,write_or_effect_candidate,trusted human approval of exact draft/version/amount/currency/destination/digest; recheck at commit,scoped source IDs/version and redacted durable receipt; writes need canonical transactional dedup + postcondition,"[""role/object/company deny"", ""revoked/expired"", ""isolation"", ""read purity"", ""exact confirmation/version"", ""retry/crash/no duplicates"", ""verified receipt""]",DISABLED; CANONICAL_SCOPE_UNPROVEN; route presence is not adapter or UI parity proof
e6a079935aac,src/devnous/gastos/routes/user_routes.py,21413,amex_conciliacion_view,GET,"[""/admin/gastos/amex/conciliacion""]",/admin/gastos/amex/conciliacion,"[""GET""]","[{""prefix"": """", ""evidence"": ""copa_telmex_dashboard.py:2240"", ""status"": ""include_router_static; conditional/runtime execution unverified""}]",[],[],"[{""key"": ""admin.root"", ""roles"": [""admin"", ""superadmin"", ""super_admin""], ""actions"": [""ver""], ""evidence"": ""src/devnous/gastos/services/access_control_service.py:125""}, {""key"": ""admin.gastos.dashboard"", ""roles"": [""finanzas"", ""admin"", ""superadmin"", ""super_admin""], ""actions"": [""ver""], ""evidence"": ""src/devnous/gastos/services/access_control_service.py:141""}, {""key"": ""admin.gastos.amex"", ""roles"": [""finanzas"", ""admin"", ""superadmin"", ""super_admin""], ""actions"": [""ver"", ""crear"", ""editar""], ""evidence"": ""src/devnous/gastos/services/access_control_service.py:212""}]","UNPROVEN: guards/dependencies are evidence, not a complete effective-role matrix",accounting,live_entrypoint_static,"[""require_admin_finanzas()""]",ROUTE OWNER ONLY; service authority unproven: src/devnous/gastos/routes/user_routes.py:amex_conciliacion_view,[],accounting_amex_conciliacion_view_get_e6a079,accounting:read; never grants business authority,"[""current_empleado"", ""year"", ""month"", ""msg"", ""error_msg""]",current employee + effective faculty + object + organization/legal entity + portfolio/tournament; UNPROVEN,read_candidate; side effects NOT verified,none only after read-purity proof,scoped source IDs/version and redacted durable receipt; writes need canonical transactional dedup + postcondition,"[""role/object/company deny"", ""revoked/expired"", ""isolation"", ""read purity""]",DISABLED; CANONICAL_SCOPE_UNPROVEN; route presence is not adapter or UI parity proof
cc82432c3680,src/devnous/gastos/routes/user_routes.py,21986,contabilidad_cuentas_por_cobrar_view,GET,"[""/admin/contabilidad/cuentas-por-cobrar""]",/admin/contabilidad/cuentas-por-cobrar,"[""GET""]","[{""prefix"": """", ""evidence"": ""copa_telmex_dashboard.py:2240"", ""status"": ""include_router_static; conditional/runtime execution unverified""}]","[""src/devnous/gastos/routes/user_routes.py:21952:_cxc_can_assign_income_cfdi""]",[],"[{""key"": ""admin.root"", ""roles"": [""admin"", ""superadmin"", ""super_admin""], ""actions"": [""ver""], ""evidence"": ""src/devnous/gastos/services/access_control_service.py:125""}, {""key"": ""admin.contabilidad"", ""roles"": [""finanzas"", ""admin"", ""superadmin"", ""super_admin""], ""actions"": [""ver"", ""crear"", ""editar"", ""exportar"", ""administrar""], ""evidence"": ""src/devnous/gastos/services/access_control_service.py:301""}]","UNPROVEN: guards/dependencies are evidence, not a complete effective-role matrix",receivables,live_entrypoint_static,"[""ensure_budget_schema(session)"", ""ensure_cfdi_income_tournament_assignment_schema(session)"", ""require_admin_finanzas()""]",ROUTE OWNER ONLY; service authority unproven: src/devnous/gastos/routes/user_routes.py:contabilidad_cuentas_por_cobrar_view,[],receivables_contabilidad_cuentas_por_cobrar_view_get_cc8243,receivables:read; never grants business authority,"[""current_empleado"", ""desde"", ""hasta"", ""estado"", ""cliente"", ""dias_credito"", ""torneo_id"", ""edition_year"", ""success_msg"", ""error_msg""]",current employee + effective faculty + object + organization/legal entity + portfolio/tournament; UNPROVEN,read_candidate; side effects NOT verified,none only after read-purity proof,scoped source IDs/version and redacted durable receipt; writes need canonical transactional dedup + postcondition,"[""role/object/company deny"", ""revoked/expired"", ""isolation"", ""read purity""]",DISABLED; CANONICAL_SCOPE_UNPROVEN; route presence is not adapter or UI parity proof
57ec38c7a0b0,src/devnous/gastos/routes/user_routes.py,22433,contabilidad_cxc_assign_cfdi_income_tournament,POST,"[""/admin/contabilidad/cuentas-por-cobrar/cfdi-ingresos/assign""]",/admin/contabilidad/cuentas-por-cobrar/cfdi-ingresos/assign,"[""POST""]","[{""prefix"": """", ""evidence"": ""copa_telmex_dashboard.py:2240"", ""status"": ""include_router_static; conditional/runtime execution unverified""}]","[""src/devnous/gastos/routes/user_routes.py:21952:_cxc_can_assign_income_cfdi""]",[],"[{""key"": ""admin.root"", ""roles"": [""admin"", ""superadmin"", ""super_admin""], ""actions"": [""ver""], ""evidence"": ""src/devnous/gastos/services/access_control_service.py:125""}, {""key"": ""admin.contabilidad"", ""roles"": [""finanzas"", ""admin"", ""superadmin"", ""super_admin""], ""actions"": [""ver"", ""crear"", ""editar"", ""exportar"", ""administrar""], ""evidence"": ""src/devnous/gastos/services/access_control_service.py:301""}]","UNPROVEN: guards/dependencies are evidence, not a complete effective-role matrix",receivables,live_entrypoint_static,"[""require_admin_finanzas()""]",ROUTE OWNER ONLY; service authority unproven: src/devnous/gastos/routes/user_routes.py:contabilidad_cxc_assign_cfdi_income_tournament,[],receivables_contabilidad_cxc_assign_cfdi_income_tourname_57ec38,receivables:write; never grants business authority,"[""cfdi_report_id"", ""tournament_id"", ""edition_year"", ""return_to"", ""current_empleado""]",current employee + effective faculty + object + organization/legal entity + portfolio/tournament; UNPROVEN,write_or_effect_candidate,trusted human approval of exact draft/version/amount/currency/destination/digest; recheck at commit,scoped source IDs/version and redacted durable receipt; writes need canonical transactional dedup + postcondition,"[""role/object/company deny"", ""revoked/expired"", ""isolation"", ""read purity"", ""exact confirmation/version"", ""retry/crash/no duplicates"", ""verified receipt""]",DISABLED; CANONICAL_SCOPE_UNPROVEN; route presence is not adapter or UI parity proof
875e85afd04c,src/devnous/gastos/routes/user_routes.py,22477,contabilidad_cuentas_por_pagar_view,GET,"[""/admin/contabilidad/cuentas-por-pagar""]",/admin/contabilidad/cuentas-por-pagar,"[""GET""]","[{""prefix"": """", ""evidence"": ""copa_telmex_dashboard.py:2240"", ""status"": ""include_router_static; conditional/runtime execution unverified""}]",[],[],"[{""key"": ""admin.root"", ""roles"": [""admin"", ""superadmin"", ""super_admin""], ""actions"": [""ver""], ""evidence"": ""src/devnous/gastos/services/access_control_service.py:125""}, {""key"": ""admin.contabilidad"", ""roles"": [""finanzas"", ""admin"", ""superadmin"", ""super_admin""], ""actions"": [""ver"", ""crear"", ""editar"", ""exportar"", ""administrar""], ""evidence"": ""src/devnous/gastos/services/access_control_service.py:301""}]","UNPROVEN: guards/dependencies are evidence, not a complete effective-role matrix",accounting,live_entrypoint_static,"[""require_admin_finanzas()""]",ROUTE OWNER ONLY; service authority unproven: src/devnous/gastos/routes/user_routes.py:contabilidad_cuentas_por_pagar_view,[],accounting_contabilidad_cuentas_por_pagar_view_get_875e85,accounting:read; never grants business authority,"[""current_empleado"", ""desde"", ""hasta"", ""estado"", ""proveedor""]",current employee + effective faculty + object + organization/legal entity + portfolio/tournament; UNPROVEN,read_candidate; side effects NOT verified,none only after read-purity proof,scoped source IDs/version and redacted durable receipt; writes need canonical transactional dedup + postcondition,"[""role/object/company deny"", ""revoked/expired"", ""isolation"", ""read purity""]",DISABLED; CANONICAL_SCOPE_UNPROVEN; route presence is not adapter or UI parity proof
e66a5a499b3e,src/devnous/gastos/routes/user_routes.py,22692,contabilidad_cash_flow_view,GET,"[""/admin/contabilidad/cash-flow""]",/admin/contabilidad/cash-flow,"[""GET""]","[{""prefix"": """", ""evidence"": ""copa_telmex_dashboard.py:2240"", ""status"": ""include_router_static; conditional/runtime execution unverified""}]",[],[],"[{""key"": ""admin.root"", ""roles"": [""admin"", ""superadmin"", ""super_admin""], ""actions"": [""ver""], ""evidence"": ""src/devnous/gastos/services/access_control_service.py:125""}, {""key"": ""admin.contabilidad"", ""roles"": [""finanzas"", ""admin"", ""superadmin"", ""super_admin""], ""actions"": [""ver"", ""crear"", ""editar"", ""exportar"", ""administrar""], ""evidence"": ""src/devnous/gastos/services/access_control_service.py:301""}]","UNPROVEN: guards/dependencies are evidence, not a complete effective-role matrix",accounting,live_entrypoint_static,"[""(proyecto_scope or 'all').strip()"", ""_ensure_cfdi_project_assignment_schema(session)"", ""require_admin_finanzas()"", ""selected_project_scope.split(':', 1)"", ""selected_project_scope.split(':', 1)[1].strip()"", ""selected_project_scope.startswith('otro:')"", ""selected_project_scope.startswith('tournament:')""]",ROUTE OWNER ONLY; service authority unproven: src/devnous/gastos/routes/user_routes.py:contabilidad_cash_flow_view,"[""committed_conditions.append"", ""committed_result.scalars"", ""committed_result.scalars().all"", ""select(Documento).options(selectinload(Documento.proveedor_cliente), selectinload(Documento.beneficiario_empleado), selectinload(Documento.torneo)).where(and_(*committed_conditions)).order_by""]",accounting_contabilidad_cash_flow_view_get_e66a5a,accounting:read; never grants business authority,"[""current_empleado"", ""year"", ""month"", ""horizon_days"", ""dias_credito"", ""periodo"", ""cuenta_bancaria"", ""proyecto_scope""]",current employee + effective faculty + object + organization/legal entity + portfolio/tournament; UNPROVEN,read_candidate; side effects NOT verified,none only after read-purity proof,scoped source IDs/version and redacted durable receipt; writes need canonical transactional dedup + postcondition,"[""role/object/company deny"", ""revoked/expired"", ""isolation"", ""read purity""]",DISABLED; CANONICAL_SCOPE_UNPROVEN; route presence is not adapter or UI parity proof
85dc0398c039,src/devnous/gastos/routes/user_routes.py,23622,contabilidad_cash_flow_export_xlsx,GET,"[""/admin/contabilidad/cash-flow/export.xlsx""]",/admin/contabilidad/cash-flow/export.xlsx,"[""GET""]","[{""prefix"": """", ""evidence"": ""copa_telmex_dashboard.py:2240"", ""status"": ""include_router_static; conditional/runtime execution unverified""}]",[],[],"[{""key"": ""admin.root"", ""roles"": [""admin"", ""superadmin"", ""super_admin""], ""actions"": [""ver""], ""evidence"": ""src/devnous/gastos/services/access_control_service.py:125""}, {""key"": ""admin.contabilidad"", ""roles"": [""finanzas"", ""admin"", ""superadmin"", ""super_admin""], ""actions"": [""ver"", ""crear"", ""editar"", ""exportar"", ""administrar""], ""evidence"": ""src/devnous/gastos/services/access_control_service.py:301""}]","UNPROVEN: guards/dependencies are evidence, not a complete effective-role matrix",accounting,live_entrypoint_static,"[""(proyecto_scope or 'all').strip()"", ""require_admin_finanzas()"", ""selected_project_scope.split(':', 1)"", ""selected_project_scope.split(':', 1)[1].strip()"", ""selected_project_scope.startswith('otro:')"", ""selected_project_scope.startswith('tournament:')""]",ROUTE OWNER ONLY; service authority unproven: src/devnous/gastos/routes/user_routes.py:contabilidad_cash_flow_export_xlsx,"[""committed_conditions.append"", ""committed_result.scalars"", ""committed_result.scalars().all"", ""select(Documento).options(selectinload(Documento.proveedor_cliente), selectinload(Documento.beneficiario_empleado), selectinload(Documento.torneo)).where(and_(*committed_conditions)).order_by""]",accounting_contabilidad_cash_flow_export_xlsx_get_85dc03,accounting:read; never grants business authority,"[""current_empleado"", ""year"", ""month"", ""horizon_days"", ""dias_credito"", ""cuenta_bancaria"", ""proyecto_scope""]",current employee + effective faculty + object + organization/legal entity + portfolio/tournament; UNPROVEN,read_candidate; side effects NOT verified,none only after read-purity proof,scoped source IDs/version and redacted durable receipt; writes need canonical transactional dedup + postcondition,"[""role/object/company deny"", ""revoked/expired"", ""isolation"", ""read purity""]",DISABLED; CANONICAL_SCOPE_UNPROVEN; route presence is not adapter or UI parity proof
3449695565a0,src/devnous/gastos/routes/user_routes.py,24189,contabilidad_tesoreria_matches_view,GET,"[""/admin/contabilidad/tesoreria-matches""]",/admin/contabilidad/tesoreria-matches,"[""GET""]","[{""prefix"": """", ""evidence"": ""copa_telmex_dashboard.py:2240"", ""status"": ""include_router_static; conditional/runtime execution unverified""}]",[],[],"[{""key"": ""admin.root"", ""roles"": [""admin"", ""superadmin"", ""super_admin""], ""actions"": [""ver""], ""evidence"": ""src/devnous/gastos/services/access_control_service.py:125""}, {""key"": ""admin.contabilidad"", ""roles"": [""finanzas"", ""admin"", ""superadmin"", ""super_admin""], ""actions"": [""ver"", ""crear"", ""editar"", ""exportar"", ""administrar""], ""evidence"": ""src/devnous/gastos/services/access_control_service.py:301""}]","UNPROVEN: guards/dependencies are evidence, not a complete effective-role matrix",accounting,live_entrypoint_static,"[""require_admin_finanzas()""]",ROUTE OWNER ONLY; service authority unproven: src/devnous/gastos/routes/user_routes.py:contabilidad_tesoreria_matches_view,[],accounting_contabilidad_tesoreria_matches_view_get_344969,accounting:read; never grants business authority,"[""current_empleado"", ""year"", ""month"", ""horizon_days"", ""dias_credito"", ""tolerance"", ""min_score"", ""tipo""]",current employee + effective faculty + object + organization/legal entity + portfolio/tournament; UNPROVEN,read_candidate; side effects NOT verified,none only after read-purity proof,scoped source IDs/version and redacted durable receipt; writes need canonical transactional dedup + postcondition,"[""role/object/company deny"", ""revoked/expired"", ""isolation"", ""read purity""]",DISABLED; CANONICAL_SCOPE_UNPROVEN; route presence is not adapter or UI parity proof
50377dc458c7,src/devnous/gastos/routes/user_routes.py,24626,contabilidad_tesoreria_matches_accept,POST,"[""/admin/contabilidad/tesoreria-matches/accept""]",/admin/contabilidad/tesoreria-matches/accept,"[""POST""]","[{""prefix"": """", ""evidence"": ""copa_telmex_dashboard.py:2240"", ""status"": ""include_router_static; conditional/runtime execution unverified""}]",[],[],"[{""key"": ""admin.root"", ""roles"": [""admin"", ""superadmin"", ""super_admin""], ""actions"": [""ver""], ""evidence"": ""src/devnous/gastos/services/access_control_service.py:125""}, {""key"": ""admin.contabilidad"", ""roles"": [""finanzas"", ""admin"", ""superadmin"", ""super_admin""], ""actions"": [""ver"", ""crear"", ""editar"", ""exportar"", ""administrar""], ""evidence"": ""src/devnous/gastos/services/access_control_service.py:301""}]","UNPROVEN: guards/dependencies are evidence, not a complete effective-role matrix",accounting,live_entrypoint_static,"[""require_admin_finanzas()""]",ROUTE OWNER ONLY; service authority unproven: src/devnous/gastos/routes/user_routes.py:contabilidad_tesoreria_matches_accept,"[""session.commit""]",accounting_contabilidad_tesoreria_matches_accept_post_50377d,accounting:write; never grants business authority,"[""movement_id"", ""cfdi_id"", ""direction"", ""year"", ""month"", ""horizon_days"", ""dias_credito"", ""tolerance"", ""min_score"", ""tipo"", ""current_empleado""]",current employee + effective faculty + object + organization/legal entity + portfolio/tournament; UNPROVEN,write_or_effect_candidate,trusted human approval of exact draft/version/amount/currency/destination/digest; recheck at commit,scoped source IDs/version and redacted durable receipt; writes need canonical transactional dedup + postcondition,"[""role/object/company deny"", ""revoked/expired"", ""isolation"", ""read purity"", ""exact confirmation/version"", ""retry/crash/no duplicates"", ""verified receipt""]",DISABLED; CANONICAL_SCOPE_UNPROVEN; route presence is not adapter or UI parity proof
09b6af13e8ad,src/devnous/gastos/routes/user_routes.py,24800,contabilidad_tesoreria_payment_request_accept,POST,"[""/admin/contabilidad/tesoreria-matches/accept-payment-request""]",/admin/contabilidad/tesoreria-matches/accept-payment-request,"[""POST""]","[{""prefix"": """", ""evidence"": ""copa_telmex_dashboard.py:2240"", ""status"": ""include_router_static; conditional/runtime execution unverified""}]",[],[],"[{""key"": ""admin.root"", ""roles"": [""admin"", ""superadmin"", ""super_admin""], ""actions"": [""ver""], ""evidence"": ""src/devnous/gastos/services/access_control_service.py:125""}, {""key"": ""admin.contabilidad"", ""roles"": [""finanzas"", ""admin"", ""superadmin"", ""super_admin""], ""actions"": [""ver"", ""crear"", ""editar"", ""exportar"", ""administrar""], ""evidence"": ""src/devnous/gastos/services/access_control_service.py:301""}]","UNPROVEN: guards/dependencies are evidence, not a complete effective-role matrix",payments,live_entrypoint_static,"[""require_admin_finanzas()""]",ROUTE OWNER ONLY; service authority unproven: src/devnous/gastos/routes/user_routes.py:contabilidad_tesoreria_payment_request_accept,"[""session.commit""]",payments_contabilidad_tesoreria_payment_request_accept_p_09b6af,payments:write; never grants business authority,"[""movement_id"", ""documento_id"", ""year"", ""month"", ""tolerance"", ""min_score"", ""current_empleado""]",current employee + effective faculty + object + organization/legal entity + portfolio/tournament; UNPROVEN,write_or_effect_candidate,trusted human approval of exact draft/version/amount/currency/destination/digest; recheck at commit,scoped source IDs/version and redacted durable receipt; writes need canonical transactional dedup + postcondition,"[""role/object/company deny"", ""revoked/expired"", ""isolation"", ""read purity"", ""exact confirmation/version"", ""retry/crash/no duplicates"", ""verified receipt""]",DISABLED; CANONICAL_SCOPE_UNPROVEN; route presence is not adapter or UI parity proof
cb419395d43a,src/devnous/gastos/routes/user_routes.py,24849,contabilidad_tesoreria_matches_undo,POST,"[""/admin/contabilidad/tesoreria-matches/{movement_id}/undo""]",/admin/contabilidad/tesoreria-matches/{movement_id}/undo,"[""POST""]","[{""prefix"": """", ""evidence"": ""copa_telmex_dashboard.py:2240"", ""status"": ""include_router_static; conditional/runtime execution unverified""}]",[],[],"[{""key"": ""admin.root"", ""roles"": [""admin"", ""superadmin"", ""super_admin""], ""actions"": [""ver""], ""evidence"": ""src/devnous/gastos/services/access_control_service.py:125""}, {""key"": ""admin.contabilidad"", ""roles"": [""finanzas"", ""admin"", ""superadmin"", ""super_admin""], ""actions"": [""ver"", ""crear"", ""editar"", ""exportar"", ""administrar""], ""evidence"": ""src/devnous/gastos/services/access_control_service.py:301""}]","UNPROVEN: guards/dependencies are evidence, not a complete effective-role matrix",accounting,live_entrypoint_static,"[""require_admin_finanzas()""]",ROUTE OWNER ONLY; service authority unproven: src/devnous/gastos/routes/user_routes.py:contabilidad_tesoreria_matches_undo,"[""session.commit""]",accounting_contabilidad_tesoreria_matches_undo_post_cb4193,accounting:write; never grants business authority,"[""movement_id"", ""year"", ""month"", ""horizon_days"", ""dias_credito"", ""tolerance"", ""min_score"", ""tipo"", ""current_empleado""]",current employee + effective faculty + object + organization/legal entity + portfolio/tournament; UNPROVEN,write_or_effect_candidate,trusted human approval of exact draft/version/amount/currency/destination/digest; recheck at commit,scoped source IDs/version and redacted durable receipt; writes need canonical transactional dedup + postcondition,"[""role/object/company deny"", ""revoked/expired"", ""isolation"", ""read purity"", ""exact confirmation/version"", ""retry/crash/no duplicates"", ""verified receipt""]",DISABLED; CANONICAL_SCOPE_UNPROVEN; route presence is not adapter or UI parity proof
754fbd8ba4c0,src/devnous/gastos/routes/user_routes.py,24928,contabilidad_tesoreria_matches_export_xlsx,GET,"[""/admin/contabilidad/tesoreria-matches/export.xlsx""]",/admin/contabilidad/tesoreria-matches/export.xlsx,"[""GET""]","[{""prefix"": """", ""evidence"": ""copa_telmex_dashboard.py:2240"", ""status"": ""include_router_static; conditional/runtime execution unverified""}]",[],[],"[{""key"": ""admin.root"", ""roles"": [""admin"", ""superadmin"", ""super_admin""], ""actions"": [""ver""], ""evidence"": ""src/devnous/gastos/services/access_control_service.py:125""}, {""key"": ""admin.contabilidad"", ""roles"": [""finanzas"", ""admin"", ""superadmin"", ""super_admin""], ""actions"": [""ver"", ""crear"", ""editar"", ""exportar"", ""administrar""], ""evidence"": ""src/devnous/gastos/services/access_control_service.py:301""}]","UNPROVEN: guards/dependencies are evidence, not a complete effective-role matrix",accounting,live_entrypoint_static,"[""require_admin_finanzas()""]",ROUTE OWNER ONLY; service authority unproven: src/devnous/gastos/routes/user_routes.py:contabilidad_tesoreria_matches_export_xlsx,[],accounting_contabilidad_tesoreria_matches_export_xlsx_ge_754fbd,accounting:read; never grants business authority,"[""current_empleado"", ""year"", ""month"", ""horizon_days"", ""dias_credito"", ""tolerance"", ""min_score"", ""tipo""]",current employee + effective faculty + object + organization/legal entity + portfolio/tournament; UNPROVEN,read_candidate; side effects NOT verified,none only after read-purity proof,scoped source IDs/version and redacted durable receipt; writes need canonical transactional dedup + postcondition,"[""role/object/company deny"", ""revoked/expired"", ""isolation"", ""read purity""]",DISABLED; CANONICAL_SCOPE_UNPROVEN; route presence is not adapter or UI parity proof
1490cf83839b,src/devnous/gastos/routes/user_routes.py,25198,contabilidad_conciliacion_view,GET,"[""/admin/contabilidad/conciliacion""]",/admin/contabilidad/conciliacion,"[""GET""]","[{""prefix"": """", ""evidence"": ""copa_telmex_dashboard.py:2240"", ""status"": ""include_router_static; conditional/runtime execution unverified""}]",[],[],"[{""key"": ""admin.root"", ""roles"": [""admin"", ""superadmin"", ""super_admin""], ""actions"": [""ver""], ""evidence"": ""src/devnous/gastos/services/access_control_service.py:125""}, {""key"": ""admin.contabilidad"", ""roles"": [""finanzas"", ""admin"", ""superadmin"", ""super_admin""], ""actions"": [""ver"", ""crear"", ""editar"", ""exportar"", ""administrar""], ""evidence"": ""src/devnous/gastos/services/access_control_service.py:301""}]","UNPROVEN: guards/dependencies are evidence, not a complete effective-role matrix",accounting,live_entrypoint_static,"[""require_admin_finanzas()""]",ROUTE OWNER ONLY; service authority unproven: src/devnous/gastos/routes/user_routes.py:contabilidad_conciliacion_view,[],accounting_contabilidad_conciliacion_view_get_1490cf,accounting:read; never grants business authority,"[""current_empleado"", ""year"", ""month"", ""status"", ""cuenta"", ""proveedor"", ""with_poliza"", ""aging""]",current employee + effective faculty + object + organization/legal entity + portfolio/tournament; UNPROVEN,read_candidate; side effects NOT verified,none only after read-purity proof,scoped source IDs/version and redacted durable receipt; writes need canonical transactional dedup + postcondition,"[""role/object/company deny"", ""revoked/expired"", ""isolation"", ""read purity""]",DISABLED; CANONICAL_SCOPE_UNPROVEN; route presence is not adapter or UI parity proof
a612c8733096,src/devnous/gastos/routes/user_routes.py,25765,contabilidad_conciliacion_recalculate_bank,POST,"[""/admin/contabilidad/conciliacion/recalculate-bank""]",/admin/contabilidad/conciliacion/recalculate-bank,"[""POST""]","[{""prefix"": """", ""evidence"": ""copa_telmex_dashboard.py:2240"", ""status"": ""include_router_static; conditional/runtime execution unverified""}]",[],[],"[{""key"": ""admin.root"", ""roles"": [""admin"", ""superadmin"", ""super_admin""], ""actions"": [""ver""], ""evidence"": ""src/devnous/gastos/services/access_control_service.py:125""}, {""key"": ""admin.contabilidad"", ""roles"": [""finanzas"", ""admin"", ""superadmin"", ""super_admin""], ""actions"": [""ver"", ""crear"", ""editar"", ""exportar"", ""administrar""], ""evidence"": ""src/devnous/gastos/services/access_control_service.py:301""}]","UNPROVEN: guards/dependencies are evidence, not a complete effective-role matrix",accounting,live_entrypoint_static,"[""require_admin_finanzas()""]",ROUTE OWNER ONLY; service authority unproven: src/devnous/gastos/routes/user_routes.py:contabilidad_conciliacion_recalculate_bank,[],accounting_contabilidad_conciliacion_recalculate_bank_po_a612c8,accounting:write; never grants business authority,"[""current_empleado"", ""year"", ""month"", ""return_to""]",current employee + effective faculty + object + organization/legal entity + portfolio/tournament; UNPROVEN,write_or_effect_candidate,trusted human approval of exact draft/version/amount/currency/destination/digest; recheck at commit,scoped source IDs/version and redacted durable receipt; writes need canonical transactional dedup + postcondition,"[""role/object/company deny"", ""revoked/expired"", ""isolation"", ""read purity"", ""exact confirmation/version"", ""retry/crash/no duplicates"", ""verified receipt""]",DISABLED; CANONICAL_SCOPE_UNPROVEN; route presence is not adapter or UI parity proof
8c397335de50,src/devnous/gastos/routes/user_routes.py,25818,contabilidad_conciliacion_seed_and_recalculate,POST,"[""/admin/contabilidad/conciliacion/seed-and-recalculate""]",/admin/contabilidad/conciliacion/seed-and-recalculate,"[""POST""]","[{""prefix"": """", ""evidence"": ""copa_telmex_dashboard.py:2240"", ""status"": ""include_router_static; conditional/runtime execution unverified""}]",[],[],"[{""key"": ""admin.root"", ""roles"": [""admin"", ""superadmin"", ""super_admin""], ""actions"": [""ver""], ""evidence"": ""src/devnous/gastos/services/access_control_service.py:125""}, {""key"": ""admin.contabilidad"", ""roles"": [""finanzas"", ""admin"", ""superadmin"", ""super_admin""], ""actions"": [""ver"", ""crear"", ""editar"", ""exportar"", ""administrar""], ""evidence"": ""src/devnous/gastos/services/access_control_service.py:301""}]","UNPROVEN: guards/dependencies are evidence, not a complete effective-role matrix",accounting,live_entrypoint_static,"[""require_admin_finanzas()""]",ROUTE OWNER ONLY; service authority unproven: src/devnous/gastos/routes/user_routes.py:contabilidad_conciliacion_seed_and_recalculate,[],accounting_contabilidad_conciliacion_seed_and_recalculat_8c3973,accounting:write; never grants business authority,"[""current_empleado"", ""empleado_correo"", ""proyecto"", ""year"", ""month"", ""limit"", ""modo_seed"", ""require_outflow"", ""return_to""]",current employee + effective faculty + object + organization/legal entity + portfolio/tournament; UNPROVEN,write_or_effect_candidate,trusted human approval of exact draft/version/amount/currency/destination/digest; recheck at commit,scoped source IDs/version and redacted durable receipt; writes need canonical transactional dedup + postcondition,"[""role/object/company deny"", ""revoked/expired"", ""isolation"", ""read purity"", ""exact confirmation/version"", ""retry/crash/no duplicates"", ""verified receipt""]",DISABLED; CANONICAL_SCOPE_UNPROVEN; route presence is not adapter or UI parity proof
2c338b02ab8b,src/devnous/gastos/routes/user_routes.py,26155,contabilidad_conciliacion_review,GET,"[""/admin/contabilidad/conciliacion/{movement_id}""]",/admin/contabilidad/conciliacion/{movement_id},"[""GET""]","[{""prefix"": """", ""evidence"": ""copa_telmex_dashboard.py:2240"", ""status"": ""include_router_static; conditional/runtime execution unverified""}]",[],[],"[{""key"": ""admin.root"", ""roles"": [""admin"", ""superadmin"", ""super_admin""], ""actions"": [""ver""], ""evidence"": ""src/devnous/gastos/services/access_control_service.py:125""}, {""key"": ""admin.contabilidad"", ""roles"": [""finanzas"", ""admin"", ""superadmin"", ""super_admin""], ""actions"": [""ver"", ""crear"", ""editar"", ""exportar"", ""administrar""], ""evidence"": ""src/devnous/gastos/services/access_control_service.py:301""}]","UNPROVEN: guards/dependencies are evidence, not a complete effective-role matrix",accounting,live_entrypoint_static,"[""require_admin_finanzas()""]",ROUTE OWNER ONLY; service authority unproven: src/devnous/gastos/routes/user_routes.py:contabilidad_conciliacion_review,[],accounting_contabilidad_conciliacion_review_get_2c338b,accounting:read; never grants business authority,"[""movement_id"", ""current_empleado""]",current employee + effective faculty + object + organization/legal entity + portfolio/tournament; UNPROVEN,read_candidate; side effects NOT verified,none only after read-purity proof,scoped source IDs/version and redacted durable receipt; writes need canonical transactional dedup + postcondition,"[""role/object/company deny"", ""revoked/expired"", ""isolation"", ""read purity""]",DISABLED; CANONICAL_SCOPE_UNPROVEN; route presence is not adapter or UI parity proof
a8b4bd254f6b,src/devnous/gastos/routes/user_routes.py,26591,contabilidad_conciliacion_accept,POST,"[""/admin/contabilidad/conciliacion/{movement_id}/accept""]",/admin/contabilidad/conciliacion/{movement_id}/accept,"[""POST""]","[{""prefix"": """", ""evidence"": ""copa_telmex_dashboard.py:2240"", ""status"": ""include_router_static; conditional/runtime execution unverified""}]",[],[],"[{""key"": ""admin.root"", ""roles"": [""admin"", ""superadmin"", ""super_admin""], ""actions"": [""ver""], ""evidence"": ""src/devnous/gastos/services/access_control_service.py:125""}, {""key"": ""admin.contabilidad"", ""roles"": [""finanzas"", ""admin"", ""superadmin"", ""super_admin""], ""actions"": [""ver"", ""crear"", ""editar"", ""exportar"", ""administrar""], ""evidence"": ""src/devnous/gastos/services/access_control_service.py:301""}]","UNPROVEN: guards/dependencies are evidence, not a complete effective-role matrix",accounting,live_entrypoint_static,"[""require_admin_finanzas()""]",ROUTE OWNER ONLY; service authority unproven: src/devnous/gastos/routes/user_routes.py:contabilidad_conciliacion_accept,"[""session.commit""]",accounting_contabilidad_conciliacion_accept_post_a8b4bd,accounting:write; never grants business authority,"[""movement_id"", ""current_empleado""]",current employee + effective faculty + object + organization/legal entity + portfolio/tournament; UNPROVEN,write_or_effect_candidate,trusted human approval of exact draft/version/amount/currency/destination/digest; recheck at commit,scoped source IDs/version and redacted durable receipt; writes need canonical transactional dedup + postcondition,"[""role/object/company deny"", ""revoked/expired"", ""isolation"", ""read purity"", ""exact confirmation/version"", ""retry/crash/no duplicates"", ""verified receipt""]",DISABLED; CANONICAL_SCOPE_UNPROVEN; route presence is not adapter or UI parity proof
84fbf361fc8d,src/devnous/gastos/routes/user_routes.py,26615,contabilidad_conciliacion_reject,POST,"[""/admin/contabilidad/conciliacion/{movement_id}/reject""]",/admin/contabilidad/conciliacion/{movement_id}/reject,"[""POST""]","[{""prefix"": """", ""evidence"": ""copa_telmex_dashboard.py:2240"", ""status"": ""include_router_static; conditional/runtime execution unverified""}]",[],[],"[{""key"": ""admin.root"", ""roles"": [""admin"", ""superadmin"", ""super_admin""], ""actions"": [""ver""], ""evidence"": ""src/devnous/gastos/services/access_control_service.py:125""}, {""key"": ""admin.contabilidad"", ""roles"": [""finanzas"", ""admin"", ""superadmin"", ""super_admin""], ""actions"": [""ver"", ""crear"", ""editar"", ""exportar"", ""administrar""], ""evidence"": ""src/devnous/gastos/services/access_control_service.py:301""}]","UNPROVEN: guards/dependencies are evidence, not a complete effective-role matrix",accounting,live_entrypoint_static,"[""require_admin_finanzas()""]",ROUTE OWNER ONLY; service authority unproven: src/devnous/gastos/routes/user_routes.py:contabilidad_conciliacion_reject,"[""session.commit""]",accounting_contabilidad_conciliacion_reject_post_84fbf3,accounting:write; never grants business authority,"[""movement_id"", ""current_empleado""]",current employee + effective faculty + object + organization/legal entity + portfolio/tournament; UNPROVEN,write_or_effect_candidate,trusted human approval of exact draft/version/amount/currency/destination/digest; recheck at commit,scoped source IDs/version and redacted durable receipt; writes need canonical transactional dedup + postcondition,"[""role/object/company deny"", ""revoked/expired"", ""isolation"", ""read purity"", ""exact confirmation/version"", ""retry/crash/no duplicates"", ""verified receipt""]",DISABLED; CANONICAL_SCOPE_UNPROVEN; route presence is not adapter or UI parity proof
7cf64aefebc2,src/devnous/gastos/routes/user_routes.py,26643,contabilidad_conciliacion_link_aux,POST,"[""/admin/contabilidad/conciliacion/{movement_id}/link-aux""]",/admin/contabilidad/conciliacion/{movement_id}/link-aux,"[""POST""]","[{""prefix"": """", ""evidence"": ""copa_telmex_dashboard.py:2240"", ""status"": ""include_router_static; conditional/runtime execution unverified""}]",[],[],"[{""key"": ""admin.root"", ""roles"": [""admin"", ""superadmin"", ""super_admin""], ""actions"": [""ver""], ""evidence"": ""src/devnous/gastos/services/access_control_service.py:125""}, {""key"": ""admin.contabilidad"", ""roles"": [""finanzas"", ""admin"", ""superadmin"", ""super_admin""], ""actions"": [""ver"", ""crear"", ""editar"", ""exportar"", ""administrar""], ""evidence"": ""src/devnous/gastos/services/access_control_service.py:301""}]","UNPROVEN: guards/dependencies are evidence, not a complete effective-role matrix",accounting,live_entrypoint_static,"[""require_admin_finanzas()""]",ROUTE OWNER ONLY; service authority unproven: src/devnous/gastos/routes/user_routes.py:contabilidad_conciliacion_link_aux,"[""session.commit""]",accounting_contabilidad_conciliacion_link_aux_post_7cf64a,accounting:write; never grants business authority,"[""movement_id"", ""aux_entry_id"", ""current_empleado""]",current employee + effective faculty + object + organization/legal entity + portfolio/tournament; UNPROVEN,write_or_effect_candidate,trusted human approval of exact draft/version/amount/currency/destination/digest; recheck at commit,scoped source IDs/version and redacted durable receipt; writes need canonical transactional dedup + postcondition,"[""role/object/company deny"", ""revoked/expired"", ""isolation"", ""read purity"", ""exact confirmation/version"", ""retry/crash/no duplicates"", ""verified receipt""]",DISABLED; CANONICAL_SCOPE_UNPROVEN; route presence is not adapter or UI parity proof
2d21086b0b90,src/devnous/gastos/routes/user_routes.py,26676,contabilidad_conciliacion_link_expense,POST,"[""/admin/contabilidad/conciliacion/{movement_id}/link-expense""]",/admin/contabilidad/conciliacion/{movement_id}/link-expense,"[""POST""]","[{""prefix"": """", ""evidence"": ""copa_telmex_dashboard.py:2240"", ""status"": ""include_router_static; conditional/runtime execution unverified""}]",[],[],"[{""key"": ""admin.root"", ""roles"": [""admin"", ""superadmin"", ""super_admin""], ""actions"": [""ver""], ""evidence"": ""src/devnous/gastos/services/access_control_service.py:125""}, {""key"": ""admin.contabilidad"", ""roles"": [""finanzas"", ""admin"", ""superadmin"", ""super_admin""], ""actions"": [""ver"", ""crear"", ""editar"", ""exportar"", ""administrar""], ""evidence"": ""src/devnous/gastos/services/access_control_service.py:301""}]","UNPROVEN: guards/dependencies are evidence, not a complete effective-role matrix",accounting,live_entrypoint_static,"[""require_admin_finanzas()""]",ROUTE OWNER ONLY; service authority unproven: src/devnous/gastos/routes/user_routes.py:contabilidad_conciliacion_link_expense,"[""session.commit""]",accounting_contabilidad_conciliacion_link_expense_post_2d2108,accounting:write; never grants business authority,"[""movement_id"", ""expense_id"", ""current_empleado""]",current employee + effective faculty + object + organization/legal entity + portfolio/tournament; UNPROVEN,write_or_effect_candidate,trusted human approval of exact draft/version/amount/currency/destination/digest; recheck at commit,scoped source IDs/version and redacted durable receipt; writes need canonical transactional dedup + postcondition,"[""role/object/company deny"", ""revoked/expired"", ""isolation"", ""read purity"", ""exact confirmation/version"", ""retry/crash/no duplicates"", ""verified receipt""]",DISABLED; CANONICAL_SCOPE_UNPROVEN; route presence is not adapter or UI parity proof
46c9fc031920,src/devnous/gastos/routes/user_routes.py,26708,contabilidad_conciliacion_link_proveedor,POST,"[""/admin/contabilidad/conciliacion/{movement_id}/link-proveedor""]",/admin/contabilidad/conciliacion/{movement_id}/link-proveedor,"[""POST""]","[{""prefix"": """", ""evidence"": ""copa_telmex_dashboard.py:2240"", ""status"": ""include_router_static; conditional/runtime execution unverified""}]",[],[],"[{""key"": ""admin.root"", ""roles"": [""admin"", ""superadmin"", ""super_admin""], ""actions"": [""ver""], ""evidence"": ""src/devnous/gastos/services/access_control_service.py:125""}, {""key"": ""admin.contabilidad"", ""roles"": [""finanzas"", ""admin"", ""superadmin"", ""super_admin""], ""actions"": [""ver"", ""crear"", ""editar"", ""exportar"", ""administrar""], ""evidence"": ""src/devnous/gastos/services/access_control_service.py:301""}]","UNPROVEN: guards/dependencies are evidence, not a complete effective-role matrix",accounting,live_entrypoint_static,"[""require_admin_finanzas()""]",ROUTE OWNER ONLY; service authority unproven: src/devnous/gastos/routes/user_routes.py:contabilidad_conciliacion_link_proveedor,"[""session.commit""]",accounting_contabilidad_conciliacion_link_proveedor_post_46c9fc,accounting:write; never grants business authority,"[""movement_id"", ""proveedor_id"", ""current_empleado""]",current employee + effective faculty + object + organization/legal entity + portfolio/tournament; UNPROVEN,write_or_effect_candidate,trusted human approval of exact draft/version/amount/currency/destination/digest; recheck at commit,scoped source IDs/version and redacted durable receipt; writes need canonical transactional dedup + postcondition,"[""role/object/company deny"", ""revoked/expired"", ""isolation"", ""read purity"", ""exact confirmation/version"", ""retry/crash/no duplicates"", ""verified receipt""]",DISABLED; CANONICAL_SCOPE_UNPROVEN; route presence is not adapter or UI parity proof
5984ca76bc64,src/devnous/gastos/routes/user_routes.py,26744,contabilidad_conciliacion_unlink_proveedor,POST,"[""/admin/contabilidad/conciliacion/{movement_id}/unlink-proveedor""]",/admin/contabilidad/conciliacion/{movement_id}/unlink-proveedor,"[""POST""]","[{""prefix"": """", ""evidence"": ""copa_telmex_dashboard.py:2240"", ""status"": ""include_router_static; conditional/runtime execution unverified""}]",[],[],"[{""key"": ""admin.root"", ""roles"": [""admin"", ""superadmin"", ""super_admin""], ""actions"": [""ver""], ""evidence"": ""src/devnous/gastos/services/access_control_service.py:125""}, {""key"": ""admin.contabilidad"", ""roles"": [""finanzas"", ""admin"", ""superadmin"", ""super_admin""], ""actions"": [""ver"", ""crear"", ""editar"", ""exportar"", ""administrar""], ""evidence"": ""src/devnous/gastos/services/access_control_service.py:301""}]","UNPROVEN: guards/dependencies are evidence, not a complete effective-role matrix",accounting,live_entrypoint_static,"[""require_admin_finanzas()""]",ROUTE OWNER ONLY; service authority unproven: src/devnous/gastos/routes/user_routes.py:contabilidad_conciliacion_unlink_proveedor,"[""session.commit""]",accounting_contabilidad_conciliacion_unlink_proveedor_po_5984ca,accounting:write; never grants business authority,"[""movement_id"", ""current_empleado""]",current employee + effective faculty + object + organization/legal entity + portfolio/tournament; UNPROVEN,write_or_effect_candidate,trusted human approval of exact draft/version/amount/currency/destination/digest; recheck at commit,scoped source IDs/version and redacted durable receipt; writes need canonical transactional dedup + postcondition,"[""role/object/company deny"", ""revoked/expired"", ""isolation"", ""read purity"", ""exact confirmation/version"", ""retry/crash/no duplicates"", ""verified receipt""]",DISABLED; CANONICAL_SCOPE_UNPROVEN; route presence is not adapter or UI parity proof
972678f23224,src/devnous/gastos/routes/user_routes.py,26769,contabilidad_conciliacion_unlink_aux,POST,"[""/admin/contabilidad/conciliacion/{movement_id}/unlink-aux""]",/admin/contabilidad/conciliacion/{movement_id}/unlink-aux,"[""POST""]","[{""prefix"": """", ""evidence"": ""copa_telmex_dashboard.py:2240"", ""status"": ""include_router_static; conditional/runtime execution unverified""}]",[],[],"[{""key"": ""admin.root"", ""roles"": [""admin"", ""superadmin"", ""super_admin""], ""actions"": [""ver""], ""evidence"": ""src/devnous/gastos/services/access_control_service.py:125""}, {""key"": ""admin.contabilidad"", ""roles"": [""finanzas"", ""admin"", ""superadmin"", ""super_admin""], ""actions"": [""ver"", ""crear"", ""editar"", ""exportar"", ""administrar""], ""evidence"": ""src/devnous/gastos/services/access_control_service.py:301""}]","UNPROVEN: guards/dependencies are evidence, not a complete effective-role matrix",accounting,live_entrypoint_static,"[""require_admin_finanzas()""]",ROUTE OWNER ONLY; service authority unproven: src/devnous/gastos/routes/user_routes.py:contabilidad_conciliacion_unlink_aux,"[""session.commit""]",accounting_contabilidad_conciliacion_unlink_aux_post_972678,accounting:write; never grants business authority,"[""movement_id"", ""current_empleado""]",current employee + effective faculty + object + organization/legal entity + portfolio/tournament; UNPROVEN,write_or_effect_candidate,trusted human approval of exact draft/version/amount/currency/destination/digest; recheck at commit,scoped source IDs/version and redacted durable receipt; writes need canonical transactional dedup + postcondition,"[""role/object/company deny"", ""revoked/expired"", ""isolation"", ""read purity"", ""exact confirmation/version"", ""retry/crash/no duplicates"", ""verified receipt""]",DISABLED; CANONICAL_SCOPE_UNPROVEN; route presence is not adapter or UI parity proof
12d3d7cc84d6,src/devnous/gastos/routes/user_routes.py,26795,contabilidad_conciliacion_unlink_expense,POST,"[""/admin/contabilidad/conciliacion/{movement_id}/unlink-expense""]",/admin/contabilidad/conciliacion/{movement_id}/unlink-expense,"[""POST""]","[{""prefix"": """", ""evidence"": ""copa_telmex_dashboard.py:2240"", ""status"": ""include_router_static; conditional/runtime execution unverified""}]",[],[],"[{""key"": ""admin.root"", ""roles"": [""admin"", ""superadmin"", ""super_admin""], ""actions"": [""ver""], ""evidence"": ""src/devnous/gastos/services/access_control_service.py:125""}, {""key"": ""admin.contabilidad"", ""roles"": [""finanzas"", ""admin"", ""superadmin"", ""super_admin""], ""actions"": [""ver"", ""crear"", ""editar"", ""exportar"", ""administrar""], ""evidence"": ""src/devnous/gastos/services/access_control_service.py:301""}]","UNPROVEN: guards/dependencies are evidence, not a complete effective-role matrix",accounting,live_entrypoint_static,"[""require_admin_finanzas()""]",ROUTE OWNER ONLY; service authority unproven: src/devnous/gastos/routes/user_routes.py:contabilidad_conciliacion_unlink_expense,"[""session.commit""]",accounting_contabilidad_conciliacion_unlink_expense_post_12d3d7,accounting:write; never grants business authority,"[""movement_id"", ""current_empleado""]",current employee + effective faculty + object + organization/legal entity + portfolio/tournament; UNPROVEN,write_or_effect_candidate,trusted human approval of exact draft/version/amount/currency/destination/digest; recheck at commit,scoped source IDs/version and redacted durable receipt; writes need canonical transactional dedup + postcondition,"[""role/object/company deny"", ""revoked/expired"", ""isolation"", ""read purity"", ""exact confirmation/version"", ""retry/crash/no duplicates"", ""verified receipt""]",DISABLED; CANONICAL_SCOPE_UNPROVEN; route presence is not adapter or UI parity proof
fc568ed06ae1,src/devnous/gastos/routes/user_routes.py,26820,contabilidad_conciliacion_bulk,POST,"[""/admin/contabilidad/conciliacion/bulk""]",/admin/contabilidad/conciliacion/bulk,"[""POST""]","[{""prefix"": """", ""evidence"": ""copa_telmex_dashboard.py:2240"", ""status"": ""include_router_static; conditional/runtime execution unverified""}]",[],[],"[{""key"": ""admin.root"", ""roles"": [""admin"", ""superadmin"", ""super_admin""], ""actions"": [""ver""], ""evidence"": ""src/devnous/gastos/services/access_control_service.py:125""}, {""key"": ""admin.contabilidad"", ""roles"": [""finanzas"", ""admin"", ""superadmin"", ""super_admin""], ""actions"": [""ver"", ""crear"", ""editar"", ""exportar"", ""administrar""], ""evidence"": ""src/devnous/gastos/services/access_control_service.py:301""}]","UNPROVEN: guards/dependencies are evidence, not a complete effective-role matrix",accounting,live_entrypoint_static,"[""require_admin_finanzas()""]",ROUTE OWNER ONLY; service authority unproven: src/devnous/gastos/routes/user_routes.py:contabilidad_conciliacion_bulk,"[""session.commit""]",accounting_contabilidad_conciliacion_bulk_post_fc568e,accounting:write; never grants business authority,"[""movement_ids"", ""bulk_action"", ""current_empleado""]",current employee + effective faculty + object + organization/legal entity + portfolio/tournament; UNPROVEN,write_or_effect_candidate,trusted human approval of exact draft/version/amount/currency/destination/digest; recheck at commit,scoped source IDs/version and redacted durable receipt; writes need canonical transactional dedup + postcondition,"[""role/object/company deny"", ""revoked/expired"", ""isolation"", ""read purity"", ""exact confirmation/version"", ""retry/crash/no duplicates"", ""verified receipt""]",DISABLED; CANONICAL_SCOPE_UNPROVEN; route presence is not adapter or UI parity proof
e02d0a0fab0d,src/devnous/gastos/routes/user_routes.py,26878,contabilidad_conciliacion_auditoria,GET,"[""/admin/contabilidad/conciliacion/auditoria""]",/admin/contabilidad/conciliacion/auditoria,"[""GET""]","[{""prefix"": """", ""evidence"": ""copa_telmex_dashboard.py:2240"", ""status"": ""include_router_static; conditional/runtime execution unverified""}]",[],[],"[{""key"": ""admin.root"", ""roles"": [""admin"", ""superadmin"", ""super_admin""], ""actions"": [""ver""], ""evidence"": ""src/devnous/gastos/services/access_control_service.py:125""}, {""key"": ""admin.contabilidad"", ""roles"": [""finanzas"", ""admin"", ""superadmin"", ""super_admin""], ""actions"": [""ver"", ""crear"", ""editar"", ""exportar"", ""administrar""], ""evidence"": ""src/devnous/gastos/services/access_control_service.py:301""}]","UNPROVEN: guards/dependencies are evidence, not a complete effective-role matrix",accounting,live_entrypoint_static,"[""require_admin_finanzas()""]",ROUTE OWNER ONLY; service authority unproven: src/devnous/gastos/routes/user_routes.py:contabilidad_conciliacion_auditoria,[],accounting_contabilidad_conciliacion_auditoria_get_e02d0a,accounting:read; never grants business authority,"[""current_empleado"", ""action"", ""empleado_id""]",current employee + effective faculty + object + organization/legal entity + portfolio/tournament; UNPROVEN,read_candidate; side effects NOT verified,none only after read-purity proof,scoped source IDs/version and redacted durable receipt; writes need canonical transactional dedup + postcondition,"[""role/object/company deny"", ""revoked/expired"", ""isolation"", ""read purity""]",DISABLED; CANONICAL_SCOPE_UNPROVEN; route presence is not adapter or UI parity proof
20b6241a2190,src/devnous/gastos/routes/user_routes.py,27032,contabilidad_conciliacion_auditoria_export,GET,"[""/admin/contabilidad/conciliacion/auditoria/export""]",/admin/contabilidad/conciliacion/auditoria/export,"[""GET""]","[{""prefix"": """", ""evidence"": ""copa_telmex_dashboard.py:2240"", ""status"": ""include_router_static; conditional/runtime execution unverified""}]",[],[],"[{""key"": ""admin.root"", ""roles"": [""admin"", ""superadmin"", ""super_admin""], ""actions"": [""ver""], ""evidence"": ""src/devnous/gastos/services/access_control_service.py:125""}, {""key"": ""admin.contabilidad"", ""roles"": [""finanzas"", ""admin"", ""superadmin"", ""super_admin""], ""actions"": [""ver"", ""crear"", ""editar"", ""exportar"", ""administrar""], ""evidence"": ""src/devnous/gastos/services/access_control_service.py:301""}]","UNPROVEN: guards/dependencies are evidence, not a complete effective-role matrix",accounting,live_entrypoint_static,"[""require_admin_finanzas()""]",ROUTE OWNER ONLY; service authority unproven: src/devnous/gastos/routes/user_routes.py:contabilidad_conciliacion_auditoria_export,[],accounting_contabilidad_conciliacion_auditoria_export_ge_20b624,accounting:read; never grants business authority,"[""current_empleado"", ""action"", ""empleado_id""]",current employee + effective faculty + object + organization/legal entity + portfolio/tournament; UNPROVEN,read_candidate; side effects NOT verified,none only after read-purity proof,scoped source IDs/version and redacted durable receipt; writes need canonical transactional dedup + postcondition,"[""role/object/company deny"", ""revoked/expired"", ""isolation"", ""read purity""]",DISABLED; CANONICAL_SCOPE_UNPROVEN; route presence is not adapter or UI parity proof
2a04c8c5ee03,src/devnous/gastos/routes/user_routes.py,27090,contabilidad_conciliacion_export,GET,"[""/admin/contabilidad/conciliacion/export""]",/admin/contabilidad/conciliacion/export,"[""GET""]","[{""prefix"": """", ""evidence"": ""copa_telmex_dashboard.py:2240"", ""status"": ""include_router_static; conditional/runtime execution unverified""}]",[],[],"[{""key"": ""admin.root"", ""roles"": [""admin"", ""superadmin"", ""super_admin""], ""actions"": [""ver""], ""evidence"": ""src/devnous/gastos/services/access_control_service.py:125""}, {""key"": ""admin.contabilidad"", ""roles"": [""finanzas"", ""admin"", ""superadmin"", ""super_admin""], ""actions"": [""ver"", ""crear"", ""editar"", ""exportar"", ""administrar""], ""evidence"": ""src/devnous/gastos/services/access_control_service.py:301""}]","UNPROVEN: guards/dependencies are evidence, not a complete effective-role matrix",accounting,live_entrypoint_static,"[""require_admin_finanzas()""]",ROUTE OWNER ONLY; service authority unproven: src/devnous/gastos/routes/user_routes.py:contabilidad_conciliacion_export,[],accounting_contabilidad_conciliacion_export_get_2a04c8,accounting:read; never grants business authority,"[""current_empleado"", ""year"", ""month"", ""status"", ""cuenta"", ""proveedor"", ""with_poliza"", ""aging""]",current employee + effective faculty + object + organization/legal entity + portfolio/tournament; UNPROVEN,read_candidate; side effects NOT verified,none only after read-purity proof,scoped source IDs/version and redacted durable receipt; writes need canonical transactional dedup + postcondition,"[""role/object/company deny"", ""revoked/expired"", ""isolation"", ""read purity""]",DISABLED; CANONICAL_SCOPE_UNPROVEN; route presence is not adapter or UI parity proof
826fd6006fb1,src/devnous/gastos/routes/user_routes.py,27190,contabilidad_conciliacion_export_pdf,GET,"[""/admin/contabilidad/conciliacion/export.pdf""]",/admin/contabilidad/conciliacion/export.pdf,"[""GET""]","[{""prefix"": """", ""evidence"": ""copa_telmex_dashboard.py:2240"", ""status"": ""include_router_static; conditional/runtime execution unverified""}]",[],[],"[{""key"": ""admin.root"", ""roles"": [""admin"", ""superadmin"", ""super_admin""], ""actions"": [""ver""], ""evidence"": ""src/devnous/gastos/services/access_control_service.py:125""}, {""key"": ""admin.contabilidad"", ""roles"": [""finanzas"", ""admin"", ""superadmin"", ""super_admin""], ""actions"": [""ver"", ""crear"", ""editar"", ""exportar"", ""administrar""], ""evidence"": ""src/devnous/gastos/services/access_control_service.py:301""}]","UNPROVEN: guards/dependencies are evidence, not a complete effective-role matrix",accounting,live_entrypoint_static,"[""require_admin_finanzas()""]",ROUTE OWNER ONLY; service authority unproven: src/devnous/gastos/routes/user_routes.py:contabilidad_conciliacion_export_pdf,[],accounting_contabilidad_conciliacion_export_pdf_get_826fd6,accounting:read; never grants business authority,"[""current_empleado"", ""year"", ""month"", ""status"", ""cuenta"", ""proveedor"", ""with_poliza"", ""aging""]",current employee + effective faculty + object + organization/legal entity + portfolio/tournament; UNPROVEN,read_candidate; side effects NOT verified,none only after read-purity proof,scoped source IDs/version and redacted durable receipt; writes need canonical transactional dedup + postcondition,"[""role/object/company deny"", ""revoked/expired"", ""isolation"", ""read purity""]",DISABLED; CANONICAL_SCOPE_UNPROVEN; route presence is not adapter or UI parity proof
37937e7f3bf0,src/devnous/gastos/routes/user_routes.py,27340,descargar_gasto_comprobante,GET,"[""/gastos/{gasto_id}/comprobante""]",/gastos/{gasto_id}/comprobante,"[""GET""]","[{""prefix"": """", ""evidence"": ""copa_telmex_dashboard.py:2240"", ""status"": ""include_router_static; conditional/runtime execution unverified""}]","[""src/devnous/gastos/routes/user_routes.py:10808:_can_access_read_only_informe_expense""]",[],[],"UNPROVEN: guards/dependencies are evidence, not a complete effective-role matrix",documents_and_other,live_entrypoint_static,"[""_can_access_read_only_informe_expense(session, expense, current_empleado)""]",ROUTE OWNER ONLY; service authority unproven: src/devnous/gastos/routes/user_routes.py:descargar_gasto_comprobante,[],documents_and_other_descargar_gasto_comprobante_get_37937e,documents_and_other:read; never grants business authority,"[""gasto_id"", ""current_empleado""]",current employee + effective faculty + object + organization/legal entity + portfolio/tournament; UNPROVEN,read_candidate; side effects NOT verified,none only after read-purity proof,scoped source IDs/version and redacted durable receipt; writes need canonical transactional dedup + postcondition,"[""role/object/company deny"", ""revoked/expired"", ""isolation"", ""read purity""]",DISABLED; CANONICAL_SCOPE_UNPROVEN; route presence is not adapter or UI parity proof
a01ebd79e7b0,src/devnous/gastos/routes/user_routes.py,27376,descargar_gasto_adjunto,GET,"[""/gastos/{gasto_id}/adjuntos/{attachment_key}""]",/gastos/{gasto_id}/adjuntos/{attachment_key},"[""GET""]","[{""prefix"": """", ""evidence"": ""copa_telmex_dashboard.py:2240"", ""status"": ""include_router_static; conditional/runtime execution unverified""}]","[""src/devnous/gastos/routes/user_routes.py:10808:_can_access_read_only_informe_expense""]",[],[],"UNPROVEN: guards/dependencies are evidence, not a complete effective-role matrix",documents_and_other,live_entrypoint_static,"[""_can_access_read_only_informe_expense(session, expense, current_empleado)""]",ROUTE OWNER ONLY; service authority unproven: src/devnous/gastos/routes/user_routes.py:descargar_gasto_adjunto,[],documents_and_other_descargar_gasto_adjunto_get_a01ebd,documents_and_other:read; never grants business authority,"[""gasto_id"", ""attachment_key"", ""current_empleado""]",current employee + effective faculty + object + organization/legal entity + portfolio/tournament; UNPROVEN,read_candidate; side effects NOT verified,none only after read-purity proof,scoped source IDs/version and redacted durable receipt; writes need canonical transactional dedup + postcondition,"[""role/object/company deny"", ""revoked/expired"", ""isolation"", ""read purity""]",DISABLED; CANONICAL_SCOPE_UNPROVEN; route presence is not adapter or UI parity proof
b28b2c166fd1,src/devnous/gastos/routes/user_routes.py,27432,descargar_documento_adjunto,GET,"[""/documentos/{documento_id}/adjuntos/{adjunto_id}""]",/documentos/{documento_id}/adjuntos/{adjunto_id},"[""GET""]","[{""prefix"": """", ""evidence"": ""copa_telmex_dashboard.py:2240"", ""status"": ""include_router_static; conditional/runtime execution unverified""}]","[""src/devnous/gastos/routes/user_routes.py:27323:_can_access_documento_adjunto""]",[],"[{""key"": ""gastos.solicitudes"", ""roles"": [""empleado"", ""coordinador"", ""finanzas"", ""admin"", ""superadmin""], ""actions"": [""ver"", ""crear"", ""editar"", ""aprobar"", ""pagar""], ""evidence"": ""src/devnous/gastos/services/access_control_service.py:98""}]","UNPROVEN: guards/dependencies are evidence, not a complete effective-role matrix",documents_and_other,live_entrypoint_static,"[""_can_access_documento_adjunto(documento, current_empleado)""]",ROUTE OWNER ONLY; service authority unproven: src/devnous/gastos/routes/user_routes.py:descargar_documento_adjunto,[],documents_and_other_descargar_documento_adjunto_get_b28b2c,documents_and_other:read; never grants business authority,"[""documento_id"", ""adjunto_id"", ""current_empleado""]",current employee + effective faculty + object + organization/legal entity + portfolio/tournament; UNPROVEN,read_candidate; side effects NOT verified,none only after read-purity proof,scoped source IDs/version and redacted durable receipt; writes need canonical transactional dedup + postcondition,"[""role/object/company deny"", ""revoked/expired"", ""isolation"", ""read purity""]",DISABLED; CANONICAL_SCOPE_UNPROVEN; route presence is not adapter or UI parity proof
0dbdfd4d0176,src/devnous/gastos/routes/user_routes.py,27477,ver_gasto,GET,"[""/gastos/{gasto_id}""]",/gastos/{gasto_id},"[""GET""]","[{""prefix"": """", ""evidence"": ""copa_telmex_dashboard.py:2240"", ""status"": ""include_router_static; conditional/runtime execution unverified""}]","[""src/devnous/gastos/routes/user_routes.py:10808:_can_access_read_only_informe_expense""]",[],[],"UNPROVEN: guards/dependencies are evidence, not a complete effective-role matrix",documents_and_other,live_entrypoint_static,"[""_can_access_read_only_informe_expense(session, expense, current_empleado)"", ""_ensure_expense_tip_schema(session)""]",ROUTE OWNER ONLY; service authority unproven: src/devnous/gastos/routes/user_routes.py:ver_gasto,[],documents_and_other_ver_gasto_get_0dbdfd,documents_and_other:read; never grants business authority,"[""gasto_id"", ""current_empleado""]",current employee + effective faculty + object + organization/legal entity + portfolio/tournament; UNPROVEN,read_candidate; side effects NOT verified,none only after read-purity proof,scoped source IDs/version and redacted durable receipt; writes need canonical transactional dedup + postcondition,"[""role/object/company deny"", ""revoked/expired"", ""isolation"", ""read purity""]",DISABLED; CANONICAL_SCOPE_UNPROVEN; route presence is not adapter or UI parity proof
6fe080378e31,src/devnous/gastos/routes/user_routes.py,27860,solicitar_cfdi,POST,"[""/gastos/{gasto_id}/solicitar-cfdi""]",/gastos/{gasto_id}/solicitar-cfdi,"[""POST""]","[{""prefix"": """", ""evidence"": ""copa_telmex_dashboard.py:2240"", ""status"": ""include_router_static; conditional/runtime execution unverified""}]",[],[],[],"UNPROVEN: guards/dependencies are evidence, not a complete effective-role matrix",accounting,live_entrypoint_static,"[""NO_LOCAL_GUARD_FOUND; inherited/middleware review required""]",ROUTE OWNER ONLY; service authority unproven: src/devnous/gastos/routes/user_routes.py:solicitar_cfdi,[],accounting_solicitar_cfdi_post_6fe080,accounting:write; never grants business authority,"[""gasto_id"", ""current_empleado""]",current employee + effective faculty + object + organization/legal entity + portfolio/tournament; UNPROVEN,write_or_effect_candidate,trusted human approval of exact draft/version/amount/currency/destination/digest; recheck at commit,scoped source IDs/version and redacted durable receipt; writes need canonical transactional dedup + postcondition,"[""role/object/company deny"", ""revoked/expired"", ""isolation"", ""read purity"", ""exact confirmation/version"", ""retry/crash/no duplicates"", ""verified receipt""]",DISABLED; CANONICAL_SCOPE_UNPROVEN; route presence is not adapter or UI parity proof
9193f719be38,src/devnous/gastos/routes/user_routes.py,27989,cancelar_gasto,POST,"[""/gastos/{gasto_id}/cancelar""]",/gastos/{gasto_id}/cancelar,"[""POST""]","[{""prefix"": """", ""evidence"": ""copa_telmex_dashboard.py:2240"", ""status"": ""include_router_static; conditional/runtime execution unverified""}]","[""src/devnous/gastos/routes/user_routes.py:10829:_ensure_can_mutate_informe_expense""]",[],[],"UNPROVEN: guards/dependencies are evidence, not a complete effective-role matrix",documents_and_other,live_entrypoint_static,"[""_ensure_can_mutate_informe_expense(session, expense, current_empleado)""]",ROUTE OWNER ONLY; service authority unproven: src/devnous/gastos/routes/user_routes.py:cancelar_gasto,"[""session.commit""]",documents_and_other_cancelar_gasto_post_9193f7,documents_and_other:write; never grants business authority,"[""gasto_id"", ""current_empleado"", ""motivo_cancelacion"", ""return_to""]",current employee + effective faculty + object + organization/legal entity + portfolio/tournament; UNPROVEN,write_or_effect_candidate,trusted human approval of exact draft/version/amount/currency/destination/digest; recheck at commit,scoped source IDs/version and redacted durable receipt; writes need canonical transactional dedup + postcondition,"[""role/object/company deny"", ""revoked/expired"", ""isolation"", ""read purity"", ""exact confirmation/version"", ""retry/crash/no duplicates"", ""verified receipt""]",DISABLED; CANONICAL_SCOPE_UNPROVEN; route presence is not adapter or UI parity proof
2e735be41647,src/devnous/gastos/routes/user_routes.py,28132,editar_gasto_form,GET,"[""/gastos/{gasto_id}/editar""]",/gastos/{gasto_id}/editar,"[""GET""]","[{""prefix"": """", ""evidence"": ""copa_telmex_dashboard.py:2240"", ""status"": ""include_router_static; conditional/runtime execution unverified""}]","[""src/devnous/gastos/routes/user_routes.py:10829:_ensure_can_mutate_informe_expense""]",[],[],"UNPROVEN: guards/dependencies are evidence, not a complete effective-role matrix",documents_and_other,live_entrypoint_static,"[""_ensure_can_mutate_informe_expense(session, expense, current_empleado)"", ""_ensure_expense_tip_schema(session)""]",ROUTE OWNER ONLY; service authority unproven: src/devnous/gastos/routes/user_routes.py:editar_gasto_form,[],documents_and_other_editar_gasto_form_get_2e735b,documents_and_other:read; never grants business authority,"[""gasto_id"", ""current_empleado""]",current employee + effective faculty + object + organization/legal entity + portfolio/tournament; UNPROVEN,read_candidate; side effects NOT verified,none only after read-purity proof,scoped source IDs/version and redacted durable receipt; writes need canonical transactional dedup + postcondition,"[""role/object/company deny"", ""revoked/expired"", ""isolation"", ""read purity""]",DISABLED; CANONICAL_SCOPE_UNPROVEN; route presence is not adapter or UI parity proof
01102f74863d,src/devnous/gastos/routes/user_routes.py,28852,editar_gasto,POST,"[""/gastos/{gasto_id}/editar""]",/gastos/{gasto_id}/editar,"[""POST""]","[{""prefix"": """", ""evidence"": ""copa_telmex_dashboard.py:2240"", ""status"": ""include_router_static; conditional/runtime execution unverified""}]","[""src/devnous/gastos/routes/user_routes.py:10829:_ensure_can_mutate_informe_expense""]",[],[],"UNPROVEN: guards/dependencies are evidence, not a complete effective-role matrix",documents_and_other,live_entrypoint_static,"[""_ensure_can_mutate_informe_expense(session, expense, current_empleado)"", ""_ensure_expense_tip_schema(session)""]",ROUTE OWNER ONLY; service authority unproven: src/devnous/gastos/routes/user_routes.py:editar_gasto,"[""session.commit"", ""validate_active_cuenta_contable_id"", ""validate_solicitud_terceros_attachment""]",documents_and_other_editar_gasto_post_01102f,documents_and_other:write; never grants business authority,"[""gasto_id"", ""current_empleado"", ""concepto"", ""metodo_pago"", ""pagado_con_amex_empresa"", ""propina_no_deducible"", ""hospedaje_entidad_fiscal"", ""hospedaje_tasa_impuesto"", ""hospedaje_impuesto_monto"", ""hospedaje_impuesto_confirmado"", ""ultimos_4_digitos"", ""cuenta_gastos_id"", ""budget_concept_id"", ""cuenta_contable_id"", ""cfdi_uuid_manual"", ""cfdi_qr_or_url"", ""cfdi_compartido_confirmado"", ""cfdi_compartido_motivo"", ""comprobante_no_deducible"", ""archivos_generales"", ""motivo"", ""return_to""]",current employee + effective faculty + object + organization/legal entity + portfolio/tournament; UNPROVEN,write_or_effect_candidate,trusted human approval of exact draft/version/amount/currency/destination/digest; recheck at commit,scoped source IDs/version and redacted durable receipt; writes need canonical transactional dedup + postcondition,"[""role/object/company deny"", ""revoked/expired"", ""isolation"", ""read purity"", ""exact confirmation/version"", ""retry/crash/no duplicates"", ""verified receipt""]",DISABLED; CANONICAL_SCOPE_UNPROVEN; route presence is not adapter or UI parity proof
117700089269,src/devnous/gastos/routes/user_routes.py,29657,eliminar_comprobante_no_deducible,POST,"[""/gastos/{gasto_id}/comprobante-no-deducible/eliminar""]",/gastos/{gasto_id}/comprobante-no-deducible/eliminar,"[""POST""]","[{""prefix"": """", ""evidence"": ""copa_telmex_dashboard.py:2240"", ""status"": ""include_router_static; conditional/runtime execution unverified""}]","[""src/devnous/gastos/routes/user_routes.py:10829:_ensure_can_mutate_informe_expense""]",[],[],"UNPROVEN: guards/dependencies are evidence, not a complete effective-role matrix",documents_and_other,live_entrypoint_static,"[""_ensure_can_mutate_informe_expense(session, expense, current_empleado)""]",ROUTE OWNER ONLY; service authority unproven: src/devnous/gastos/routes/user_routes.py:eliminar_comprobante_no_deducible,"[""session.commit""]",documents_and_other_eliminar_comprobante_no_deducible_po_117700,documents_and_other:write; never grants business authority,"[""gasto_id"", ""current_empleado"", ""motivo_eliminacion"", ""return_to""]",current employee + effective faculty + object + organization/legal entity + portfolio/tournament; UNPROVEN,write_or_effect_candidate,trusted human approval of exact draft/version/amount/currency/destination/digest; recheck at commit,scoped source IDs/version and redacted durable receipt; writes need canonical transactional dedup + postcondition,"[""role/object/company deny"", ""revoked/expired"", ""isolation"", ""read purity"", ""exact confirmation/version"", ""retry/crash/no duplicates"", ""verified receipt""]",DISABLED; CANONICAL_SCOPE_UNPROVEN; route presence is not adapter or UI parity proof
630a3ed608b7,src/devnous/gastos/routes/user_routes.py,29712,mis_documentos,GET,"[""/documentos/mis-documentos""]",/documentos/mis-documentos,"[""GET""]","[{""prefix"": """", ""evidence"": ""copa_telmex_dashboard.py:2240"", ""status"": ""include_router_static; conditional/runtime execution unverified""}]",[],[],"[{""key"": ""gastos.solicitudes"", ""roles"": [""empleado"", ""coordinador"", ""finanzas"", ""admin"", ""superadmin""], ""actions"": [""ver"", ""crear"", ""editar"", ""aprobar"", ""pagar""], ""evidence"": ""src/devnous/gastos/services/access_control_service.py:98""}]","UNPROVEN: guards/dependencies are evidence, not a complete effective-role matrix",documents_and_other,live_entrypoint_static,"[""select(Documento).where(Documento.empleado_id == current_empleado.id).order_by(Documento.creado_en.desc())""]",ROUTE OWNER ONLY; service authority unproven: src/devnous/gastos/routes/user_routes.py:mis_documentos,[],documents_and_other_mis_documentos_get_630a3e,documents_and_other:read; never grants business authority,"[""current_empleado""]",current employee + effective faculty + object + organization/legal entity + portfolio/tournament; UNPROVEN,read_candidate; side effects NOT verified,none only after read-purity proof,scoped source IDs/version and redacted durable receipt; writes need canonical transactional dedup + postcondition,"[""role/object/company deny"", ""revoked/expired"", ""isolation"", ""read purity""]",DISABLED; CANONICAL_SCOPE_UNPROVEN; route presence is not adapter or UI parity proof
0306f80a9c66,src/devnous/gastos/routes/user_routes.py,30082,documentos_control_presupuestal,GET,"[""/documentos/control-presupuestal""]",/documentos/control-presupuestal,"[""GET""]","[{""prefix"": """", ""evidence"": ""copa_telmex_dashboard.py:2240"", ""status"": ""include_router_static; conditional/runtime execution unverified""}]",[],[],"[{""key"": ""gastos.solicitudes"", ""roles"": [""empleado"", ""coordinador"", ""finanzas"", ""admin"", ""superadmin""], ""actions"": [""ver"", ""crear"", ""editar"", ""aprobar"", ""pagar""], ""evidence"": ""src/devnous/gastos/services/access_control_service.py:98""}]","UNPROVEN: guards/dependencies are evidence, not a complete effective-role matrix",documents_and_other,live_entrypoint_static,"[""NO_LOCAL_GUARD_FOUND; inherited/middleware review required""]",ROUTE OWNER ONLY; service authority unproven: src/devnous/gastos/routes/user_routes.py:documentos_control_presupuestal,[],documents_and_other_documentos_control_presupuestal_get_0306f8,documents_and_other:read; never grants business authority,"[""current_empleado"", ""q""]",current employee + effective faculty + object + organization/legal entity + portfolio/tournament; UNPROVEN,read_candidate; side effects NOT verified,none only after read-purity proof,scoped source IDs/version and redacted durable receipt; writes need canonical transactional dedup + postcondition,"[""role/object/company deny"", ""revoked/expired"", ""isolation"", ""read purity""]",DISABLED; CANONICAL_SCOPE_UNPROVEN; route presence is not adapter or UI parity proof
dea79f685ab6,src/devnous/gastos/routes/user_routes.py,30642,asignar_control_presupuestal,POST,"[""/documentos/{documento_id}/control-presupuestal/asignar""]",/documentos/{documento_id}/control-presupuestal/asignar,"[""POST""]","[{""prefix"": """", ""evidence"": ""copa_telmex_dashboard.py:2240"", ""status"": ""include_router_static; conditional/runtime execution unverified""}]",[],[],"[{""key"": ""gastos.solicitudes"", ""roles"": [""empleado"", ""coordinador"", ""finanzas"", ""admin"", ""superadmin""], ""actions"": [""ver"", ""crear"", ""editar"", ""aprobar"", ""pagar""], ""evidence"": ""src/devnous/gastos/services/access_control_service.py:98""}]","UNPROVEN: guards/dependencies are evidence, not a complete effective-role matrix",documents_and_other,live_entrypoint_static,"[""NO_LOCAL_GUARD_FOUND; inherited/middleware review required""]",ROUTE OWNER ONLY; service authority unproven: src/devnous/gastos/routes/user_routes.py:asignar_control_presupuestal,"[""session.commit""]",documents_and_other_asignar_control_presupuestal_post_dea79f,documents_and_other:write; never grants business authority,"[""documento_id"", ""current_empleado"", ""budget_concept_id"", ""next""]",current employee + effective faculty + object + organization/legal entity + portfolio/tournament; UNPROVEN,write_or_effect_candidate,trusted human approval of exact draft/version/amount/currency/destination/digest; recheck at commit,scoped source IDs/version and redacted durable receipt; writes need canonical transactional dedup + postcondition,"[""role/object/company deny"", ""revoked/expired"", ""isolation"", ""read purity"", ""exact confirmation/version"", ""retry/crash/no duplicates"", ""verified receipt""]",DISABLED; CANONICAL_SCOPE_UNPROVEN; route presence is not adapter or UI parity proof
cc619eef1d2e,src/devnous/gastos/routes/user_routes.py,30686,asignar_control_presupuestal_lote,POST,"[""/documentos/control-presupuestal/asignar-lote""]",/documentos/control-presupuestal/asignar-lote,"[""POST""]","[{""prefix"": """", ""evidence"": ""copa_telmex_dashboard.py:2240"", ""status"": ""include_router_static; conditional/runtime execution unverified""}]",[],[],"[{""key"": ""gastos.solicitudes"", ""roles"": [""empleado"", ""coordinador"", ""finanzas"", ""admin"", ""superadmin""], ""actions"": [""ver"", ""crear"", ""editar"", ""aprobar"", ""pagar""], ""evidence"": ""src/devnous/gastos/services/access_control_service.py:98""}]","UNPROVEN: guards/dependencies are evidence, not a complete effective-role matrix",documents_and_other,live_entrypoint_static,"[""NO_LOCAL_GUARD_FOUND; inherited/middleware review required""]",ROUTE OWNER ONLY; service authority unproven: src/devnous/gastos/routes/user_routes.py:asignar_control_presupuestal_lote,"[""_reject_control_presupuestal_document"", ""session.commit"", ""str(reject_documento_id).strip""]",documents_and_other_asignar_control_presupuestal_lote_po_cc619e,documents_and_other:write; never grants business authority,"[""current_empleado"", ""next"", ""single_item_id"", ""single_documento_id"", ""reject_documento_id"", ""bulk_action""]",current employee + effective faculty + object + organization/legal entity + portfolio/tournament; UNPROVEN,write_or_effect_candidate,trusted human approval of exact draft/version/amount/currency/destination/digest; recheck at commit,scoped source IDs/version and redacted durable receipt; writes need canonical transactional dedup + postcondition,"[""role/object/company deny"", ""revoked/expired"", ""isolation"", ""read purity"", ""exact confirmation/version"", ""retry/crash/no duplicates"", ""verified receipt""]",DISABLED; CANONICAL_SCOPE_UNPROVEN; route presence is not adapter or UI parity proof
217b56051000,src/devnous/gastos/routes/user_routes.py,30899,documentos_pendientes,GET,"[""/documentos/pendientes""]",/documentos/pendientes,"[""GET""]","[{""prefix"": """", ""evidence"": ""copa_telmex_dashboard.py:2240"", ""status"": ""include_router_static; conditional/runtime execution unverified""}]","[""src/devnous/gastos/routes/user_routes.py:12720:_can_review_pending_approvals""]",[],"[{""key"": ""gastos.solicitudes"", ""roles"": [""empleado"", ""coordinador"", ""finanzas"", ""admin"", ""superadmin""], ""actions"": [""ver"", ""crear"", ""editar"", ""aprobar"", ""pagar""], ""evidence"": ""src/devnous/gastos/services/access_control_service.py:98""}]","UNPROVEN: guards/dependencies are evidence, not a complete effective-role matrix",documents_and_other,live_entrypoint_static,"[""NO_LOCAL_GUARD_FOUND; inherited/middleware review required""]",ROUTE OWNER ONLY; service authority unproven: src/devnous/gastos/routes/user_routes.py:documentos_pendientes,"[""actor_route_approver_document_ids"", ""document_route_approver_sql""]",documents_and_other_documentos_pendientes_get_217b56,documents_and_other:read; never grants business authority,"[""current_empleado"", ""q"", ""tipo"", ""empleado_nombre"", ""torneo_nombre""]",current employee + effective faculty + object + organization/legal entity + portfolio/tournament; UNPROVEN,read_candidate; side effects NOT verified,none only after read-purity proof,scoped source IDs/version and redacted durable receipt; writes need canonical transactional dedup + postcondition,"[""role/object/company deny"", ""revoked/expired"", ""isolation"", ""read purity""]",DISABLED; CANONICAL_SCOPE_UNPROVEN; route presence is not adapter or UI parity proof
4d396fcc3e95,src/devnous/gastos/routes/user_routes.py,31363,documentos_pendientes_accion_lote,POST,"[""/documentos/pendientes/accion-lote""]",/documentos/pendientes/accion-lote,"[""POST""]","[{""prefix"": """", ""evidence"": ""copa_telmex_dashboard.py:2240"", ""status"": ""include_router_static; conditional/runtime execution unverified""}]","[""src/devnous/gastos/routes/user_routes.py:12720:_can_review_pending_approvals""]",[],"[{""key"": ""gastos.solicitudes"", ""roles"": [""empleado"", ""coordinador"", ""finanzas"", ""admin"", ""superadmin""], ""actions"": [""ver"", ""crear"", ""editar"", ""aprobar"", ""pagar""], ""evidence"": ""src/devnous/gastos/services/access_control_service.py:98""}]","UNPROVEN: guards/dependencies are evidence, not a complete effective-role matrix",documents_and_other,live_entrypoint_static,"[""_ensure_reembolso_solicitud_for_approved_informe(session, informe_doc=workflow_result.documento, actor_id=actor_id, request=request)""]",ROUTE OWNER ONLY; service authority unproven: src/devnous/gastos/routes/user_routes.py:documentos_pendientes_accion_lote,"[""_ensure_reembolso_solicitud_for_approved_informe"", ""{'approve': 'approve', 'reject': 'reject'}.get""]",documents_and_other_documentos_pendientes_accion_lote_po_4d396f,documents_and_other:write; never grants business authority,"[""current_empleado"", ""action"", ""comentario"", ""next""]",current employee + effective faculty + object + organization/legal entity + portfolio/tournament; UNPROVEN,write_or_effect_candidate,trusted human approval of exact draft/version/amount/currency/destination/digest; recheck at commit,scoped source IDs/version and redacted durable receipt; writes need canonical transactional dedup + postcondition,"[""role/object/company deny"", ""revoked/expired"", ""isolation"", ""read purity"", ""exact confirmation/version"", ""retry/crash/no duplicates"", ""verified receipt""]",DISABLED; CANONICAL_SCOPE_UNPROVEN; route presence is not adapter or UI parity proof
38ce06235125,src/devnous/gastos/routes/user_routes.py,31747,historial_aprobador,GET,"[""/documentos/historial-aprobador""]",/documentos/historial-aprobador,"[""GET""]","[{""prefix"": """", ""evidence"": ""copa_telmex_dashboard.py:2240"", ""status"": ""include_router_static; conditional/runtime execution unverified""}]","[""src/devnous/gastos/routes/user_routes.py:12720:_can_review_pending_approvals"", ""src/devnous/gastos/routes/user_routes.py:27323:_can_access_documento_adjunto""]",[],"[{""key"": ""gastos.solicitudes"", ""roles"": [""empleado"", ""coordinador"", ""finanzas"", ""admin"", ""superadmin""], ""actions"": [""ver"", ""crear"", ""editar"", ""aprobar"", ""pagar""], ""evidence"": ""src/devnous/gastos/services/access_control_service.py:98""}]","UNPROVEN: guards/dependencies are evidence, not a complete effective-role matrix",documents_and_other,live_entrypoint_static,"[""_can_access_documento_adjunto(documento, current_empleado)"", ""select(Aprobacion).options(selectinload(Aprobacion.aprobador)).where(and_(Aprobacion.tipo_entidad == 'documento', Aprobacion.accion.in_(['aprobar', 'rechazar', 'pagar']), Aprobacion.aprobador_id == current_empleado.id)).order_by(Aprobacion.fecha.desc())""]",ROUTE OWNER ONLY; service authority unproven: src/devnous/gastos/routes/user_routes.py:historial_aprobador,[],documents_and_other_historial_aprobador_get_38ce06,documents_and_other:read; never grants business authority,"[""current_empleado"", ""torneo"", ""concepto"", ""beneficiario"", ""tipo"", ""estado""]",current employee + effective faculty + object + organization/legal entity + portfolio/tournament; UNPROVEN,read_candidate; side effects NOT verified,none only after read-purity proof,scoped source IDs/version and redacted durable receipt; writes need canonical transactional dedup + postcondition,"[""role/object/company deny"", ""revoked/expired"", ""isolation"", ""read purity""]",DISABLED; CANONICAL_SCOPE_UNPROVEN; route presence is not adapter or UI parity proof
148dbcb7afe7,src/devnous/gastos/routes/user_routes.py,32159,historial_aprobador_exportar_xlsx,GET,"[""/documentos/historial-aprobador/exportar.xlsx""]",/documentos/historial-aprobador/exportar.xlsx,"[""GET""]","[{""prefix"": """", ""evidence"": ""copa_telmex_dashboard.py:2240"", ""status"": ""include_router_static; conditional/runtime execution unverified""}]","[""src/devnous/gastos/routes/user_routes.py:12720:_can_review_pending_approvals""]",[],"[{""key"": ""gastos.solicitudes"", ""roles"": [""empleado"", ""coordinador"", ""finanzas"", ""admin"", ""superadmin""], ""actions"": [""ver"", ""crear"", ""editar"", ""aprobar"", ""pagar""], ""evidence"": ""src/devnous/gastos/services/access_control_service.py:98""}]","UNPROVEN: guards/dependencies are evidence, not a complete effective-role matrix",documents_and_other,live_entrypoint_static,"[""NO_LOCAL_GUARD_FOUND; inherited/middleware review required""]",ROUTE OWNER ONLY; service authority unproven: src/devnous/gastos/routes/user_routes.py:historial_aprobador_exportar_xlsx,[],documents_and_other_historial_aprobador_exportar_xlsx_ge_148dbc,documents_and_other:read; never grants business authority,"[""current_empleado"", ""torneo"", ""concepto"", ""beneficiario"", ""tipo"", ""estado""]",current employee + effective faculty + object + organization/legal entity + portfolio/tournament; UNPROVEN,read_candidate; side effects NOT verified,none only after read-purity proof,scoped source IDs/version and redacted durable receipt; writes need canonical transactional dedup + postcondition,"[""role/object/company deny"", ""revoked/expired"", ""isolation"", ""read purity""]",DISABLED; CANONICAL_SCOPE_UNPROVEN; route presence is not adapter or UI parity proof
32687f5d5c2b,src/devnous/gastos/routes/user_routes.py,32631,documentos_todos,GET,"[""/documentos/todos""]",/documentos/todos,"[""GET""]","[{""prefix"": """", ""evidence"": ""copa_telmex_dashboard.py:2240"", ""status"": ""include_router_static; conditional/runtime execution unverified""}]","[""src/devnous/gastos/routes/user_routes.py:12711:_can_view_documentos_todos"", ""src/devnous/gastos/routes/user_routes.py:27323:_can_access_documento_adjunto""]",[],"[{""key"": ""gastos.solicitudes"", ""roles"": [""empleado"", ""coordinador"", ""finanzas"", ""admin"", ""superadmin""], ""actions"": [""ver"", ""crear"", ""editar"", ""aprobar"", ""pagar""], ""evidence"": ""src/devnous/gastos/services/access_control_service.py:98""}]","UNPROVEN: guards/dependencies are evidence, not a complete effective-role matrix",documents_and_other,live_entrypoint_static,"[""_can_access_documento_adjunto(documento, current_empleado)"", ""empleado_list_view_department_scope(current_empleado)""]",ROUTE OWNER ONLY; service authority unproven: src/devnous/gastos/routes/user_routes.py:documentos_todos,[],documents_and_other_documentos_todos_get_32687f,documents_and_other:read; never grants business authority,"[""current_empleado"", ""estado"", ""tipo"", ""torneo"", ""concepto"", ""beneficiario"", ""empleado_nombre"", ""q"", ""situacion""]",current employee + effective faculty + object + organization/legal entity + portfolio/tournament; UNPROVEN,read_candidate; side effects NOT verified,none only after read-purity proof,scoped source IDs/version and redacted durable receipt; writes need canonical transactional dedup + postcondition,"[""role/object/company deny"", ""revoked/expired"", ""isolation"", ""read purity""]",DISABLED; CANONICAL_SCOPE_UNPROVEN; route presence is not adapter or UI parity proof
504c4c345f23,src/devnous/gastos/routes/user_routes.py,33235,documentos_todos_exportar_xlsx,GET,"[""/documentos/todos/exportar.xlsx""]",/documentos/todos/exportar.xlsx,"[""GET""]","[{""prefix"": """", ""evidence"": ""copa_telmex_dashboard.py:2240"", ""status"": ""include_router_static; conditional/runtime execution unverified""}]",[],[],"[{""key"": ""gastos.solicitudes"", ""roles"": [""empleado"", ""coordinador"", ""finanzas"", ""admin"", ""superadmin""], ""actions"": [""ver"", ""crear"", ""editar"", ""aprobar"", ""pagar""], ""evidence"": ""src/devnous/gastos/services/access_control_service.py:98""}]","UNPROVEN: guards/dependencies are evidence, not a complete effective-role matrix",documents_and_other,live_entrypoint_static,"[""NO_LOCAL_GUARD_FOUND; inherited/middleware review required""]",ROUTE OWNER ONLY; service authority unproven: src/devnous/gastos/routes/user_routes.py:documentos_todos_exportar_xlsx,[],documents_and_other_documentos_todos_exportar_xlsx_get_504c4c,documents_and_other:read; never grants business authority,"[""current_empleado"", ""estado"", ""tipo"", ""torneo"", ""concepto"", ""beneficiario"", ""empleado_nombre"", ""q"", ""situacion""]",current employee + effective faculty + object + organization/legal entity + portfolio/tournament; UNPROVEN,read_candidate; side effects NOT verified,none only after read-purity proof,scoped source IDs/version and redacted durable receipt; writes need canonical transactional dedup + postcondition,"[""role/object/company deny"", ""revoked/expired"", ""isolation"", ""read purity""]",DISABLED; CANONICAL_SCOPE_UNPROVEN; route presence is not adapter or UI parity proof
4d25c5b7e308,src/devnous/gastos/routes/user_routes.py,33271,documentos_todos_exportar_exceles_zip,GET,"[""/documentos/todos/exportar-exceles.zip""]",/documentos/todos/exportar-exceles.zip,"[""GET""]","[{""prefix"": """", ""evidence"": ""copa_telmex_dashboard.py:2240"", ""status"": ""include_router_static; conditional/runtime execution unverified""}]",[],[],"[{""key"": ""gastos.solicitudes"", ""roles"": [""empleado"", ""coordinador"", ""finanzas"", ""admin"", ""superadmin""], ""actions"": [""ver"", ""crear"", ""editar"", ""aprobar"", ""pagar""], ""evidence"": ""src/devnous/gastos/services/access_control_service.py:98""}]","UNPROVEN: guards/dependencies are evidence, not a complete effective-role matrix",documents_and_other,live_entrypoint_static,"[""NO_LOCAL_GUARD_FOUND; inherited/middleware review required""]",ROUTE OWNER ONLY; service authority unproven: src/devnous/gastos/routes/user_routes.py:documentos_todos_exportar_exceles_zip,[],documents_and_other_documentos_todos_exportar_exceles_zi_4d25c5,documents_and_other:read; never grants business authority,"[""current_empleado"", ""estado"", ""tipo"", ""torneo"", ""concepto"", ""beneficiario"", ""empleado_nombre"", ""q"", ""situacion""]",current employee + effective faculty + object + organization/legal entity + portfolio/tournament; UNPROVEN,read_candidate; side effects NOT verified,none only after read-purity proof,scoped source IDs/version and redacted durable receipt; writes need canonical transactional dedup + postcondition,"[""role/object/company deny"", ""revoked/expired"", ""isolation"", ""read purity""]",DISABLED; CANONICAL_SCOPE_UNPROVEN; route presence is not adapter or UI parity proof
0567aa97a910,src/devnous/gastos/routes/user_routes.py,33342,nueva_solicitud_form,GET,"[""/documentos/nueva-solicitud""]",/documentos/nueva-solicitud,"[""GET""]","[{""prefix"": """", ""evidence"": ""copa_telmex_dashboard.py:2240"", ""status"": ""include_router_static; conditional/runtime execution unverified""}]",[],[],"[{""key"": ""gastos.solicitudes"", ""roles"": [""empleado"", ""coordinador"", ""finanzas"", ""admin"", ""superadmin""], ""actions"": [""ver"", ""crear"", ""editar"", ""aprobar"", ""pagar""], ""evidence"": ""src/devnous/gastos/services/access_control_service.py:98""}]","UNPROVEN: guards/dependencies are evidence, not a complete effective-role matrix",documents_and_other,live_entrypoint_static,"[""NO_LOCAL_GUARD_FOUND; inherited/middleware review required""]",ROUTE OWNER ONLY; service authority unproven: src/devnous/gastos/routes/user_routes.py:nueva_solicitud_form,[],documents_and_other_nueva_solicitud_form_get_0567aa,documents_and_other:read; never grants business authority,"[""current_empleado""]",current employee + effective faculty + object + organization/legal entity + portfolio/tournament; UNPROVEN,read_candidate; side effects NOT verified,none only after read-purity proof,scoped source IDs/version and redacted durable receipt; writes need canonical transactional dedup + postcondition,"[""role/object/company deny"", ""revoked/expired"", ""isolation"", ""read purity""]",DISABLED; CANONICAL_SCOPE_UNPROVEN; route presence is not adapter or UI parity proof
0ba68908290a,src/devnous/gastos/routes/user_routes.py,33565,crear_nueva_solicitud,POST,"[""/documentos/nueva-solicitud""]",/documentos/nueva-solicitud,"[""POST""]","[{""prefix"": """", ""evidence"": ""copa_telmex_dashboard.py:2240"", ""status"": ""include_router_static; conditional/runtime execution unverified""}]",[],[],"[{""key"": ""gastos.solicitudes"", ""roles"": [""empleado"", ""coordinador"", ""finanzas"", ""admin"", ""superadmin""], ""actions"": [""ver"", ""crear"", ""editar"", ""aprobar"", ""pagar""], ""evidence"": ""src/devnous/gastos/services/access_control_service.py:98""}]","UNPROVEN: guards/dependencies are evidence, not a complete effective-role matrix",documents_and_other,live_entrypoint_static,"[""NO_LOCAL_GUARD_FOUND; inherited/middleware review required""]",ROUTE OWNER ONLY; service authority unproven: src/devnous/gastos/routes/user_routes.py:crear_nueva_solicitud,"[""session.commit""]",documents_and_other_crear_nueva_solicitud_post_0ba689,documents_and_other:write; never grants business authority,"[""current_empleado"", ""monto_solicitado"", ""proveedor_cliente_id"", ""torneo_id"", ""fecha_pago"", ""concepto_pago"", ""numero_factura"", ""referencia_pago"", ""fecha_inicio"", ""fecha_fin"", ""notas""]",current employee + effective faculty + object + organization/legal entity + portfolio/tournament; UNPROVEN,write_or_effect_candidate,trusted human approval of exact draft/version/amount/currency/destination/digest; recheck at commit,scoped source IDs/version and redacted durable receipt; writes need canonical transactional dedup + postcondition,"[""role/object/company deny"", ""revoked/expired"", ""isolation"", ""read purity"", ""exact confirmation/version"", ""retry/crash/no duplicates"", ""verified receipt""]",DISABLED; CANONICAL_SCOPE_UNPROVEN; route presence is not adapter or UI parity proof
3ccb028af69b,src/devnous/gastos/routes/user_routes.py,33743,crear_documento_desde_gastos,POST,"[""/documentos/crear-desde-gastos""]",/documentos/crear-desde-gastos,"[""POST""]","[{""prefix"": """", ""evidence"": ""copa_telmex_dashboard.py:2240"", ""status"": ""include_router_static; conditional/runtime execution unverified""}]",[],[],"[{""key"": ""gastos.solicitudes"", ""roles"": [""empleado"", ""coordinador"", ""finanzas"", ""admin"", ""superadmin""], ""actions"": [""ver"", ""crear"", ""editar"", ""aprobar"", ""pagar""], ""evidence"": ""src/devnous/gastos/services/access_control_service.py:98""}]","UNPROVEN: guards/dependencies are evidence, not a complete effective-role matrix",documents_and_other,live_entrypoint_static,"[""NO_LOCAL_GUARD_FOUND; inherited/middleware review required""]",ROUTE OWNER ONLY; service authority unproven: src/devnous/gastos/routes/user_routes.py:crear_documento_desde_gastos,"[""session.commit""]",documents_and_other_crear_documento_desde_gastos_post_3ccb02,documents_and_other:write; never grants business authority,"[""current_empleado"", ""gasto_ids"", ""tipo_documento"", ""torneo_id"", ""fecha_inicio"", ""fecha_fin"", ""notas""]",current employee + effective faculty + object + organization/legal entity + portfolio/tournament; UNPROVEN,write_or_effect_candidate,trusted human approval of exact draft/version/amount/currency/destination/digest; recheck at commit,scoped source IDs/version and redacted durable receipt; writes need canonical transactional dedup + postcondition,"[""role/object/company deny"", ""revoked/expired"", ""isolation"", ""read purity"", ""exact confirmation/version"", ""retry/crash/no duplicates"", ""verified receipt""]",DISABLED; CANONICAL_SCOPE_UNPROVEN; route presence is not adapter or UI parity proof
aca2530910a6,src/devnous/gastos/routes/user_routes.py,33910,asignar_gastos_a_documento,POST,"[""/documentos/{documento_id}/asignar-gastos""]",/documentos/{documento_id}/asignar-gastos,"[""POST""]","[{""prefix"": """", ""evidence"": ""copa_telmex_dashboard.py:2240"", ""status"": ""include_router_static; conditional/runtime execution unverified""}]",[],[],"[{""key"": ""gastos.solicitudes"", ""roles"": [""empleado"", ""coordinador"", ""finanzas"", ""admin"", ""superadmin""], ""actions"": [""ver"", ""crear"", ""editar"", ""aprobar"", ""pagar""], ""evidence"": ""src/devnous/gastos/services/access_control_service.py:98""}]","UNPROVEN: guards/dependencies are evidence, not a complete effective-role matrix",documents_and_other,live_entrypoint_static,"[""NO_LOCAL_GUARD_FOUND; inherited/middleware review required""]",ROUTE OWNER ONLY; service authority unproven: src/devnous/gastos/routes/user_routes.py:asignar_gastos_a_documento,"[""session.commit""]",documents_and_other_asignar_gastos_a_documento_post_aca253,documents_and_other:write; never grants business authority,"[""documento_id"", ""current_empleado"", ""gasto_ids""]",current employee + effective faculty + object + organization/legal entity + portfolio/tournament; UNPROVEN,write_or_effect_candidate,trusted human approval of exact draft/version/amount/currency/destination/digest; recheck at commit,scoped source IDs/version and redacted durable receipt; writes need canonical transactional dedup + postcondition,"[""role/object/company deny"", ""revoked/expired"", ""isolation"", ""read purity"", ""exact confirmation/version"", ""retry/crash/no duplicates"", ""verified receipt""]",DISABLED; CANONICAL_SCOPE_UNPROVEN; route presence is not adapter or UI parity proof
a854e04b314c,src/devnous/gastos/routes/user_routes.py,34071,enviar_documento,POST,"[""/documentos/{documento_id}/enviar""]",/documentos/{documento_id}/enviar,"[""POST""]","[{""prefix"": """", ""evidence"": ""copa_telmex_dashboard.py:2240"", ""status"": ""include_router_static; conditional/runtime execution unverified""}]",[],[],"[{""key"": ""gastos.solicitudes"", ""roles"": [""empleado"", ""coordinador"", ""finanzas"", ""admin"", ""superadmin""], ""actions"": [""ver"", ""crear"", ""editar"", ""aprobar"", ""pagar""], ""evidence"": ""src/devnous/gastos/services/access_control_service.py:98""}]","UNPROVEN: guards/dependencies are evidence, not a complete effective-role matrix",documents_and_other,live_entrypoint_static,"[""NO_LOCAL_GUARD_FOUND; inherited/middleware review required""]",ROUTE OWNER ONLY; service authority unproven: src/devnous/gastos/routes/user_routes.py:enviar_documento,[],documents_and_other_enviar_documento_post_a854e0,documents_and_other:write; never grants business authority,"[""documento_id"", ""current_empleado"", ""next""]",current employee + effective faculty + object + organization/legal entity + portfolio/tournament; UNPROVEN,write_or_effect_candidate,trusted human approval of exact draft/version/amount/currency/destination/digest; recheck at commit,scoped source IDs/version and redacted durable receipt; writes need canonical transactional dedup + postcondition,"[""role/object/company deny"", ""revoked/expired"", ""isolation"", ""read purity"", ""exact confirmation/version"", ""retry/crash/no duplicates"", ""verified receipt""]",DISABLED; CANONICAL_SCOPE_UNPROVEN; route presence is not adapter or UI parity proof
024a0563d426,src/devnous/gastos/routes/user_routes.py,34161,aprobar_documento,POST,"[""/documentos/{documento_id}/aprobar""]",/documentos/{documento_id}/aprobar,"[""POST""]","[{""prefix"": """", ""evidence"": ""copa_telmex_dashboard.py:2240"", ""status"": ""include_router_static; conditional/runtime execution unverified""}]",[],[],"[{""key"": ""gastos.solicitudes"", ""roles"": [""empleado"", ""coordinador"", ""finanzas"", ""admin"", ""superadmin""], ""actions"": [""ver"", ""crear"", ""editar"", ""aprobar"", ""pagar""], ""evidence"": ""src/devnous/gastos/services/access_control_service.py:98""}]","UNPROVEN: guards/dependencies are evidence, not a complete effective-role matrix",documents_and_other,live_entrypoint_static,"[""_ensure_reembolso_solicitud_for_approved_informe(session, informe_doc=workflow_result.documento, actor_id=current_empleado.id, request=request)""]",ROUTE OWNER ONLY; service authority unproven: src/devnous/gastos/routes/user_routes.py:aprobar_documento,"[""_ensure_reembolso_solicitud_for_approved_informe""]",documents_and_other_aprobar_documento_post_024a05,documents_and_other:write; never grants business authority,"[""documento_id"", ""current_empleado"", ""comentario"", ""next""]",current employee + effective faculty + object + organization/legal entity + portfolio/tournament; UNPROVEN,write_or_effect_candidate,trusted human approval of exact draft/version/amount/currency/destination/digest; recheck at commit,scoped source IDs/version and redacted durable receipt; writes need canonical transactional dedup + postcondition,"[""role/object/company deny"", ""revoked/expired"", ""isolation"", ""read purity"", ""exact confirmation/version"", ""retry/crash/no duplicates"", ""verified receipt""]",DISABLED; CANONICAL_SCOPE_UNPROVEN; route presence is not adapter or UI parity proof
34b4458a6dbf,src/devnous/gastos/routes/user_routes.py,34282,rechazar_documento,POST,"[""/documentos/{documento_id}/rechazar""]",/documentos/{documento_id}/rechazar,"[""POST""]","[{""prefix"": """", ""evidence"": ""copa_telmex_dashboard.py:2240"", ""status"": ""include_router_static; conditional/runtime execution unverified""}]",[],[],"[{""key"": ""gastos.solicitudes"", ""roles"": [""empleado"", ""coordinador"", ""finanzas"", ""admin"", ""superadmin""], ""actions"": [""ver"", ""crear"", ""editar"", ""aprobar"", ""pagar""], ""evidence"": ""src/devnous/gastos/services/access_control_service.py:98""}]","UNPROVEN: guards/dependencies are evidence, not a complete effective-role matrix",documents_and_other,live_entrypoint_static,"[""NO_LOCAL_GUARD_FOUND; inherited/middleware review required""]",ROUTE OWNER ONLY; service authority unproven: src/devnous/gastos/routes/user_routes.py:rechazar_documento,[],documents_and_other_rechazar_documento_post_34b445,documents_and_other:write; never grants business authority,"[""documento_id"", ""current_empleado"", ""comentario"", ""next""]",current employee + effective faculty + object + organization/legal entity + portfolio/tournament; UNPROVEN,write_or_effect_candidate,trusted human approval of exact draft/version/amount/currency/destination/digest; recheck at commit,scoped source IDs/version and redacted durable receipt; writes need canonical transactional dedup + postcondition,"[""role/object/company deny"", ""revoked/expired"", ""isolation"", ""read purity"", ""exact confirmation/version"", ""retry/crash/no duplicates"", ""verified receipt""]",DISABLED; CANONICAL_SCOPE_UNPROVEN; route presence is not adapter or UI parity proof
94c770222225,src/devnous/gastos/routes/user_routes.py,34464,cfdi_duplicate_release_console,GET,"[""/admin/gastos/cfdis/liberar-duplicados""]",/admin/gastos/cfdis/liberar-duplicados,"[""GET""]","[{""prefix"": """", ""evidence"": ""copa_telmex_dashboard.py:2240"", ""status"": ""include_router_static; conditional/runtime execution unverified""}]","[""src/devnous/gastos/routes/user_routes.py:34388:_require_cfdi_duplicate_release_superadmin""]",[],"[{""key"": ""admin.root"", ""roles"": [""admin"", ""superadmin"", ""super_admin""], ""actions"": [""ver""], ""evidence"": ""src/devnous/gastos/services/access_control_service.py:125""}, {""key"": ""admin.gastos.dashboard"", ""roles"": [""finanzas"", ""admin"", ""superadmin"", ""super_admin""], ""actions"": [""ver""], ""evidence"": ""src/devnous/gastos/services/access_control_service.py:141""}]","UNPROVEN: guards/dependencies are evidence, not a complete effective-role matrix",accounting,live_entrypoint_static,"[""_require_cfdi_duplicate_release_superadmin(current_empleado)""]",ROUTE OWNER ONLY; service authority unproven: src/devnous/gastos/routes/user_routes.py:cfdi_duplicate_release_console,[],accounting_cfdi_duplicate_release_console_get_94c770,accounting:read; never grants business authority,"[""current_empleado""]",current employee + effective faculty + object + organization/legal entity + portfolio/tournament; UNPROVEN,read_candidate; side effects NOT verified,none only after read-purity proof,scoped source IDs/version and redacted durable receipt; writes need canonical transactional dedup + postcondition,"[""role/object/company deny"", ""revoked/expired"", ""isolation"", ""read purity""]",DISABLED; CANONICAL_SCOPE_UNPROVEN; route presence is not adapter or UI parity proof
d08233cc41ea,src/devnous/gastos/routes/user_routes.py,34477,cfdi_duplicate_release_preview,POST,"[""/admin/gastos/cfdis/liberar-duplicados/vista-previa""]",/admin/gastos/cfdis/liberar-duplicados/vista-previa,"[""POST""]","[{""prefix"": """", ""evidence"": ""copa_telmex_dashboard.py:2240"", ""status"": ""include_router_static; conditional/runtime execution unverified""}]","[""src/devnous/gastos/routes/user_routes.py:34388:_require_cfdi_duplicate_release_superadmin""]",[],"[{""key"": ""admin.root"", ""roles"": [""admin"", ""superadmin"", ""super_admin""], ""actions"": [""ver""], ""evidence"": ""src/devnous/gastos/services/access_control_service.py:125""}, {""key"": ""admin.gastos.dashboard"", ""roles"": [""finanzas"", ""admin"", ""superadmin"", ""super_admin""], ""actions"": [""ver""], ""evidence"": ""src/devnous/gastos/services/access_control_service.py:141""}]","UNPROVEN: guards/dependencies are evidence, not a complete effective-role matrix",accounting,live_entrypoint_static,"[""_require_cfdi_duplicate_release_superadmin(current_empleado)""]",ROUTE OWNER ONLY; service authority unproven: src/devnous/gastos/routes/user_routes.py:cfdi_duplicate_release_preview,[],accounting_cfdi_duplicate_release_preview_post_d08233,accounting:write; never grants business authority,"[""cfdi_uuids"", ""current_empleado""]",current employee + effective faculty + object + organization/legal entity + portfolio/tournament; UNPROVEN,write_or_effect_candidate,trusted human approval of exact draft/version/amount/currency/destination/digest; recheck at commit,scoped source IDs/version and redacted durable receipt; writes need canonical transactional dedup + postcondition,"[""role/object/company deny"", ""revoked/expired"", ""isolation"", ""read purity"", ""exact confirmation/version"", ""retry/crash/no duplicates"", ""verified receipt""]",DISABLED; CANONICAL_SCOPE_UNPROVEN; route presence is not adapter or UI parity proof
aae2c59f687e,src/devnous/gastos/routes/user_routes.py,34491,cfdi_duplicate_release_apply,POST,"[""/admin/gastos/cfdis/liberar-duplicados/aplicar""]",/admin/gastos/cfdis/liberar-duplicados/aplicar,"[""POST""]","[{""prefix"": """", ""evidence"": ""copa_telmex_dashboard.py:2240"", ""status"": ""include_router_static; conditional/runtime execution unverified""}]","[""src/devnous/gastos/routes/user_routes.py:34388:_require_cfdi_duplicate_release_superadmin""]",[],"[{""key"": ""admin.root"", ""roles"": [""admin"", ""superadmin"", ""super_admin""], ""actions"": [""ver""], ""evidence"": ""src/devnous/gastos/services/access_control_service.py:125""}, {""key"": ""admin.gastos.dashboard"", ""roles"": [""finanzas"", ""admin"", ""superadmin"", ""super_admin""], ""actions"": [""ver""], ""evidence"": ""src/devnous/gastos/services/access_control_service.py:141""}]","UNPROVEN: guards/dependencies are evidence, not a complete effective-role matrix",accounting,live_entrypoint_static,"[""_require_cfdi_duplicate_release_superadmin(current_empleado)""]",ROUTE OWNER ONLY; service authority unproven: src/devnous/gastos/routes/user_routes.py:cfdi_duplicate_release_apply,[],accounting_cfdi_duplicate_release_apply_post_aae2c5,accounting:write; never grants business authority,"[""selected_uuids"", ""motivo"", ""idempotency_key"", ""confirmar"", ""current_empleado""]",current employee + effective faculty + object + organization/legal entity + portfolio/tournament; UNPROVEN,write_or_effect_candidate,trusted human approval of exact draft/version/amount/currency/destination/digest; recheck at commit,scoped source IDs/version and redacted durable receipt; writes need canonical transactional dedup + postcondition,"[""role/object/company deny"", ""revoked/expired"", ""isolation"", ""read purity"", ""exact confirmation/version"", ""retry/crash/no duplicates"", ""verified receipt""]",DISABLED; CANONICAL_SCOPE_UNPROVEN; route presence is not adapter or UI parity proof
43991d153431,src/devnous/gastos/routes/user_routes.py,34512,cfdi_duplicate_release_receipt,GET,"[""/admin/gastos/cfdis/liberar-duplicados/recibos/{operation_id}""]",/admin/gastos/cfdis/liberar-duplicados/recibos/{operation_id},"[""GET""]","[{""prefix"": """", ""evidence"": ""copa_telmex_dashboard.py:2240"", ""status"": ""include_router_static; conditional/runtime execution unverified""}]","[""src/devnous/gastos/routes/user_routes.py:34388:_require_cfdi_duplicate_release_superadmin""]",[],"[{""key"": ""admin.root"", ""roles"": [""admin"", ""superadmin"", ""super_admin""], ""actions"": [""ver""], ""evidence"": ""src/devnous/gastos/services/access_control_service.py:125""}, {""key"": ""admin.gastos.dashboard"", ""roles"": [""finanzas"", ""admin"", ""superadmin"", ""super_admin""], ""actions"": [""ver""], ""evidence"": ""src/devnous/gastos/services/access_control_service.py:141""}]","UNPROVEN: guards/dependencies are evidence, not a complete effective-role matrix",accounting,live_entrypoint_static,"[""_require_cfdi_duplicate_release_superadmin(current_empleado)""]",ROUTE OWNER ONLY; service authority unproven: src/devnous/gastos/routes/user_routes.py:cfdi_duplicate_release_receipt,[],accounting_cfdi_duplicate_release_receipt_get_43991d,accounting:read; never grants business authority,"[""operation_id"", ""current_empleado""]",current employee + effective faculty + object + organization/legal entity + portfolio/tournament; UNPROVEN,read_candidate; side effects NOT verified,none only after read-purity proof,scoped source IDs/version and redacted durable receipt; writes need canonical transactional dedup + postcondition,"[""role/object/company deny"", ""revoked/expired"", ""isolation"", ""read purity""]",DISABLED; CANONICAL_SCOPE_UNPROVEN; route presence is not adapter or UI parity proof
88c1657a3e82,src/devnous/gastos/routes/user_routes.py,34530,cancelar_solicitud_documento,POST,"[""/documentos/{documento_id}/cancelar""]",/documentos/{documento_id}/cancelar,"[""POST""]","[{""prefix"": """", ""evidence"": ""copa_telmex_dashboard.py:2240"", ""status"": ""include_router_static; conditional/runtime execution unverified""}]",[],[],"[{""key"": ""gastos.solicitudes"", ""roles"": [""empleado"", ""coordinador"", ""finanzas"", ""admin"", ""superadmin""], ""actions"": [""ver"", ""crear"", ""editar"", ""aprobar"", ""pagar""], ""evidence"": ""src/devnous/gastos/services/access_control_service.py:98""}]","UNPROVEN: guards/dependencies are evidence, not a complete effective-role matrix",documents_and_other,live_entrypoint_static,"[""NO_LOCAL_GUARD_FOUND; inherited/middleware review required""]",ROUTE OWNER ONLY; service authority unproven: src/devnous/gastos/routes/user_routes.py:cancelar_solicitud_documento,[],documents_and_other_cancelar_solicitud_documento_post_88c165,documents_and_other:write; never grants business authority,"[""documento_id"", ""current_empleado"", ""comentario"", ""next""]",current employee + effective faculty + object + organization/legal entity + portfolio/tournament; UNPROVEN,write_or_effect_candidate,trusted human approval of exact draft/version/amount/currency/destination/digest; recheck at commit,scoped source IDs/version and redacted durable receipt; writes need canonical transactional dedup + postcondition,"[""role/object/company deny"", ""revoked/expired"", ""isolation"", ""read purity"", ""exact confirmation/version"", ""retry/crash/no duplicates"", ""verified receipt""]",DISABLED; CANONICAL_SCOPE_UNPROVEN; route presence is not adapter or UI parity proof
4215145ac107,src/devnous/gastos/routes/user_routes.py,34605,retirar_solicitud_documento,POST,"[""/documentos/{documento_id}/retirar""]",/documentos/{documento_id}/retirar,"[""POST""]","[{""prefix"": """", ""evidence"": ""copa_telmex_dashboard.py:2240"", ""status"": ""include_router_static; conditional/runtime execution unverified""}]",[],[],"[{""key"": ""gastos.solicitudes"", ""roles"": [""empleado"", ""coordinador"", ""finanzas"", ""admin"", ""superadmin""], ""actions"": [""ver"", ""crear"", ""editar"", ""aprobar"", ""pagar""], ""evidence"": ""src/devnous/gastos/services/access_control_service.py:98""}]","UNPROVEN: guards/dependencies are evidence, not a complete effective-role matrix",documents_and_other,live_entrypoint_static,"[""NO_LOCAL_GUARD_FOUND; inherited/middleware review required""]",ROUTE OWNER ONLY; service authority unproven: src/devnous/gastos/routes/user_routes.py:retirar_solicitud_documento,[],documents_and_other_retirar_solicitud_documento_post_421514,documents_and_other:write; never grants business authority,"[""documento_id"", ""current_empleado"", ""comentario"", ""next""]",current employee + effective faculty + object + organization/legal entity + portfolio/tournament; UNPROVEN,write_or_effect_candidate,trusted human approval of exact draft/version/amount/currency/destination/digest; recheck at commit,scoped source IDs/version and redacted durable receipt; writes need canonical transactional dedup + postcondition,"[""role/object/company deny"", ""revoked/expired"", ""isolation"", ""read purity"", ""exact confirmation/version"", ""retry/crash/no duplicates"", ""verified receipt""]",DISABLED; CANONICAL_SCOPE_UNPROVEN; route presence is not adapter or UI parity proof
109e84fb2fbc,src/devnous/gastos/routes/user_routes.py,34680,registrar_anticipo,POST,"[""/documentos/{documento_id}/registrar-anticipo""]",/documentos/{documento_id}/registrar-anticipo,"[""POST""]","[{""prefix"": """", ""evidence"": ""copa_telmex_dashboard.py:2240"", ""status"": ""include_router_static; conditional/runtime execution unverified""}]",[],[],"[{""key"": ""gastos.solicitudes"", ""roles"": [""empleado"", ""coordinador"", ""finanzas"", ""admin"", ""superadmin""], ""actions"": [""ver"", ""crear"", ""editar"", ""aprobar"", ""pagar""], ""evidence"": ""src/devnous/gastos/services/access_control_service.py:98""}]","UNPROVEN: guards/dependencies are evidence, not a complete effective-role matrix",documents_and_other,live_entrypoint_static,"[""ensure_debtor_payment_posting_for_document(session, documento=documento, empleado=anticipo_employee, fecha_pago=fecha_entrega_dt, require_employee_beneficiary=False)""]",ROUTE OWNER ONLY; service authority unproven: src/devnous/gastos/routes/user_routes.py:registrar_anticipo,"[""session.commit""]",documents_and_other_registrar_anticipo_post_109e84,documents_and_other:write; never grants business authority,"[""documento_id"", ""current_empleado"", ""monto"", ""moneda"", ""fecha_entrega"", ""estado""]",current employee + effective faculty + object + organization/legal entity + portfolio/tournament; UNPROVEN,write_or_effect_candidate,trusted human approval of exact draft/version/amount/currency/destination/digest; recheck at commit,scoped source IDs/version and redacted durable receipt; writes need canonical transactional dedup + postcondition,"[""role/object/company deny"", ""revoked/expired"", ""isolation"", ""read purity"", ""exact confirmation/version"", ""retry/crash/no duplicates"", ""verified receipt""]",DISABLED; CANONICAL_SCOPE_UNPROVEN; route presence is not adapter or UI parity proof
1fc33c6d2f44,src/devnous/gastos/routes/user_routes.py,34822,registrar_pago,POST,"[""/documentos/{documento_id}/registrar-pago""]",/documentos/{documento_id}/registrar-pago,"[""POST""]","[{""prefix"": """", ""evidence"": ""copa_telmex_dashboard.py:2240"", ""status"": ""include_router_static; conditional/runtime execution unverified""}]",[],[],"[{""key"": ""gastos.solicitudes"", ""roles"": [""empleado"", ""coordinador"", ""finanzas"", ""admin"", ""superadmin""], ""actions"": [""ver"", ""crear"", ""editar"", ""aprobar"", ""pagar""], ""evidence"": ""src/devnous/gastos/services/access_control_service.py:98""}]","UNPROVEN: guards/dependencies are evidence, not a complete effective-role matrix",payments,live_entrypoint_static,"[""NO_LOCAL_GUARD_FOUND; inherited/middleware review required""]",ROUTE OWNER ONLY; service authority unproven: src/devnous/gastos/routes/user_routes.py:registrar_pago,[],payments_registrar_pago_post_1fc33c,payments:write; never grants business authority,"[""documento_id"", ""current_empleado"", ""next""]",current employee + effective faculty + object + organization/legal entity + portfolio/tournament; UNPROVEN,write_or_effect_candidate,trusted human approval of exact draft/version/amount/currency/destination/digest; recheck at commit,scoped source IDs/version and redacted durable receipt; writes need canonical transactional dedup + postcondition,"[""role/object/company deny"", ""revoked/expired"", ""isolation"", ""read purity"", ""exact confirmation/version"", ""retry/crash/no duplicates"", ""verified receipt""]",DISABLED; CANONICAL_SCOPE_UNPROVEN; route presence is not adapter or UI parity proof
49e73bc7268c,src/devnous/gastos/routes/user_routes.py,34844,registrar_reembolso,POST,"[""/documentos/{documento_id}/registrar-reembolso""]",/documentos/{documento_id}/registrar-reembolso,"[""POST""]","[{""prefix"": """", ""evidence"": ""copa_telmex_dashboard.py:2240"", ""status"": ""include_router_static; conditional/runtime execution unverified""}]",[],[],"[{""key"": ""gastos.solicitudes"", ""roles"": [""empleado"", ""coordinador"", ""finanzas"", ""admin"", ""superadmin""], ""actions"": [""ver"", ""crear"", ""editar"", ""aprobar"", ""pagar""], ""evidence"": ""src/devnous/gastos/services/access_control_service.py:98""}]","UNPROVEN: guards/dependencies are evidence, not a complete effective-role matrix",payments,live_entrypoint_static,"[""NO_LOCAL_GUARD_FOUND; inherited/middleware review required""]",ROUTE OWNER ONLY; service authority unproven: src/devnous/gastos/routes/user_routes.py:registrar_reembolso,[],payments_registrar_reembolso_post_49e73b,payments:write; never grants business authority,"[""documento_id"", ""current_empleado"", ""monto"", ""moneda"", ""metodo_pago"", ""fecha_pago"", ""estado""]",current employee + effective faculty + object + organization/legal entity + portfolio/tournament; UNPROVEN,write_or_effect_candidate,trusted human approval of exact draft/version/amount/currency/destination/digest; recheck at commit,scoped source IDs/version and redacted durable receipt; writes need canonical transactional dedup + postcondition,"[""role/object/company deny"", ""revoked/expired"", ""isolation"", ""read purity"", ""exact confirmation/version"", ""retry/crash/no duplicates"", ""verified receipt""]",DISABLED; CANONICAL_SCOPE_UNPROVEN; route presence is not adapter or UI parity proof
5a405062eaae,src/devnous/gastos/routes/user_routes.py,35164,exportar_informe_excel_cuenta,GET,"[""/informes-de-gastos/{cuenta_id}/exportar-informe.xlsx""]",/informes-de-gastos/{cuenta_id}/exportar-informe.xlsx,"[""GET""]","[{""prefix"": """", ""evidence"": ""copa_telmex_dashboard.py:2240"", ""status"": ""include_router_static; conditional/runtime execution unverified""}]",[],[],"[{""key"": ""gastos.informes"", ""roles"": [""empleado"", ""coordinador"", ""finanzas"", ""admin"", ""superadmin""], ""actions"": [""ver"", ""crear"", ""editar"", ""exportar""], ""evidence"": ""src/devnous/gastos/services/access_control_service.py:89""}]","UNPROVEN: guards/dependencies are evidence, not a complete effective-role matrix",documents_and_other,live_entrypoint_static,"[""NO_LOCAL_GUARD_FOUND; inherited/middleware review required""]",ROUTE OWNER ONLY; service authority unproven: src/devnous/gastos/routes/user_routes.py:exportar_informe_excel_cuenta,[],documents_and_other_exportar_informe_excel_cuenta_get_5a4050,documents_and_other:read; never grants business authority,"[""cuenta_id"", ""current_empleado""]",current employee + effective faculty + object + organization/legal entity + portfolio/tournament; UNPROVEN,read_candidate; side effects NOT verified,none only after read-purity proof,scoped source IDs/version and redacted durable receipt; writes need canonical transactional dedup + postcondition,"[""role/object/company deny"", ""revoked/expired"", ""isolation"", ""read purity""]",DISABLED; CANONICAL_SCOPE_UNPROVEN; route presence is not adapter or UI parity proof
7b078a0e607a,src/devnous/gastos/routes/user_routes.py,35181,exportar_coi_poliza_cuenta,GET,"[""/informes-de-gastos/{cuenta_id}/exportar-coi""]",/informes-de-gastos/{cuenta_id}/exportar-coi,"[""GET""]","[{""prefix"": """", ""evidence"": ""copa_telmex_dashboard.py:2240"", ""status"": ""include_router_static; conditional/runtime execution unverified""}]",[],[],"[{""key"": ""gastos.informes"", ""roles"": [""empleado"", ""coordinador"", ""finanzas"", ""admin"", ""superadmin""], ""actions"": [""ver"", ""crear"", ""editar"", ""exportar""], ""evidence"": ""src/devnous/gastos/services/access_control_service.py:89""}]","UNPROVEN: guards/dependencies are evidence, not a complete effective-role matrix",accounting,live_entrypoint_static,"[""NO_LOCAL_GUARD_FOUND; inherited/middleware review required""]",ROUTE OWNER ONLY; service authority unproven: src/devnous/gastos/routes/user_routes.py:exportar_coi_poliza_cuenta,"[""_approved_informe_for_cuenta_or_redirect""]",accounting_exportar_coi_poliza_cuenta_get_7b078a,accounting:read; never grants business authority,"[""cuenta_id"", ""current_empleado""]",current employee + effective faculty + object + organization/legal entity + portfolio/tournament; UNPROVEN,read_candidate; side effects NOT verified,none only after read-purity proof,scoped source IDs/version and redacted durable receipt; writes need canonical transactional dedup + postcondition,"[""role/object/company deny"", ""revoked/expired"", ""isolation"", ""read purity""]",DISABLED; CANONICAL_SCOPE_UNPROVEN; route presence is not adapter or UI parity proof
dd8499ec0dcd,src/devnous/gastos/routes/user_routes.py,35198,exportar_papel_poliza_informe,GET,"[""/informes-de-gastos/{cuenta_id}/papel-poliza.xlsx""]",/informes-de-gastos/{cuenta_id}/papel-poliza.xlsx,"[""GET""]","[{""prefix"": """", ""evidence"": ""copa_telmex_dashboard.py:2240"", ""status"": ""include_router_static; conditional/runtime execution unverified""}]","[""src/devnous/gastos/routes/user_routes.py:10789:_can_read_cuenta_de_gastos""]",[],"[{""key"": ""gastos.informes"", ""roles"": [""empleado"", ""coordinador"", ""finanzas"", ""admin"", ""superadmin""], ""actions"": [""ver"", ""crear"", ""editar"", ""exportar""], ""evidence"": ""src/devnous/gastos/services/access_control_service.py:89""}]","UNPROVEN: guards/dependencies are evidence, not a complete effective-role matrix",documents_and_other,live_entrypoint_static,"[""require_admin_finanzas()""]",ROUTE OWNER ONLY; service authority unproven: src/devnous/gastos/routes/user_routes.py:exportar_papel_poliza_informe,[],documents_and_other_exportar_papel_poliza_informe_get_dd8499,documents_and_other:read; never grants business authority,"[""cuenta_id"", ""current_empleado""]",current employee + effective faculty + object + organization/legal entity + portfolio/tournament; UNPROVEN,read_candidate; side effects NOT verified,none only after read-purity proof,scoped source IDs/version and redacted durable receipt; writes need canonical transactional dedup + postcondition,"[""role/object/company deny"", ""revoked/expired"", ""isolation"", ""read purity""]",DISABLED; CANONICAL_SCOPE_UNPROVEN; route presence is not adapter or UI parity proof
b55ab03ba215,src/devnous/gastos/routes/user_routes.py,35306,exportar_coi_poliza_excel_cuenta,GET,"[""/informes-de-gastos/{cuenta_id}/exportar-coi.xlsx""]",/informes-de-gastos/{cuenta_id}/exportar-coi.xlsx,"[""GET""]","[{""prefix"": """", ""evidence"": ""copa_telmex_dashboard.py:2240"", ""status"": ""include_router_static; conditional/runtime execution unverified""}]",[],[],"[{""key"": ""gastos.informes"", ""roles"": [""empleado"", ""coordinador"", ""finanzas"", ""admin"", ""superadmin""], ""actions"": [""ver"", ""crear"", ""editar"", ""exportar""], ""evidence"": ""src/devnous/gastos/services/access_control_service.py:89""}]","UNPROVEN: guards/dependencies are evidence, not a complete effective-role matrix",accounting,live_entrypoint_static,"[""NO_LOCAL_GUARD_FOUND; inherited/middleware review required""]",ROUTE OWNER ONLY; service authority unproven: src/devnous/gastos/routes/user_routes.py:exportar_coi_poliza_excel_cuenta,"[""_approved_informe_for_cuenta_or_redirect""]",accounting_exportar_coi_poliza_excel_cuenta_get_b55ab0,accounting:read; never grants business authority,"[""cuenta_id"", ""current_empleado""]",current employee + effective faculty + object + organization/legal entity + portfolio/tournament; UNPROVEN,read_candidate; side effects NOT verified,none only after read-purity proof,scoped source IDs/version and redacted durable receipt; writes need canonical transactional dedup + postcondition,"[""role/object/company deny"", ""revoked/expired"", ""isolation"", ""read purity""]",DISABLED; CANONICAL_SCOPE_UNPROVEN; route presence is not adapter or UI parity proof
280f2be7abd6,src/devnous/gastos/routes/user_routes.py,35323,preview_coi_poliza_cuenta,GET,"[""/informes-de-gastos/{cuenta_id}/preview-coi""]",/informes-de-gastos/{cuenta_id}/preview-coi,"[""GET""]","[{""prefix"": """", ""evidence"": ""copa_telmex_dashboard.py:2240"", ""status"": ""include_router_static; conditional/runtime execution unverified""}]",[],[],"[{""key"": ""gastos.informes"", ""roles"": [""empleado"", ""coordinador"", ""finanzas"", ""admin"", ""superadmin""], ""actions"": [""ver"", ""crear"", ""editar"", ""exportar""], ""evidence"": ""src/devnous/gastos/services/access_control_service.py:89""}]","UNPROVEN: guards/dependencies are evidence, not a complete effective-role matrix",accounting,live_entrypoint_static,"[""NO_LOCAL_GUARD_FOUND; inherited/middleware review required""]",ROUTE OWNER ONLY; service authority unproven: src/devnous/gastos/routes/user_routes.py:preview_coi_poliza_cuenta,"[""_approved_informe_for_cuenta_or_redirect""]",accounting_preview_coi_poliza_cuenta_get_280f2b,accounting:read; never grants business authority,"[""cuenta_id"", ""current_empleado""]",current employee + effective faculty + object + organization/legal entity + portfolio/tournament; UNPROVEN,read_candidate; side effects NOT verified,none only after read-purity proof,scoped source IDs/version and redacted durable receipt; writes need canonical transactional dedup + postcondition,"[""role/object/company deny"", ""revoked/expired"", ""isolation"", ""read purity""]",DISABLED; CANONICAL_SCOPE_UNPROVEN; route presence is not adapter or UI parity proof
50620b356382,src/devnous/gastos/routes/user_routes.py,35340,exportar_diot_excel_cuenta,GET,"[""/informes-de-gastos/{cuenta_id}/exportar-diot.xlsx""]",/informes-de-gastos/{cuenta_id}/exportar-diot.xlsx,"[""GET""]","[{""prefix"": """", ""evidence"": ""copa_telmex_dashboard.py:2240"", ""status"": ""include_router_static; conditional/runtime execution unverified""}]",[],[],"[{""key"": ""gastos.informes"", ""roles"": [""empleado"", ""coordinador"", ""finanzas"", ""admin"", ""superadmin""], ""actions"": [""ver"", ""crear"", ""editar"", ""exportar""], ""evidence"": ""src/devnous/gastos/services/access_control_service.py:89""}]","UNPROVEN: guards/dependencies are evidence, not a complete effective-role matrix",accounting,live_entrypoint_static,"[""NO_LOCAL_GUARD_FOUND; inherited/middleware review required""]",ROUTE OWNER ONLY; service authority unproven: src/devnous/gastos/routes/user_routes.py:exportar_diot_excel_cuenta,"[""_approved_informe_for_cuenta_or_redirect""]",accounting_exportar_diot_excel_cuenta_get_50620b,accounting:read; never grants business authority,"[""cuenta_id"", ""current_empleado""]",current employee + effective faculty + object + organization/legal entity + portfolio/tournament; UNPROVEN,read_candidate; side effects NOT verified,none only after read-purity proof,scoped source IDs/version and redacted durable receipt; writes need canonical transactional dedup + postcondition,"[""role/object/company deny"", ""revoked/expired"", ""isolation"", ""read purity""]",DISABLED; CANONICAL_SCOPE_UNPROVEN; route presence is not adapter or UI parity proof
e4b53c59fa87,src/devnous/gastos/routes/user_routes.py,35357,exportar_diot_txt_cuenta,GET,"[""/informes-de-gastos/{cuenta_id}/exportar-diot.txt""]",/informes-de-gastos/{cuenta_id}/exportar-diot.txt,"[""GET""]","[{""prefix"": """", ""evidence"": ""copa_telmex_dashboard.py:2240"", ""status"": ""include_router_static; conditional/runtime execution unverified""}]",[],[],"[{""key"": ""gastos.informes"", ""roles"": [""empleado"", ""coordinador"", ""finanzas"", ""admin"", ""superadmin""], ""actions"": [""ver"", ""crear"", ""editar"", ""exportar""], ""evidence"": ""src/devnous/gastos/services/access_control_service.py:89""}]","UNPROVEN: guards/dependencies are evidence, not a complete effective-role matrix",accounting,live_entrypoint_static,"[""NO_LOCAL_GUARD_FOUND; inherited/middleware review required""]",ROUTE OWNER ONLY; service authority unproven: src/devnous/gastos/routes/user_routes.py:exportar_diot_txt_cuenta,"[""_approved_informe_for_cuenta_or_redirect""]",accounting_exportar_diot_txt_cuenta_get_e4b53c,accounting:read; never grants business authority,"[""cuenta_id"", ""current_empleado""]",current employee + effective faculty + object + organization/legal entity + portfolio/tournament; UNPROVEN,read_candidate; side effects NOT verified,none only after read-purity proof,scoped source IDs/version and redacted durable receipt; writes need canonical transactional dedup + postcondition,"[""role/object/company deny"", ""revoked/expired"", ""isolation"", ""read purity""]",DISABLED; CANONICAL_SCOPE_UNPROVEN; route presence is not adapter or UI parity proof
727cc4aa26f7,src/devnous/gastos/routes/user_routes.py,35374,exportar_diot_excel,GET,"[""/documentos/{documento_id}/exportar-diot.xlsx""]",/documentos/{documento_id}/exportar-diot.xlsx,"[""GET""]","[{""prefix"": """", ""evidence"": ""copa_telmex_dashboard.py:2240"", ""status"": ""include_router_static; conditional/runtime execution unverified""}]",[],[],"[{""key"": ""gastos.solicitudes"", ""roles"": [""empleado"", ""coordinador"", ""finanzas"", ""admin"", ""superadmin""], ""actions"": [""ver"", ""crear"", ""editar"", ""aprobar"", ""pagar""], ""evidence"": ""src/devnous/gastos/services/access_control_service.py:98""}]","UNPROVEN: guards/dependencies are evidence, not a complete effective-role matrix",accounting,live_entrypoint_static,"[""NO_LOCAL_GUARD_FOUND; inherited/middleware review required""]",ROUTE OWNER ONLY; service authority unproven: src/devnous/gastos/routes/user_routes.py:exportar_diot_excel,"[""_build_documento_coi_bundle"", ""build_diot_export""]",accounting_exportar_diot_excel_get_727cc4,accounting:read; never grants business authority,"[""documento_id"", ""current_empleado""]",current employee + effective faculty + object + organization/legal entity + portfolio/tournament; UNPROVEN,read_candidate; side effects NOT verified,none only after read-purity proof,scoped source IDs/version and redacted durable receipt; writes need canonical transactional dedup + postcondition,"[""role/object/company deny"", ""revoked/expired"", ""isolation"", ""read purity""]",DISABLED; CANONICAL_SCOPE_UNPROVEN; route presence is not adapter or UI parity proof
50c4df2d61fd,src/devnous/gastos/routes/user_routes.py,35417,exportar_diot_txt,GET,"[""/documentos/{documento_id}/exportar-diot.txt""]",/documentos/{documento_id}/exportar-diot.txt,"[""GET""]","[{""prefix"": """", ""evidence"": ""copa_telmex_dashboard.py:2240"", ""status"": ""include_router_static; conditional/runtime execution unverified""}]",[],[],"[{""key"": ""gastos.solicitudes"", ""roles"": [""empleado"", ""coordinador"", ""finanzas"", ""admin"", ""superadmin""], ""actions"": [""ver"", ""crear"", ""editar"", ""aprobar"", ""pagar""], ""evidence"": ""src/devnous/gastos/services/access_control_service.py:98""}]","UNPROVEN: guards/dependencies are evidence, not a complete effective-role matrix",accounting,live_entrypoint_static,"[""NO_LOCAL_GUARD_FOUND; inherited/middleware review required""]",ROUTE OWNER ONLY; service authority unproven: src/devnous/gastos/routes/user_routes.py:exportar_diot_txt,"[""_build_documento_coi_bundle"", ""build_diot_export""]",accounting_exportar_diot_txt_get_50c4df,accounting:read; never grants business authority,"[""documento_id"", ""current_empleado""]",current employee + effective faculty + object + organization/legal entity + portfolio/tournament; UNPROVEN,read_candidate; side effects NOT verified,none only after read-purity proof,scoped source IDs/version and redacted durable receipt; writes need canonical transactional dedup + postcondition,"[""role/object/company deny"", ""revoked/expired"", ""isolation"", ""read purity""]",DISABLED; CANONICAL_SCOPE_UNPROVEN; route presence is not adapter or UI parity proof
69c59b13213c,src/devnous/gastos/routes/user_routes.py,35458,exportar_coi_poliza_gasto_excel,GET,"[""/gastos/{gasto_id}/exportar-coi.xlsx""]",/gastos/{gasto_id}/exportar-coi.xlsx,"[""GET""]","[{""prefix"": """", ""evidence"": ""copa_telmex_dashboard.py:2240"", ""status"": ""include_router_static; conditional/runtime execution unverified""}]",[],[],[],"UNPROVEN: guards/dependencies are evidence, not a complete effective-role matrix",accounting,live_entrypoint_static,"[""NO_LOCAL_GUARD_FOUND; inherited/middleware review required""]",ROUTE OWNER ONLY; service authority unproven: src/devnous/gastos/routes/user_routes.py:exportar_coi_poliza_gasto_excel,"[""build_expense_cfdi_for_export""]",accounting_exportar_coi_poliza_gasto_excel_get_69c59b,accounting:read; never grants business authority,"[""gasto_id"", ""current_empleado""]",current employee + effective faculty + object + organization/legal entity + portfolio/tournament; UNPROVEN,read_candidate; side effects NOT verified,none only after read-purity proof,scoped source IDs/version and redacted durable receipt; writes need canonical transactional dedup + postcondition,"[""role/object/company deny"", ""revoked/expired"", ""isolation"", ""read purity""]",DISABLED; CANONICAL_SCOPE_UNPROVEN; route presence is not adapter or UI parity proof
82bf0d2ad257,src/devnous/gastos/routes/user_routes.py,35555,exportar_coi_poliza,GET,"[""/documentos/{documento_id}/exportar-coi""]",/documentos/{documento_id}/exportar-coi,"[""GET""]","[{""prefix"": """", ""evidence"": ""copa_telmex_dashboard.py:2240"", ""status"": ""include_router_static; conditional/runtime execution unverified""}]",[],[],"[{""key"": ""gastos.solicitudes"", ""roles"": [""empleado"", ""coordinador"", ""finanzas"", ""admin"", ""superadmin""], ""actions"": [""ver"", ""crear"", ""editar"", ""aprobar"", ""pagar""], ""evidence"": ""src/devnous/gastos/services/access_control_service.py:98""}]","UNPROVEN: guards/dependencies are evidence, not a complete effective-role matrix",accounting,live_entrypoint_static,"[""NO_LOCAL_GUARD_FOUND; inherited/middleware review required""]",ROUTE OWNER ONLY; service authority unproven: src/devnous/gastos/routes/user_routes.py:exportar_coi_poliza,"[""_build_documento_coi_bundle""]",accounting_exportar_coi_poliza_get_82bf0d,accounting:read; never grants business authority,"[""documento_id"", ""current_empleado""]",current employee + effective faculty + object + organization/legal entity + portfolio/tournament; UNPROVEN,read_candidate; side effects NOT verified,none only after read-purity proof,scoped source IDs/version and redacted durable receipt; writes need canonical transactional dedup + postcondition,"[""role/object/company deny"", ""revoked/expired"", ""isolation"", ""read purity""]",DISABLED; CANONICAL_SCOPE_UNPROVEN; route presence is not adapter or UI parity proof
084bb42be4be,src/devnous/gastos/routes/user_routes.py,35618,exportar_coi_poliza_excel,GET,"[""/documentos/{documento_id}/exportar-coi.xlsx""]",/documentos/{documento_id}/exportar-coi.xlsx,"[""GET""]","[{""prefix"": """", ""evidence"": ""copa_telmex_dashboard.py:2240"", ""status"": ""include_router_static; conditional/runtime execution unverified""}]",[],[],"[{""key"": ""gastos.solicitudes"", ""roles"": [""empleado"", ""coordinador"", ""finanzas"", ""admin"", ""superadmin""], ""actions"": [""ver"", ""crear"", ""editar"", ""aprobar"", ""pagar""], ""evidence"": ""src/devnous/gastos/services/access_control_service.py:98""}]","UNPROVEN: guards/dependencies are evidence, not a complete effective-role matrix",accounting,live_entrypoint_static,"[""NO_LOCAL_GUARD_FOUND; inherited/middleware review required""]",ROUTE OWNER ONLY; service authority unproven: src/devnous/gastos/routes/user_routes.py:exportar_coi_poliza_excel,"[""_build_documento_coi_bundle""]",accounting_exportar_coi_poliza_excel_get_084bb4,accounting:read; never grants business authority,"[""documento_id"", ""current_empleado""]",current employee + effective faculty + object + organization/legal entity + portfolio/tournament; UNPROVEN,read_candidate; side effects NOT verified,none only after read-purity proof,scoped source IDs/version and redacted durable receipt; writes need canonical transactional dedup + postcondition,"[""role/object/company deny"", ""revoked/expired"", ""isolation"", ""read purity""]",DISABLED; CANONICAL_SCOPE_UNPROVEN; route presence is not adapter or UI parity proof
c07a0e54579b,src/devnous/gastos/routes/user_routes.py,35682,preview_coi_poliza,GET,"[""/documentos/{documento_id}/preview-coi""]",/documentos/{documento_id}/preview-coi,"[""GET""]","[{""prefix"": """", ""evidence"": ""copa_telmex_dashboard.py:2240"", ""status"": ""include_router_static; conditional/runtime execution unverified""}]",[],[],"[{""key"": ""gastos.solicitudes"", ""roles"": [""empleado"", ""coordinador"", ""finanzas"", ""admin"", ""superadmin""], ""actions"": [""ver"", ""crear"", ""editar"", ""aprobar"", ""pagar""], ""evidence"": ""src/devnous/gastos/services/access_control_service.py:98""}]","UNPROVEN: guards/dependencies are evidence, not a complete effective-role matrix",accounting,live_entrypoint_static,"[""NO_LOCAL_GUARD_FOUND; inherited/middleware review required""]",ROUTE OWNER ONLY; service authority unproven: src/devnous/gastos/routes/user_routes.py:preview_coi_poliza,"[""_build_documento_coi_bundle"", ""build_coi_poliza_preview""]",accounting_preview_coi_poliza_get_c07a0e,accounting:read; never grants business authority,"[""documento_id"", ""current_empleado""]",current employee + effective faculty + object + organization/legal entity + portfolio/tournament; UNPROVEN,read_candidate; side effects NOT verified,none only after read-purity proof,scoped source IDs/version and redacted durable receipt; writes need canonical transactional dedup + postcondition,"[""role/object/company deny"", ""revoked/expired"", ""isolation"", ""read purity""]",DISABLED; CANONICAL_SCOPE_UNPROVEN; route presence is not adapter or UI parity proof
d2f85532df25,src/devnous/gastos/routes/user_routes.py,35932,exportar_informe_gastos,GET,"[""/documentos/{documento_id}/exportar-informe""]",/documentos/{documento_id}/exportar-informe,"[""GET""]","[{""prefix"": """", ""evidence"": ""copa_telmex_dashboard.py:2240"", ""status"": ""include_router_static; conditional/runtime execution unverified""}]","[""src/devnous/gastos/routes/user_routes.py:10793:_can_access_read_only_informe_document""]",[],"[{""key"": ""gastos.solicitudes"", ""roles"": [""empleado"", ""coordinador"", ""finanzas"", ""admin"", ""superadmin""], ""actions"": [""ver"", ""crear"", ""editar"", ""aprobar"", ""pagar""], ""evidence"": ""src/devnous/gastos/services/access_control_service.py:98""}]","UNPROVEN: guards/dependencies are evidence, not a complete effective-role matrix",documents_and_other,live_entrypoint_static,"[""_can_access_read_only_informe_document(documento, current_empleado)""]",ROUTE OWNER ONLY; service authority unproven: src/devnous/gastos/routes/user_routes.py:exportar_informe_gastos,"[""build_cuenta_contable_info""]",documents_and_other_exportar_informe_gastos_get_d2f855,documents_and_other:read; never grants business authority,"[""documento_id"", ""current_empleado""]",current employee + effective faculty + object + organization/legal entity + portfolio/tournament; UNPROVEN,read_candidate; side effects NOT verified,none only after read-purity proof,scoped source IDs/version and redacted durable receipt; writes need canonical transactional dedup + postcondition,"[""role/object/company deny"", ""revoked/expired"", ""isolation"", ""read purity""]",DISABLED; CANONICAL_SCOPE_UNPROVEN; route presence is not adapter or UI parity proof
d380498e0c1a,src/devnous/gastos/routes/user_routes.py,36530,documentos_pendientes_pago,GET,"[""/documentos/pendientes-pago""]",/documentos/pendientes-pago,"[""GET""]","[{""prefix"": """", ""evidence"": ""copa_telmex_dashboard.py:2240"", ""status"": ""include_router_static; conditional/runtime execution unverified""}]",[],[],"[{""key"": ""gastos.solicitudes"", ""roles"": [""empleado"", ""coordinador"", ""finanzas"", ""admin"", ""superadmin""], ""actions"": [""ver"", ""crear"", ""editar"", ""aprobar"", ""pagar""], ""evidence"": ""src/devnous/gastos/services/access_control_service.py:98""}]","UNPROVEN: guards/dependencies are evidence, not a complete effective-role matrix",payments,live_entrypoint_static,"[""require_admin_finanzas()""]",ROUTE OWNER ONLY; service authority unproven: src/devnous/gastos/routes/user_routes.py:documentos_pendientes_pago,[],payments_documentos_pendientes_pago_get_d38049,payments:read; never grants business authority,"[""current_empleado""]",current employee + effective faculty + object + organization/legal entity + portfolio/tournament; UNPROVEN,read_candidate; side effects NOT verified,none only after read-purity proof,scoped source IDs/version and redacted durable receipt; writes need canonical transactional dedup + postcondition,"[""role/object/company deny"", ""revoked/expired"", ""isolation"", ""read purity""]",DISABLED; CANONICAL_SCOPE_UNPROVEN; route presence is not adapter or UI parity proof
7ace67338184,src/devnous/gastos/routes/user_routes.py,36821,nueva_solicitud_terceros_form,GET,"[""/documentos/nueva-solicitud-terceros""]",/documentos/nueva-solicitud-terceros,"[""GET""]","[{""prefix"": """", ""evidence"": ""copa_telmex_dashboard.py:2240"", ""status"": ""include_router_static; conditional/runtime execution unverified""}]",[],[],"[{""key"": ""gastos.solicitudes"", ""roles"": [""empleado"", ""coordinador"", ""finanzas"", ""admin"", ""superadmin""], ""actions"": [""ver"", ""crear"", ""editar"", ""aprobar"", ""pagar""], ""evidence"": ""src/devnous/gastos/services/access_control_service.py:98""}]","UNPROVEN: guards/dependencies are evidence, not a complete effective-role matrix",documents_and_other,live_entrypoint_static,"[""NO_LOCAL_GUARD_FOUND; inherited/middleware review required""]",ROUTE OWNER ONLY; service authority unproven: src/devnous/gastos/routes/user_routes.py:nueva_solicitud_terceros_form,[],documents_and_other_nueva_solicitud_terceros_form_get_7ace67,documents_and_other:read; never grants business authority,"[""current_empleado""]",current employee + effective faculty + object + organization/legal entity + portfolio/tournament; UNPROVEN,read_candidate; side effects NOT verified,none only after read-purity proof,scoped source IDs/version and redacted durable receipt; writes need canonical transactional dedup + postcondition,"[""role/object/company deny"", ""revoked/expired"", ""isolation"", ""read purity""]",DISABLED; CANONICAL_SCOPE_UNPROVEN; route presence is not adapter or UI parity proof
fe3440967486,src/devnous/gastos/routes/user_routes.py,36847,legacy_solicitud_edit_redirect,GET,"[""/solicitudes/{documento_id}/editar""]",/solicitudes/{documento_id}/editar,"[""GET""]","[{""prefix"": """", ""evidence"": ""copa_telmex_dashboard.py:2240"", ""status"": ""include_router_static; conditional/runtime execution unverified""}]",[],[],[],"UNPROVEN: guards/dependencies are evidence, not a complete effective-role matrix",documents_and_other,live_entrypoint_static,"[""NO_LOCAL_GUARD_FOUND; inherited/middleware review required""]",ROUTE OWNER ONLY; service authority unproven: src/devnous/gastos/routes/user_routes.py:legacy_solicitud_edit_redirect,[],documents_and_other_legacy_solicitud_edit_redirect_get_fe3440,documents_and_other:read; never grants business authority,"[""documento_id""]",current employee + effective faculty + object + organization/legal entity + portfolio/tournament; UNPROVEN,read_candidate; side effects NOT verified,none only after read-purity proof,scoped source IDs/version and redacted durable receipt; writes need canonical transactional dedup + postcondition,"[""role/object/company deny"", ""revoked/expired"", ""isolation"", ""read purity""]",DISABLED; CANONICAL_SCOPE_UNPROVEN; route presence is not adapter or UI parity proof
c9f7924e1b4d,src/devnous/gastos/routes/user_routes.py,36858,legacy_gastos_terceros_edit_redirect,GET,"[""/gastos-terceros/{documento_id}/editar""]",/gastos-terceros/{documento_id}/editar,"[""GET""]","[{""prefix"": """", ""evidence"": ""copa_telmex_dashboard.py:2240"", ""status"": ""include_router_static; conditional/runtime execution unverified""}]",[],[],"[{""key"": ""gastos.solicitudes"", ""roles"": [""empleado"", ""coordinador"", ""finanzas"", ""admin"", ""superadmin""], ""actions"": [""ver"", ""crear"", ""editar"", ""aprobar"", ""pagar""], ""evidence"": ""src/devnous/gastos/services/access_control_service.py:98""}]","UNPROVEN: guards/dependencies are evidence, not a complete effective-role matrix",documents_and_other,live_entrypoint_static,"[""NO_LOCAL_GUARD_FOUND; inherited/middleware review required""]",ROUTE OWNER ONLY; service authority unproven: src/devnous/gastos/routes/user_routes.py:legacy_gastos_terceros_edit_redirect,[],documents_and_other_legacy_gastos_terceros_edit_redirect_c9f792,documents_and_other:read; never grants business authority,"[""documento_id""]",current employee + effective faculty + object + organization/legal entity + portfolio/tournament; UNPROVEN,read_candidate; side effects NOT verified,none only after read-purity proof,scoped source IDs/version and redacted durable receipt; writes need canonical transactional dedup + postcondition,"[""role/object/company deny"", ""revoked/expired"", ""isolation"", ""read purity""]",DISABLED; CANONICAL_SCOPE_UNPROVEN; route presence is not adapter or UI parity proof
6a852db002be,src/devnous/gastos/routes/user_routes.py,36869,editar_solicitud_terceros_form,GET,"[""/documentos/{documento_id}/editar""]",/documentos/{documento_id}/editar,"[""GET""]","[{""prefix"": """", ""evidence"": ""copa_telmex_dashboard.py:2240"", ""status"": ""include_router_static; conditional/runtime execution unverified""}]","[""src/devnous/gastos/routes/user_routes.py:11577:_can_edit_solicitud_terceros""]",[],"[{""key"": ""gastos.solicitudes"", ""roles"": [""empleado"", ""coordinador"", ""finanzas"", ""admin"", ""superadmin""], ""actions"": [""ver"", ""crear"", ""editar"", ""aprobar"", ""pagar""], ""evidence"": ""src/devnous/gastos/services/access_control_service.py:98""}]","UNPROVEN: guards/dependencies are evidence, not a complete effective-role matrix",documents_and_other,live_entrypoint_static,"[""NO_LOCAL_GUARD_FOUND; inherited/middleware review required""]",ROUTE OWNER ONLY; service authority unproven: src/devnous/gastos/routes/user_routes.py:editar_solicitud_terceros_form,[],documents_and_other_editar_solicitud_terceros_form_get_6a852d,documents_and_other:read; never grants business authority,"[""documento_id"", ""current_empleado""]",current employee + effective faculty + object + organization/legal entity + portfolio/tournament; UNPROVEN,read_candidate; side effects NOT verified,none only after read-purity proof,scoped source IDs/version and redacted durable receipt; writes need canonical transactional dedup + postcondition,"[""role/object/company deny"", ""revoked/expired"", ""isolation"", ""read purity""]",DISABLED; CANONICAL_SCOPE_UNPROVEN; route presence is not adapter or UI parity proof
2f50efab74fd,src/devnous/gastos/routes/user_routes.py,37750,crear_nueva_solicitud_terceros,POST,"[""/documentos/nueva-solicitud-terceros""]",/documentos/nueva-solicitud-terceros,"[""POST""]","[{""prefix"": """", ""evidence"": ""copa_telmex_dashboard.py:2240"", ""status"": ""include_router_static; conditional/runtime execution unverified""}]",[],[],"[{""key"": ""gastos.solicitudes"", ""roles"": [""empleado"", ""coordinador"", ""finanzas"", ""admin"", ""superadmin""], ""actions"": [""ver"", ""crear"", ""editar"", ""aprobar"", ""pagar""], ""evidence"": ""src/devnous/gastos/services/access_control_service.py:98""}]","UNPROVEN: guards/dependencies are evidence, not a complete effective-role matrix",documents_and_other,live_entrypoint_static,"[""(getattr(current_empleado, 'rol', None) or '').strip()"", ""(getattr(current_empleado, 'rol', None) or '').strip().lower()""]",ROUTE OWNER ONLY; service authority unproven: src/devnous/gastos/routes/user_routes.py:crear_nueva_solicitud_terceros,"[""_validate_solicitud_terceros_fase"", ""build_solicitud_terceros_payload""]",documents_and_other_crear_nueva_solicitud_terceros_post_2f50ef,documents_and_other:write; never grants business authority,"[""current_empleado"", ""archivo_pdf"", ""archivo_xml"", ""archivos_generales"", ""monto_solicitado"", ""proveedor_cliente_id"", ""torneo_id"", ""proyecto_otro"", ""fase"", ""categorias"", ""edicion"", ""currency"", ""concepto_pago"", ""budget_concept_id"", ""numero_factura"", ""referencia_pago"", ""fecha_inicio"", ""fecha_fin"", ""notas"", ""pago_urgente"", ""referencia_factura_compartida"", ""cfdi_compartido_confirmado"", ""client_submission_id"", ""submit_mode"", ""is_supplier_advance"", ""supplier_advance_due_date""]",current employee + effective faculty + object + organization/legal entity + portfolio/tournament; UNPROVEN,write_or_effect_candidate,trusted human approval of exact draft/version/amount/currency/destination/digest; recheck at commit,scoped source IDs/version and redacted durable receipt; writes need canonical transactional dedup + postcondition,"[""role/object/company deny"", ""revoked/expired"", ""isolation"", ""read purity"", ""exact confirmation/version"", ""retry/crash/no duplicates"", ""verified receipt""]",DISABLED; CANONICAL_SCOPE_UNPROVEN; route presence is not adapter or UI parity proof
1e4bdf7e421f,src/devnous/gastos/routes/user_routes.py,38065,editar_solicitud_terceros_post,POST,"[""/documentos/{documento_id}/editar""]",/documentos/{documento_id}/editar,"[""POST""]","[{""prefix"": """", ""evidence"": ""copa_telmex_dashboard.py:2240"", ""status"": ""include_router_static; conditional/runtime execution unverified""}]","[""src/devnous/gastos/routes/user_routes.py:11577:_can_edit_solicitud_terceros""]",[],"[{""key"": ""gastos.solicitudes"", ""roles"": [""empleado"", ""coordinador"", ""finanzas"", ""admin"", ""superadmin""], ""actions"": [""ver"", ""crear"", ""editar"", ""aprobar"", ""pagar""], ""evidence"": ""src/devnous/gastos/services/access_control_service.py:98""}]","UNPROVEN: guards/dependencies are evidence, not a complete effective-role matrix",documents_and_other,live_entrypoint_static,"[""NO_LOCAL_GUARD_FOUND; inherited/middleware review required""]",ROUTE OWNER ONLY; service authority unproven: src/devnous/gastos/routes/user_routes.py:editar_solicitud_terceros_post,"[""_validate_solicitud_terceros_fase"", ""build_solicitud_terceros_payload""]",documents_and_other_editar_solicitud_terceros_post_post_1e4bdf,documents_and_other:write; never grants business authority,"[""documento_id"", ""current_empleado"", ""archivo_pdf"", ""archivo_xml"", ""archivos_generales"", ""monto_solicitado"", ""proveedor_cliente_id"", ""torneo_id"", ""proyecto_otro"", ""fase"", ""categorias"", ""edicion"", ""currency"", ""concepto_pago"", ""budget_concept_id"", ""numero_factura"", ""referencia_pago"", ""fecha_inicio"", ""fecha_fin"", ""notas"", ""pago_urgente"", ""referencia_factura_compartida"", ""cfdi_compartido_confirmado""]",current employee + effective faculty + object + organization/legal entity + portfolio/tournament; UNPROVEN,write_or_effect_candidate,trusted human approval of exact draft/version/amount/currency/destination/digest; recheck at commit,scoped source IDs/version and redacted durable receipt; writes need canonical transactional dedup + postcondition,"[""role/object/company deny"", ""revoked/expired"", ""isolation"", ""read purity"", ""exact confirmation/version"", ""retry/crash/no duplicates"", ""verified receipt""]",DISABLED; CANONICAL_SCOPE_UNPROVEN; route presence is not adapter or UI parity proof
ec74f21cba6e,src/devnous/gastos/routes/user_routes.py,38232,agregar_documento_adjuntos,POST,"[""/documentos/{documento_id}/adjuntos""]",/documentos/{documento_id}/adjuntos,"[""POST""]","[{""prefix"": """", ""evidence"": ""copa_telmex_dashboard.py:2240"", ""status"": ""include_router_static; conditional/runtime execution unverified""}]","[""src/devnous/gastos/routes/user_routes.py:11592:_can_add_solicitud_adjuntos"", ""src/devnous/gastos/routes/user_routes.py:11667:_can_finance_add_comprobante_pago""]",[],"[{""key"": ""gastos.solicitudes"", ""roles"": [""empleado"", ""coordinador"", ""finanzas"", ""admin"", ""superadmin""], ""actions"": [""ver"", ""crear"", ""editar"", ""aprobar"", ""pagar""], ""evidence"": ""src/devnous/gastos/services/access_control_service.py:98""}]","UNPROVEN: guards/dependencies are evidence, not a complete effective-role matrix",documents_and_other,live_entrypoint_static,"[""NO_LOCAL_GUARD_FOUND; inherited/middleware review required""]",ROUTE OWNER ONLY; service authority unproven: src/devnous/gastos/routes/user_routes.py:agregar_documento_adjuntos,[],documents_and_other_agregar_documento_adjuntos_post_ec74f2,documents_and_other:write; never grants business authority,"[""documento_id"", ""current_empleado"", ""categoria"", ""archivos""]",current employee + effective faculty + object + organization/legal entity + portfolio/tournament; UNPROVEN,write_or_effect_candidate,trusted human approval of exact draft/version/amount/currency/destination/digest; recheck at commit,scoped source IDs/version and redacted durable receipt; writes need canonical transactional dedup + postcondition,"[""role/object/company deny"", ""revoked/expired"", ""isolation"", ""read purity"", ""exact confirmation/version"", ""retry/crash/no duplicates"", ""verified receipt""]",DISABLED; CANONICAL_SCOPE_UNPROVEN; route presence is not adapter or UI parity proof
88c1a6748b70,src/devnous/gastos/routes/user_routes.py,38416,eliminar_documento_adjunto,POST,"[""/documentos/{documento_id}/adjuntos/{adjunto_id}/eliminar""]",/documentos/{documento_id}/adjuntos/{adjunto_id}/eliminar,"[""POST""]","[{""prefix"": """", ""evidence"": ""copa_telmex_dashboard.py:2240"", ""status"": ""include_router_static; conditional/runtime execution unverified""}]","[""src/devnous/gastos/routes/user_routes.py:11618:_can_remove_solicitud_adjunto""]",[],"[{""key"": ""gastos.solicitudes"", ""roles"": [""empleado"", ""coordinador"", ""finanzas"", ""admin"", ""superadmin""], ""actions"": [""ver"", ""crear"", ""editar"", ""aprobar"", ""pagar""], ""evidence"": ""src/devnous/gastos/services/access_control_service.py:98""}]","UNPROVEN: guards/dependencies are evidence, not a complete effective-role matrix",documents_and_other,live_entrypoint_static,"[""NO_LOCAL_GUARD_FOUND; inherited/middleware review required""]",ROUTE OWNER ONLY; service authority unproven: src/devnous/gastos/routes/user_routes.py:eliminar_documento_adjunto,[],documents_and_other_eliminar_documento_adjunto_post_88c1a6,documents_and_other:write; never grants business authority,"[""documento_id"", ""adjunto_id"", ""current_empleado""]",current employee + effective faculty + object + organization/legal entity + portfolio/tournament; UNPROVEN,write_or_effect_candidate,trusted human approval of exact draft/version/amount/currency/destination/digest; recheck at commit,scoped source IDs/version and redacted durable receipt; writes need canonical transactional dedup + postcondition,"[""role/object/company deny"", ""revoked/expired"", ""isolation"", ""read purity"", ""exact confirmation/version"", ""retry/crash/no duplicates"", ""verified receipt""]",DISABLED; CANONICAL_SCOPE_UNPROVEN; route presence is not adapter or UI parity proof
81e1e6080208,src/devnous/gastos/routes/user_routes.py,38519,nueva_solicitud_personal_form,GET,"[""/documentos/nueva-solicitud-personal""]",/documentos/nueva-solicitud-personal,"[""GET""]","[{""prefix"": """", ""evidence"": ""copa_telmex_dashboard.py:2240"", ""status"": ""include_router_static; conditional/runtime execution unverified""}]",[],[],"[{""key"": ""gastos.solicitudes"", ""roles"": [""empleado"", ""coordinador"", ""finanzas"", ""admin"", ""superadmin""], ""actions"": [""ver"", ""crear"", ""editar"", ""aprobar"", ""pagar""], ""evidence"": ""src/devnous/gastos/services/access_control_service.py:98""}]","UNPROVEN: guards/dependencies are evidence, not a complete effective-role matrix",documents_and_other,live_entrypoint_static,"[""NO_LOCAL_GUARD_FOUND; inherited/middleware review required""]",ROUTE OWNER ONLY; service authority unproven: src/devnous/gastos/routes/user_routes.py:nueva_solicitud_personal_form,[],documents_and_other_nueva_solicitud_personal_form_get_81e1e6,documents_and_other:read; never grants business authority,"[""current_empleado""]",current employee + effective faculty + object + organization/legal entity + portfolio/tournament; UNPROVEN,read_candidate; side effects NOT verified,none only after read-purity proof,scoped source IDs/version and redacted durable receipt; writes need canonical transactional dedup + postcondition,"[""role/object/company deny"", ""revoked/expired"", ""isolation"", ""read purity""]",DISABLED; CANONICAL_SCOPE_UNPROVEN; route presence is not adapter or UI parity proof
9aa341db2662,src/devnous/gastos/routes/user_routes.py,38533,crear_nueva_solicitud_personal,POST,"[""/documentos/nueva-solicitud-personal""]",/documentos/nueva-solicitud-personal,"[""POST""]","[{""prefix"": """", ""evidence"": ""copa_telmex_dashboard.py:2240"", ""status"": ""include_router_static; conditional/runtime execution unverified""}]",[],[],"[{""key"": ""gastos.solicitudes"", ""roles"": [""empleado"", ""coordinador"", ""finanzas"", ""admin"", ""superadmin""], ""actions"": [""ver"", ""crear"", ""editar"", ""aprobar"", ""pagar""], ""evidence"": ""src/devnous/gastos/services/access_control_service.py:98""}]","UNPROVEN: guards/dependencies are evidence, not a complete effective-role matrix",documents_and_other,live_entrypoint_static,"[""NO_LOCAL_GUARD_FOUND; inherited/middleware review required""]",ROUTE OWNER ONLY; service authority unproven: src/devnous/gastos/routes/user_routes.py:crear_nueva_solicitud_personal,[],documents_and_other_crear_nueva_solicitud_personal_post_9aa341,documents_and_other:write; never grants business authority,"[""current_empleado""]",current employee + effective faculty + object + organization/legal entity + portfolio/tournament; UNPROVEN,write_or_effect_candidate,trusted human approval of exact draft/version/amount/currency/destination/digest; recheck at commit,scoped source IDs/version and redacted durable receipt; writes need canonical transactional dedup + postcondition,"[""role/object/company deny"", ""revoked/expired"", ""isolation"", ""read purity"", ""exact confirmation/version"", ""retry/crash/no duplicates"", ""verified receipt""]",DISABLED; CANONICAL_SCOPE_UNPROVEN; route presence is not adapter or UI parity proof
aa0ac3b2d454,src/devnous/gastos/routes/user_routes.py,39040,ver_documento,GET,"[""/documentos/{documento_id}""]",/documentos/{documento_id},"[""GET""]","[{""prefix"": """", ""evidence"": ""copa_telmex_dashboard.py:2240"", ""status"": ""include_router_static; conditional/runtime execution unverified""}]","[""src/devnous/gastos/routes/user_routes.py:10793:_can_access_read_only_informe_document"", ""src/devnous/gastos/routes/user_routes.py:11075:_can_cancel_empty_informe_draft"", ""src/devnous/gastos/routes/user_routes.py:11577:_can_edit_solicitud_terceros"", ""src/devnous/gastos/routes/user_routes.py:11592:_can_add_solicitud_adjuntos"", ""src/devnous/gastos/routes/user_routes.py:11667:_can_finance_add_comprobante_pago"", ""src/devnous/gastos/routes/user_routes.py:11681:_can_finance_replace_comprobante_pago"", ""src/devnous/gastos/routes/user_routes.py:46685:_can_submit_settlement""]",[],"[{""key"": ""gastos.solicitudes"", ""roles"": [""empleado"", ""coordinador"", ""finanzas"", ""admin"", ""superadmin""], ""actions"": [""ver"", ""crear"", ""editar"", ""aprobar"", ""pagar""], ""evidence"": ""src/devnous/gastos/services/access_control_service.py:98""}]","UNPROVEN: guards/dependencies are evidence, not a complete effective-role matrix",documents_and_other,live_entrypoint_static,"[""(current_empleado.rol or '').strip()"", ""(current_empleado.rol or '').strip().lower()"", ""_can_access_read_only_informe_document(documento, current_empleado)"", ""ensure_fecha_pago_for_approved_solicitud(documento)"", ""ensure_finance_pending_payment_notifications(session, documento)""]",ROUTE OWNER ONLY; service authority unproven: src/devnous/gastos/routes/user_routes.py:ver_documento,"[""_latest_document_rejection"", ""actor_is_route_approver"", ""build_document_workflow_guidance"", ""ensure_fecha_pago_for_approved_solicitud"", ""session.commit"", ""str(getattr(latest_rejection, 'comentario', '') or '').strip"", ""str(getattr(rejection_employee, 'nombre', '') or '').strip""]",documents_and_other_ver_documento_get_aa0ac3,documents_and_other:read; never grants business authority,"[""documento_id"", ""current_empleado"", ""next""]",current employee + effective faculty + object + organization/legal entity + portfolio/tournament; UNPROVEN,read_candidate; side effects NOT verified,none only after read-purity proof,scoped source IDs/version and redacted durable receipt; writes need canonical transactional dedup + postcondition,"[""role/object/company deny"", ""revoked/expired"", ""isolation"", ""read purity""]",DISABLED; CANONICAL_SCOPE_UNPROVEN; route presence is not adapter or UI parity proof
85d39edc7566,src/devnous/gastos/routes/user_routes.py,41336,api_cuentas_de_gastos_activas,GET,"[""/api/informes-de-gastos/activas""]",/api/informes-de-gastos/activas,"[""GET""]","[{""prefix"": """", ""evidence"": ""copa_telmex_dashboard.py:2240"", ""status"": ""include_router_static; conditional/runtime execution unverified""}]",[],[],[],"UNPROVEN: guards/dependencies are evidence, not a complete effective-role matrix",documents_and_other,live_entrypoint_static,"[""select(CuentaDeGastos).where(CuentaDeGastos.empleado_id == current_empleado.id, CuentaDeGastos.estado == 'abierta').order_by(CuentaDeGastos.created_at.desc())""]",ROUTE OWNER ONLY; service authority unproven: src/devnous/gastos/routes/user_routes.py:api_cuentas_de_gastos_activas,[],documents_and_other_api_cuentas_de_gastos_activas_get_85d39e,documents_and_other:read; never grants business authority,"[""current_empleado""]",current employee + effective faculty + object + organization/legal entity + portfolio/tournament; UNPROVEN,read_candidate; side effects NOT verified,none only after read-purity proof,scoped source IDs/version and redacted durable receipt; writes need canonical transactional dedup + postcondition,"[""role/object/company deny"", ""revoked/expired"", ""isolation"", ""read purity""]",DISABLED; CANONICAL_SCOPE_UNPROVEN; route presence is not adapter or UI parity proof
95e7b1adb3b8,src/devnous/gastos/routes/user_routes.py,41373,crear_cuenta_de_gastos_form,GET,"[""/informes-de-gastos/crear""]",/informes-de-gastos/crear,"[""GET""]","[{""prefix"": """", ""evidence"": ""copa_telmex_dashboard.py:2240"", ""status"": ""include_router_static; conditional/runtime execution unverified""}]","[""src/devnous/gastos/routes/user_routes.py:10914:_can_request_for_other_employee""]",[],"[{""key"": ""gastos.informes"", ""roles"": [""empleado"", ""coordinador"", ""finanzas"", ""admin"", ""superadmin""], ""actions"": [""ver"", ""crear"", ""editar"", ""exportar""], ""evidence"": ""src/devnous/gastos/services/access_control_service.py:89""}]","UNPROVEN: guards/dependencies are evidence, not a complete effective-role matrix",documents_and_other,live_entrypoint_static,"[""_beneficiary_selection_allowed(current_empleado, beneficiario)""]",ROUTE OWNER ONLY; service authority unproven: src/devnous/gastos/routes/user_routes.py:crear_cuenta_de_gastos_form,[],documents_and_other_crear_cuenta_de_gastos_form_get_95e7b1,documents_and_other:read; never grants business authority,"[""current_empleado""]",current employee + effective faculty + object + organization/legal entity + portfolio/tournament; UNPROVEN,read_candidate; side effects NOT verified,none only after read-purity proof,scoped source IDs/version and redacted durable receipt; writes need canonical transactional dedup + postcondition,"[""role/object/company deny"", ""revoked/expired"", ""isolation"", ""read purity""]",DISABLED; CANONICAL_SCOPE_UNPROVEN; route presence is not adapter or UI parity proof
60f2f43fb407,src/devnous/gastos/routes/user_routes.py,41814,crear_cuenta_de_gastos_submit,POST,"[""/informes-de-gastos/crear""]",/informes-de-gastos/crear,"[""POST""]","[{""prefix"": """", ""evidence"": ""copa_telmex_dashboard.py:2240"", ""status"": ""include_router_static; conditional/runtime execution unverified""}]","[""src/devnous/gastos/routes/user_routes.py:10914:_can_request_for_other_employee""]",[],"[{""key"": ""gastos.informes"", ""roles"": [""empleado"", ""coordinador"", ""finanzas"", ""admin"", ""superadmin""], ""actions"": [""ver"", ""crear"", ""editar"", ""exportar""], ""evidence"": ""src/devnous/gastos/services/access_control_service.py:89""}]","UNPROVEN: guards/dependencies are evidence, not a complete effective-role matrix",documents_and_other,live_entrypoint_static,"[""_beneficiary_selection_allowed(current_empleado, beneficiario)""]",ROUTE OWNER ONLY; service authority unproven: src/devnous/gastos/routes/user_routes.py:crear_cuenta_de_gastos_submit,"[""_validate_cuenta_informe_proyecto_fields"", ""_validate_expense_metadata_for_tournament""]",documents_and_other_crear_cuenta_de_gastos_submit_post_60f2f4,documents_and_other:write; never grants business authority,"[""current_empleado""]",current employee + effective faculty + object + organization/legal entity + portfolio/tournament; UNPROVEN,write_or_effect_candidate,trusted human approval of exact draft/version/amount/currency/destination/digest; recheck at commit,scoped source IDs/version and redacted durable receipt; writes need canonical transactional dedup + postcondition,"[""role/object/company deny"", ""revoked/expired"", ""isolation"", ""read purity"", ""exact confirmation/version"", ""retry/crash/no duplicates"", ""verified receipt""]",DISABLED; CANONICAL_SCOPE_UNPROVEN; route presence is not adapter or UI parity proof
a01e722bbdc2,src/devnous/gastos/routes/user_routes.py,42051,adjuntar_gastos_a_cuenta,POST,"[""/informes-de-gastos/adjuntar-gastos""]",/informes-de-gastos/adjuntar-gastos,"[""POST""]","[{""prefix"": """", ""evidence"": ""copa_telmex_dashboard.py:2240"", ""status"": ""include_router_static; conditional/runtime execution unverified""}]",[],[],"[{""key"": ""gastos.informes"", ""roles"": [""empleado"", ""coordinador"", ""finanzas"", ""admin"", ""superadmin""], ""actions"": [""ver"", ""crear"", ""editar"", ""exportar""], ""evidence"": ""src/devnous/gastos/services/access_control_service.py:89""}]","UNPROVEN: guards/dependencies are evidence, not a complete effective-role matrix",documents_and_other,live_entrypoint_static,"[""select(CuentaDeGastos).where(CuentaDeGastos.id == cuenta_uuid, CuentaDeGastos.empleado_id == current_empleado.id).options(undefer(CuentaDeGastos.currency))"", ""select(ExpenseReport).where(ExpenseReport.id.in_(gasto_uuids), ExpenseReport.empleado_id == current_empleado.id).options(selectinload(ExpenseReport.cuenta_gastos))""]",ROUTE OWNER ONLY; service authority unproven: src/devnous/gastos/routes/user_routes.py:adjuntar_gastos_a_cuenta,"[""_validate_cuenta_informe_proyecto_fields"", ""session.commit""]",documents_and_other_adjuntar_gastos_a_cuenta_post_a01e72,documents_and_other:write; never grants business authority,"[""current_empleado""]",current employee + effective faculty + object + organization/legal entity + portfolio/tournament; UNPROVEN,write_or_effect_candidate,trusted human approval of exact draft/version/amount/currency/destination/digest; recheck at commit,scoped source IDs/version and redacted durable receipt; writes need canonical transactional dedup + postcondition,"[""role/object/company deny"", ""revoked/expired"", ""isolation"", ""read purity"", ""exact confirmation/version"", ""retry/crash/no duplicates"", ""verified receipt""]",DISABLED; CANONICAL_SCOPE_UNPROVEN; route presence is not adapter or UI parity proof
49a4f911930c,src/devnous/gastos/routes/user_routes.py,42536,cuentas_de_gastos_list,GET,"[""/informes-de-gastos""]",/informes-de-gastos,"[""GET""]","[{""prefix"": """", ""evidence"": ""copa_telmex_dashboard.py:2240"", ""status"": ""include_router_static; conditional/runtime execution unverified""}]","[""src/devnous/gastos/routes/user_routes.py:10782:_can_view_all_cuentas_de_gastos"", ""src/devnous/gastos/routes/user_routes.py:11075:_can_cancel_empty_informe_draft""]",[],"[{""key"": ""gastos.informes"", ""roles"": [""empleado"", ""coordinador"", ""finanzas"", ""admin"", ""superadmin""], ""actions"": [""ver"", ""crear"", ""editar"", ""exportar""], ""evidence"": ""src/devnous/gastos/services/access_control_service.py:89""}]","UNPROVEN: guards/dependencies are evidence, not a complete effective-role matrix",documents_and_other,live_entrypoint_static,"[""empleado_list_view_department_scope(current_empleado)"", ""select(CuentaDeGastos).options(selectinload(CuentaDeGastos.empleado).selectinload(Empleado.aprobador), selectinload(CuentaDeGastos.beneficiario_empleado).selectinload(Empleado.aprobador), selectinload(CuentaDeGastos.beneficiario_proveedor_cliente), selectinload(CuentaDeGastos.torneo), undefer(CuentaDeGastos.tipo_cuenta), undefer(CuentaDeGastos.torneo_id), undefer(CuentaDeGastos.fase), undefer(CuentaDeGastos.currency)).where(CuentaDeGastos.empleado_id == current_empleado.id).order_by(CuentaDeGastos.created_at.desc())""]",ROUTE OWNER ONLY; service authority unproven: src/devnous/gastos/routes/user_routes.py:cuentas_de_gastos_list,[],documents_and_other_cuentas_de_gastos_list_get_49a4f9,documents_and_other:read; never grants business authority,"[""q"", ""estado"", ""reembolso"", ""empleado_nombre"", ""torneo_nombre"", ""current_empleado""]",current employee + effective faculty + object + organization/legal entity + portfolio/tournament; UNPROVEN,read_candidate; side effects NOT verified,none only after read-purity proof,scoped source IDs/version and redacted durable receipt; writes need canonical transactional dedup + postcondition,"[""role/object/company deny"", ""revoked/expired"", ""isolation"", ""read purity""]",DISABLED; CANONICAL_SCOPE_UNPROVEN; route presence is not adapter or UI parity proof
59530ce5ddb1,src/devnous/gastos/routes/user_routes.py,43198,cancelar_informe_vacio_borrador,POST,"[""/informes-de-gastos/{cuenta_id}/cancelar-borrador""]",/informes-de-gastos/{cuenta_id}/cancelar-borrador,"[""POST""]","[{""prefix"": """", ""evidence"": ""copa_telmex_dashboard.py:2240"", ""status"": ""include_router_static; conditional/runtime execution unverified""}]","[""src/devnous/gastos/routes/user_routes.py:11075:_can_cancel_empty_informe_draft""]",[],"[{""key"": ""gastos.informes"", ""roles"": [""empleado"", ""coordinador"", ""finanzas"", ""admin"", ""superadmin""], ""actions"": [""ver"", ""crear"", ""editar"", ""exportar""], ""evidence"": ""src/devnous/gastos/services/access_control_service.py:89""}]","UNPROVEN: guards/dependencies are evidence, not a complete effective-role matrix",documents_and_other,live_entrypoint_static,"[""NO_LOCAL_GUARD_FOUND; inherited/middleware review required""]",ROUTE OWNER ONLY; service authority unproven: src/devnous/gastos/routes/user_routes.py:cancelar_informe_vacio_borrador,"[""session.commit""]",documents_and_other_cancelar_informe_vacio_borrador_post_59530c,documents_and_other:write; never grants business authority,"[""cuenta_id"", ""current_empleado""]",current employee + effective faculty + object + organization/legal entity + portfolio/tournament; UNPROVEN,write_or_effect_candidate,trusted human approval of exact draft/version/amount/currency/destination/digest; recheck at commit,scoped source IDs/version and redacted durable receipt; writes need canonical transactional dedup + postcondition,"[""role/object/company deny"", ""revoked/expired"", ""isolation"", ""read purity"", ""exact confirmation/version"", ""retry/crash/no duplicates"", ""verified receipt""]",DISABLED; CANONICAL_SCOPE_UNPROVEN; route presence is not adapter or UI parity proof
04de598dd272,src/devnous/gastos/routes/user_routes.py,43592,crear_gasto_rapido_en_informe,POST,"[""/informes-de-gastos/{cuenta_id}/gastos/quick""]",/informes-de-gastos/{cuenta_id}/gastos/quick,"[""POST""]","[{""prefix"": """", ""evidence"": ""copa_telmex_dashboard.py:2240"", ""status"": ""include_router_static; conditional/runtime execution unverified""}]","[""src/devnous/gastos/routes/user_routes.py:43334:_can_quick_capture_expense""]",[],"[{""key"": ""gastos.informes"", ""roles"": [""empleado"", ""coordinador"", ""finanzas"", ""admin"", ""superadmin""], ""actions"": [""ver"", ""crear"", ""editar"", ""exportar""], ""evidence"": ""src/devnous/gastos/services/access_control_service.py:89""}]","UNPROVEN: guards/dependencies are evidence, not a complete effective-role matrix",documents_and_other,live_entrypoint_static,"[""_ensure_expense_tip_schema(session)""]",ROUTE OWNER ONLY; service authority unproven: src/devnous/gastos/routes/user_routes.py:crear_gasto_rapido_en_informe,"[""_validate_quick_shared_cfdi_amount"", ""session.commit"", ""validate_solicitud_terceros_attachment""]",documents_and_other_crear_gasto_rapido_en_informe_post_04de59,documents_and_other:write; never grants business authority,"[""cuenta_id"", ""current_empleado"", ""concepto"", ""budget_concept_id"", ""fecha"", ""numero_factura"", ""subtotal"", ""descuento"", ""impuestos_y_retenciones"", ""propina_no_deducible"", ""pagado_con_amex_empresa"", ""cfdi_xml"", ""cfdi_pdf"", ""comprobante_no_deducible"", ""es_no_deducible"", ""cfdi_compartido_confirmado"", ""cfdi_compartido_motivo"", ""archivos_generales"", ""asiento_preferencial_cfdi_xml"", ""asiento_preferencial_cfdi_pdf"", ""asiento_preferencial_numero_factura"", ""asiento_preferencial_subtotal"", ""asiento_preferencial_descuento"", ""asiento_preferencial_cfdi_compartido_confirmado"", ""asiento_preferencial_cfdi_compartido_motivo"", ""asiento_preferencial_impuestos_y_retenciones"", ""exceso_equipaje_cfdi_xml"", ""exceso_equipaje_cfdi_pdf"", ""exceso_equipaje_numero_factura"", ""exceso_equipaje_subtotal"", ""exceso_equipaje_descuento"", ""exceso_equipaje_cfdi_compartido_confirmado"", ""exceso_equipaje_cfdi_compartido_motivo"", ""exceso_equipaje_impuestos_y_retenciones""]",current employee + effective faculty + object + organization/legal entity + portfolio/tournament; UNPROVEN,write_or_effect_candidate,trusted human approval of exact draft/version/amount/currency/destination/digest; recheck at commit,scoped source IDs/version and redacted durable receipt; writes need canonical transactional dedup + postcondition,"[""role/object/company deny"", ""revoked/expired"", ""isolation"", ""read purity"", ""exact confirmation/version"", ""retry/crash/no duplicates"", ""verified receipt""]",DISABLED; CANONICAL_SCOPE_UNPROVEN; route presence is not adapter or UI parity proof
696ced53b7b9,src/devnous/gastos/routes/user_routes.py,44100,actualizar_gastos_amex_en_informe,POST,"[""/informes-de-gastos/{cuenta_id}/gastos/amex""]",/informes-de-gastos/{cuenta_id}/gastos/amex,"[""POST""]","[{""prefix"": """", ""evidence"": ""copa_telmex_dashboard.py:2240"", ""status"": ""include_router_static; conditional/runtime execution unverified""}]",[],[],"[{""key"": ""gastos.informes"", ""roles"": [""empleado"", ""coordinador"", ""finanzas"", ""admin"", ""superadmin""], ""actions"": [""ver"", ""crear"", ""editar"", ""exportar""], ""evidence"": ""src/devnous/gastos/services/access_control_service.py:89""}]","UNPROVEN: guards/dependencies are evidence, not a complete effective-role matrix",accounting,live_entrypoint_static,"[""(current_empleado.rol or '').strip()"", ""(current_empleado.rol or '').strip().lower()""]",ROUTE OWNER ONLY; service authority unproven: src/devnous/gastos/routes/user_routes.py:actualizar_gastos_amex_en_informe,"[""session.commit""]",accounting_actualizar_gastos_amex_en_informe_post_696ced,accounting:write; never grants business authority,"[""cuenta_id"", ""current_empleado"", ""expense_ids"", ""amex_action""]",current employee + effective faculty + object + organization/legal entity + portfolio/tournament; UNPROVEN,write_or_effect_candidate,trusted human approval of exact draft/version/amount/currency/destination/digest; recheck at commit,scoped source IDs/version and redacted durable receipt; writes need canonical transactional dedup + postcondition,"[""role/object/company deny"", ""revoked/expired"", ""isolation"", ""read purity"", ""exact confirmation/version"", ""retry/crash/no duplicates"", ""verified receipt""]",DISABLED; CANONICAL_SCOPE_UNPROVEN; route presence is not adapter or UI parity proof
55484477cbae,src/devnous/gastos/routes/user_routes.py,44271,cuenta_de_gastos_detail,GET,"[""/informes-de-gastos/{cuenta_id}""]",/informes-de-gastos/{cuenta_id},"[""GET""]","[{""prefix"": """", ""evidence"": ""copa_telmex_dashboard.py:2240"", ""status"": ""include_router_static; conditional/runtime execution unverified""}]","[""src/devnous/gastos/routes/user_routes.py:10782:_can_view_all_cuentas_de_gastos"", ""src/devnous/gastos/routes/user_routes.py:10822:_can_mutate_cuenta_de_gastos"", ""src/devnous/gastos/routes/user_routes.py:11075:_can_cancel_empty_informe_draft"", ""src/devnous/gastos/routes/user_routes.py:41077:_can_edit_cuenta_before_budget_assignment"", ""src/devnous/gastos/routes/user_routes.py:43334:_can_quick_capture_expense"", ""src/devnous/gastos/routes/user_routes.py:43342:_can_create_solicitud_from_cuenta"", ""src/devnous/gastos/routes/user_routes.py:46685:_can_submit_settlement""]",[],"[{""key"": ""gastos.informes"", ""roles"": [""empleado"", ""coordinador"", ""finanzas"", ""admin"", ""superadmin""], ""actions"": [""ver"", ""crear"", ""editar"", ""exportar""], ""evidence"": ""src/devnous/gastos/services/access_control_service.py:89""}]","UNPROVEN: guards/dependencies are evidence, not a complete effective-role matrix",documents_and_other,live_entrypoint_static,"[""(current_empleado.rol or '').strip()"", ""(current_empleado.rol or '').strip().lower()""]",ROUTE OWNER ONLY; service authority unproven: src/devnous/gastos/routes/user_routes.py:cuenta_de_gastos_detail,"[""_build_partial_comprobacion_controls"", ""build_cuenta_debtor_auxiliary""]",documents_and_other_cuenta_de_gastos_detail_get_554844,documents_and_other:read; never grants business authority,"[""cuenta_id"", ""current_empleado""]",current employee + effective faculty + object + organization/legal entity + portfolio/tournament; UNPROVEN,read_candidate; side effects NOT verified,none only after read-purity proof,scoped source IDs/version and redacted durable receipt; writes need canonical transactional dedup + postcondition,"[""role/object/company deny"", ""revoked/expired"", ""isolation"", ""read purity""]",DISABLED; CANONICAL_SCOPE_UNPROVEN; route presence is not adapter or UI parity proof
0fc3ef6feb97,src/devnous/gastos/routes/user_routes.py,45426,editar_cuenta_de_gastos_form,GET,"[""/informes-de-gastos/{cuenta_id}/editar""]",/informes-de-gastos/{cuenta_id}/editar,"[""GET""]","[{""prefix"": """", ""evidence"": ""copa_telmex_dashboard.py:2240"", ""status"": ""include_router_static; conditional/runtime execution unverified""}]","[""src/devnous/gastos/routes/user_routes.py:41077:_can_edit_cuenta_before_budget_assignment""]",[],"[{""key"": ""gastos.informes"", ""roles"": [""empleado"", ""coordinador"", ""finanzas"", ""admin"", ""superadmin""], ""actions"": [""ver"", ""crear"", ""editar"", ""exportar""], ""evidence"": ""src/devnous/gastos/services/access_control_service.py:89""}]","UNPROVEN: guards/dependencies are evidence, not a complete effective-role matrix",documents_and_other,live_entrypoint_static,"[""NO_LOCAL_GUARD_FOUND; inherited/middleware review required""]",ROUTE OWNER ONLY; service authority unproven: src/devnous/gastos/routes/user_routes.py:editar_cuenta_de_gastos_form,[],documents_and_other_editar_cuenta_de_gastos_form_get_0fc3ef,documents_and_other:read; never grants business authority,"[""cuenta_id"", ""current_empleado""]",current employee + effective faculty + object + organization/legal entity + portfolio/tournament; UNPROVEN,read_candidate; side effects NOT verified,none only after read-purity proof,scoped source IDs/version and redacted durable receipt; writes need canonical transactional dedup + postcondition,"[""role/object/company deny"", ""revoked/expired"", ""isolation"", ""read purity""]",DISABLED; CANONICAL_SCOPE_UNPROVEN; route presence is not adapter or UI parity proof
0fe734fd951f,src/devnous/gastos/routes/user_routes.py,45613,editar_cuenta_de_gastos_submit,POST,"[""/informes-de-gastos/{cuenta_id}/editar""]",/informes-de-gastos/{cuenta_id}/editar,"[""POST""]","[{""prefix"": """", ""evidence"": ""copa_telmex_dashboard.py:2240"", ""status"": ""include_router_static; conditional/runtime execution unverified""}]","[""src/devnous/gastos/routes/user_routes.py:41077:_can_edit_cuenta_before_budget_assignment""]",[],"[{""key"": ""gastos.informes"", ""roles"": [""empleado"", ""coordinador"", ""finanzas"", ""admin"", ""superadmin""], ""actions"": [""ver"", ""crear"", ""editar"", ""exportar""], ""evidence"": ""src/devnous/gastos/services/access_control_service.py:89""}]","UNPROVEN: guards/dependencies are evidence, not a complete effective-role matrix",documents_and_other,live_entrypoint_static,"[""NO_LOCAL_GUARD_FOUND; inherited/middleware review required""]",ROUTE OWNER ONLY; service authority unproven: src/devnous/gastos/routes/user_routes.py:editar_cuenta_de_gastos_submit,"[""_validate_cuenta_informe_proyecto_fields"", ""session.commit""]",documents_and_other_editar_cuenta_de_gastos_submit_post_0fe734,documents_and_other:write; never grants business authority,"[""cuenta_id"", ""current_empleado""]",current employee + effective faculty + object + organization/legal entity + portfolio/tournament; UNPROVEN,write_or_effect_candidate,trusted human approval of exact draft/version/amount/currency/destination/digest; recheck at commit,scoped source IDs/version and redacted durable receipt; writes need canonical transactional dedup + postcondition,"[""role/object/company deny"", ""revoked/expired"", ""isolation"", ""read purity"", ""exact confirmation/version"", ""retry/crash/no duplicates"", ""verified receipt""]",DISABLED; CANONICAL_SCOPE_UNPROVEN; route presence is not adapter or UI parity proof
12b5bc961c70,src/devnous/gastos/routes/user_routes.py,45720,api_documentos_cfdi_autofill,POST,"[""/api/documentos/cfdi-autofill""]",/api/documentos/cfdi-autofill,"[""POST""]","[{""prefix"": """", ""evidence"": ""copa_telmex_dashboard.py:2240"", ""status"": ""include_router_static; conditional/runtime execution unverified""}]",[],[],[],"UNPROVEN: guards/dependencies are evidence, not a complete effective-role matrix",accounting,live_entrypoint_static,"[""NO_LOCAL_GUARD_FOUND; inherited/middleware review required""]",ROUTE OWNER ONLY; service authority unproven: src/devnous/gastos/routes/user_routes.py:api_documentos_cfdi_autofill,[],accounting_api_documentos_cfdi_autofill_post_12b5bc,accounting:write; never grants business authority,"[""current_empleado"", ""archivo_xml"", ""archivo_pdf""]",current employee + effective faculty + object + organization/legal entity + portfolio/tournament; UNPROVEN,write_or_effect_candidate,trusted human approval of exact draft/version/amount/currency/destination/digest; recheck at commit,scoped source IDs/version and redacted durable receipt; writes need canonical transactional dedup + postcondition,"[""role/object/company deny"", ""revoked/expired"", ""isolation"", ""read purity"", ""exact confirmation/version"", ""retry/crash/no duplicates"", ""verified receipt""]",DISABLED; CANONICAL_SCOPE_UNPROVEN; route presence is not adapter or UI parity proof
1a7d578f1c22,src/devnous/gastos/routes/user_routes.py,45766,api_informes_cfdi_autofill,POST,"[""/api/informes-de-gastos/cfdi-autofill""]",/api/informes-de-gastos/cfdi-autofill,"[""POST""]","[{""prefix"": """", ""evidence"": ""copa_telmex_dashboard.py:2240"", ""status"": ""include_router_static; conditional/runtime execution unverified""}]",[],[],[],"UNPROVEN: guards/dependencies are evidence, not a complete effective-role matrix",accounting,live_entrypoint_static,"[""NO_LOCAL_GUARD_FOUND; inherited/middleware review required""]",ROUTE OWNER ONLY; service authority unproven: src/devnous/gastos/routes/user_routes.py:api_informes_cfdi_autofill,[],accounting_api_informes_cfdi_autofill_post_1a7d57,accounting:write; never grants business authority,"[""current_empleado"", ""cfdi_xml"", ""cfdi_pdf""]",current employee + effective faculty + object + organization/legal entity + portfolio/tournament; UNPROVEN,write_or_effect_candidate,trusted human approval of exact draft/version/amount/currency/destination/digest; recheck at commit,scoped source IDs/version and redacted durable receipt; writes need canonical transactional dedup + postcondition,"[""role/object/company deny"", ""revoked/expired"", ""isolation"", ""read purity"", ""exact confirmation/version"", ""retry/crash/no duplicates"", ""verified receipt""]",DISABLED; CANONICAL_SCOPE_UNPROVEN; route presence is not adapter or UI parity proof
3e1cd5bdc7ce,src/devnous/gastos/routes/user_routes.py,45812,api_empleado_bank_accounts,GET,"[""/api/empleado-bank-accounts""]",/api/empleado-bank-accounts,"[""GET""]","[{""prefix"": """", ""evidence"": ""copa_telmex_dashboard.py:2240"", ""status"": ""include_router_static; conditional/runtime execution unverified""}]",[],[],[],"UNPROVEN: guards/dependencies are evidence, not a complete effective-role matrix",identity,live_entrypoint_static,"[""NO_LOCAL_GUARD_FOUND; inherited/middleware review required""]",ROUTE OWNER ONLY; service authority unproven: src/devnous/gastos/routes/user_routes.py:api_empleado_bank_accounts,[],identity_api_empleado_bank_accounts_get_3e1cd5,identity:read; never grants business authority,"[""current_empleado"", ""threshold"", ""limit""]",current employee + effective faculty + object + organization/legal entity + portfolio/tournament; UNPROVEN,read_candidate; side effects NOT verified,none only after read-purity proof,scoped source IDs/version and redacted durable receipt; writes need canonical transactional dedup + postcondition,"[""role/object/company deny"", ""revoked/expired"", ""isolation"", ""read purity""]",DISABLED; CANONICAL_SCOPE_UNPROVEN; route presence is not adapter or UI parity proof
5021aec682ca,src/devnous/gastos/routes/user_routes.py,45843,nueva_solicitud_desde_cuenta_form,GET,"[""/informes-de-gastos/{cuenta_id}/nueva-solicitud""]",/informes-de-gastos/{cuenta_id}/nueva-solicitud,"[""GET""]","[{""prefix"": """", ""evidence"": ""copa_telmex_dashboard.py:2240"", ""status"": ""include_router_static; conditional/runtime execution unverified""}]",[],[],"[{""key"": ""gastos.informes"", ""roles"": [""empleado"", ""coordinador"", ""finanzas"", ""admin"", ""superadmin""], ""actions"": [""ver"", ""crear"", ""editar"", ""exportar""], ""evidence"": ""src/devnous/gastos/services/access_control_service.py:89""}]","UNPROVEN: guards/dependencies are evidence, not a complete effective-role matrix",documents_and_other,live_entrypoint_static,"[""NO_LOCAL_GUARD_FOUND; inherited/middleware review required""]",ROUTE OWNER ONLY; service authority unproven: src/devnous/gastos/routes/user_routes.py:nueva_solicitud_desde_cuenta_form,[],documents_and_other_nueva_solicitud_desde_cuenta_form_ge_5021ae,documents_and_other:read; never grants business authority,"[""cuenta_id"", ""current_empleado""]",current employee + effective faculty + object + organization/legal entity + portfolio/tournament; UNPROVEN,read_candidate; side effects NOT verified,none only after read-purity proof,scoped source IDs/version and redacted durable receipt; writes need canonical transactional dedup + postcondition,"[""role/object/company deny"", ""revoked/expired"", ""isolation"", ""read purity""]",DISABLED; CANONICAL_SCOPE_UNPROVEN; route presence is not adapter or UI parity proof
cb8bcb6e3c3c,src/devnous/gastos/routes/user_routes.py,46084,nueva_solicitud_desde_cuenta_submit,POST,"[""/informes-de-gastos/{cuenta_id}/nueva-solicitud""]",/informes-de-gastos/{cuenta_id}/nueva-solicitud,"[""POST""]","[{""prefix"": """", ""evidence"": ""copa_telmex_dashboard.py:2240"", ""status"": ""include_router_static; conditional/runtime execution unverified""}]",[],[],"[{""key"": ""gastos.informes"", ""roles"": [""empleado"", ""coordinador"", ""finanzas"", ""admin"", ""superadmin""], ""actions"": [""ver"", ""crear"", ""editar"", ""exportar""], ""evidence"": ""src/devnous/gastos/services/access_control_service.py:89""}]","UNPROVEN: guards/dependencies are evidence, not a complete effective-role matrix",documents_and_other,live_entrypoint_static,"[""NO_LOCAL_GUARD_FOUND; inherited/middleware review required""]",ROUTE OWNER ONLY; service authority unproven: src/devnous/gastos/routes/user_routes.py:nueva_solicitud_desde_cuenta_submit,"[""build_solicitud_personal_payload""]",documents_and_other_nueva_solicitud_desde_cuenta_submit__cb8bcb,documents_and_other:write; never grants business authority,"[""cuenta_id"", ""current_empleado""]",current employee + effective faculty + object + organization/legal entity + portfolio/tournament; UNPROVEN,write_or_effect_candidate,trusted human approval of exact draft/version/amount/currency/destination/digest; recheck at commit,scoped source IDs/version and redacted durable receipt; writes need canonical transactional dedup + postcondition,"[""role/object/company deny"", ""revoked/expired"", ""isolation"", ""read purity"", ""exact confirmation/version"", ""retry/crash/no duplicates"", ""verified receipt""]",DISABLED; CANONICAL_SCOPE_UNPROVEN; route presence is not adapter or UI parity proof
c60e244f0360,src/devnous/gastos/routes/user_routes.py,46193,enviar_comprobacion_parcial,POST,"[""/informes-de-gastos/{cuenta_id}/comprobacion-parcial""]",/informes-de-gastos/{cuenta_id}/comprobacion-parcial,"[""POST""]","[{""prefix"": """", ""evidence"": ""copa_telmex_dashboard.py:2240"", ""status"": ""include_router_static; conditional/runtime execution unverified""}]","[""src/devnous/gastos/routes/user_routes.py:10822:_can_mutate_cuenta_de_gastos""]",[],"[{""key"": ""gastos.informes"", ""roles"": [""empleado"", ""coordinador"", ""finanzas"", ""admin"", ""superadmin""], ""actions"": [""ver"", ""crear"", ""editar"", ""exportar""], ""evidence"": ""src/devnous/gastos/services/access_control_service.py:89""}]","UNPROVEN: guards/dependencies are evidence, not a complete effective-role matrix",documents_and_other,live_entrypoint_static,"[""NO_LOCAL_GUARD_FOUND; inherited/middleware review required""]",ROUTE OWNER ONLY; service authority unproven: src/devnous/gastos/routes/user_routes.py:enviar_comprobacion_parcial,[],documents_and_other_enviar_comprobacion_parcial_post_c60e24,documents_and_other:write; never grants business authority,"[""cuenta_id"", ""submission_id"", ""expense_ids"", ""expected_total"", ""motivo"", ""current_empleado""]",current employee + effective faculty + object + organization/legal entity + portfolio/tournament; UNPROVEN,write_or_effect_candidate,trusted human approval of exact draft/version/amount/currency/destination/digest; recheck at commit,scoped source IDs/version and redacted durable receipt; writes need canonical transactional dedup + postcondition,"[""role/object/company deny"", ""revoked/expired"", ""isolation"", ""read purity"", ""exact confirmation/version"", ""retry/crash/no duplicates"", ""verified receipt""]",DISABLED; CANONICAL_SCOPE_UNPROVEN; route presence is not adapter or UI parity proof
6db248c4401b,src/devnous/gastos/routes/user_routes.py,46245,cerrar_cuenta_de_gastos,POST,"[""/informes-de-gastos/{cuenta_id}/cerrar""]",/informes-de-gastos/{cuenta_id}/cerrar,"[""POST""]","[{""prefix"": """", ""evidence"": ""copa_telmex_dashboard.py:2240"", ""status"": ""include_router_static; conditional/runtime execution unverified""}]","[""src/devnous/gastos/routes/user_routes.py:10822:_can_mutate_cuenta_de_gastos""]",[],"[{""key"": ""gastos.informes"", ""roles"": [""empleado"", ""coordinador"", ""finanzas"", ""admin"", ""superadmin""], ""actions"": [""ver"", ""crear"", ""editar"", ""exportar""], ""evidence"": ""src/devnous/gastos/services/access_control_service.py:89""}]","UNPROVEN: guards/dependencies are evidence, not a complete effective-role matrix",documents_and_other,live_entrypoint_static,"[""NO_LOCAL_GUARD_FOUND; inherited/middleware review required""]",ROUTE OWNER ONLY; service authority unproven: src/devnous/gastos/routes/user_routes.py:cerrar_cuenta_de_gastos,"[""build_solicitud_personal_payload"", ""session.commit""]",documents_and_other_cerrar_cuenta_de_gastos_post_6db248,documents_and_other:write; never grants business authority,"[""cuenta_id"", ""current_empleado"", ""next"", ""proveedor_cliente_id""]",current employee + effective faculty + object + organization/legal entity + portfolio/tournament; UNPROVEN,write_or_effect_candidate,trusted human approval of exact draft/version/amount/currency/destination/digest; recheck at commit,scoped source IDs/version and redacted durable receipt; writes need canonical transactional dedup + postcondition,"[""role/object/company deny"", ""revoked/expired"", ""isolation"", ""read purity"", ""exact confirmation/version"", ""retry/crash/no duplicates"", ""verified receipt""]",DISABLED; CANONICAL_SCOPE_UNPROVEN; route presence is not adapter or UI parity proof
57929a435dae,src/devnous/gastos/routes/user_routes.py,46718,saldar_cuenta_form,GET,"[""/informes-de-gastos/{cuenta_id}/saldar""]",/informes-de-gastos/{cuenta_id}/saldar,"[""GET""]","[{""prefix"": """", ""evidence"": ""copa_telmex_dashboard.py:2240"", ""status"": ""include_router_static; conditional/runtime execution unverified""}]","[""src/devnous/gastos/routes/user_routes.py:46624:_can_access_reembolso_cuenta"", ""src/devnous/gastos/routes/user_routes.py:46685:_can_submit_settlement""]",[],"[{""key"": ""gastos.informes"", ""roles"": [""empleado"", ""coordinador"", ""finanzas"", ""admin"", ""superadmin""], ""actions"": [""ver"", ""crear"", ""editar"", ""exportar""], ""evidence"": ""src/devnous/gastos/services/access_control_service.py:89""}]","UNPROVEN: guards/dependencies are evidence, not a complete effective-role matrix",documents_and_other,live_entrypoint_static,"[""_can_access_reembolso_cuenta(cuenta, current_empleado)""]",ROUTE OWNER ONLY; service authority unproven: src/devnous/gastos/routes/user_routes.py:saldar_cuenta_form,"[""validate_settlement_eligibility""]",documents_and_other_saldar_cuenta_form_get_57929a,documents_and_other:read; never grants business authority,"[""cuenta_id"", ""current_empleado""]",current employee + effective faculty + object + organization/legal entity + portfolio/tournament; UNPROVEN,read_candidate; side effects NOT verified,none only after read-purity proof,scoped source IDs/version and redacted durable receipt; writes need canonical transactional dedup + postcondition,"[""role/object/company deny"", ""revoked/expired"", ""isolation"", ""read purity""]",DISABLED; CANONICAL_SCOPE_UNPROVEN; route presence is not adapter or UI parity proof
e3cbcebc45ae,src/devnous/gastos/routes/user_routes.py,46971,saldar_cuenta_submit,POST,"[""/informes-de-gastos/{cuenta_id}/saldar""]",/informes-de-gastos/{cuenta_id}/saldar,"[""POST""]","[{""prefix"": """", ""evidence"": ""copa_telmex_dashboard.py:2240"", ""status"": ""include_router_static; conditional/runtime execution unverified""}]","[""src/devnous/gastos/routes/user_routes.py:46624:_can_access_reembolso_cuenta""]",[],"[{""key"": ""gastos.informes"", ""roles"": [""empleado"", ""coordinador"", ""finanzas"", ""admin"", ""superadmin""], ""actions"": [""ver"", ""crear"", ""editar"", ""exportar""], ""evidence"": ""src/devnous/gastos/services/access_control_service.py:89""}]","UNPROVEN: guards/dependencies are evidence, not a complete effective-role matrix",documents_and_other,live_entrypoint_static,"[""_can_access_reembolso_cuenta(cuenta, current_empleado)""]",ROUTE OWNER ONLY; service authority unproven: src/devnous/gastos/routes/user_routes.py:saldar_cuenta_submit,[],documents_and_other_saldar_cuenta_submit_post_e3cbce,documents_and_other:write; never grants business authority,"[""cuenta_id"", ""current_empleado"", ""monto"", ""saldo_snapshot"", ""moneda"", ""metodo_pago"", ""fecha_pago"", ""referencia_pago"", ""notas"", ""comprobante"", ""allow_partial"", ""client_submission_id""]",current employee + effective faculty + object + organization/legal entity + portfolio/tournament; UNPROVEN,write_or_effect_candidate,trusted human approval of exact draft/version/amount/currency/destination/digest; recheck at commit,scoped source IDs/version and redacted durable receipt; writes need canonical transactional dedup + postcondition,"[""role/object/company deny"", ""revoked/expired"", ""isolation"", ""read purity"", ""exact confirmation/version"", ""retry/crash/no duplicates"", ""verified receipt""]",DISABLED; CANONICAL_SCOPE_UNPROVEN; route presence is not adapter or UI parity proof
1a6b308eea2d,src/devnous/gastos/routes/user_routes.py,47110,ver_reembolso_cuenta,GET,"[""/informes-de-gastos/{cuenta_id}/reembolsos/{reembolso_id}""]",/informes-de-gastos/{cuenta_id}/reembolsos/{reembolso_id},"[""GET""]","[{""prefix"": """", ""evidence"": ""copa_telmex_dashboard.py:2240"", ""status"": ""include_router_static; conditional/runtime execution unverified""}]","[""src/devnous/gastos/routes/user_routes.py:46624:_can_access_reembolso_cuenta""]",[],"[{""key"": ""gastos.informes"", ""roles"": [""empleado"", ""coordinador"", ""finanzas"", ""admin"", ""superadmin""], ""actions"": [""ver"", ""crear"", ""editar"", ""exportar""], ""evidence"": ""src/devnous/gastos/services/access_control_service.py:89""}]","UNPROVEN: guards/dependencies are evidence, not a complete effective-role matrix",payments,live_entrypoint_static,"[""(current_empleado.rol or '').strip()"", ""(current_empleado.rol or '').strip().lower()"", ""_can_access_reembolso_cuenta(cuenta, current_empleado)""]",ROUTE OWNER ONLY; service authority unproven: src/devnous/gastos/routes/user_routes.py:ver_reembolso_cuenta,[],payments_ver_reembolso_cuenta_get_1a6b30,payments:read; never grants business authority,"[""cuenta_id"", ""reembolso_id"", ""current_empleado""]",current employee + effective faculty + object + organization/legal entity + portfolio/tournament; UNPROVEN,read_candidate; side effects NOT verified,none only after read-purity proof,scoped source IDs/version and redacted durable receipt; writes need canonical transactional dedup + postcondition,"[""role/object/company deny"", ""revoked/expired"", ""isolation"", ""read purity""]",DISABLED; CANONICAL_SCOPE_UNPROVEN; route presence is not adapter or UI parity proof
2eb1b7ea40d5,src/devnous/gastos/routes/user_routes.py,47296,cancelar_reembolso_cuenta,POST,"[""/informes-de-gastos/{cuenta_id}/reembolsos/{reembolso_id}/cancelar""]",/informes-de-gastos/{cuenta_id}/reembolsos/{reembolso_id}/cancelar,"[""POST""]","[{""prefix"": """", ""evidence"": ""copa_telmex_dashboard.py:2240"", ""status"": ""include_router_static; conditional/runtime execution unverified""}]",[],[],"[{""key"": ""gastos.informes"", ""roles"": [""empleado"", ""coordinador"", ""finanzas"", ""admin"", ""superadmin""], ""actions"": [""ver"", ""crear"", ""editar"", ""exportar""], ""evidence"": ""src/devnous/gastos/services/access_control_service.py:89""}]","UNPROVEN: guards/dependencies are evidence, not a complete effective-role matrix",payments,live_entrypoint_static,"[""NO_LOCAL_GUARD_FOUND; inherited/middleware review required""]",ROUTE OWNER ONLY; service authority unproven: src/devnous/gastos/routes/user_routes.py:cancelar_reembolso_cuenta,[],payments_cancelar_reembolso_cuenta_post_2eb1b7,payments:write; never grants business authority,"[""cuenta_id"", ""reembolso_id"", ""current_empleado"", ""motivo""]",current employee + effective faculty + object + organization/legal entity + portfolio/tournament; UNPROVEN,write_or_effect_candidate,trusted human approval of exact draft/version/amount/currency/destination/digest; recheck at commit,scoped source IDs/version and redacted durable receipt; writes need canonical transactional dedup + postcondition,"[""role/object/company deny"", ""revoked/expired"", ""isolation"", ""read purity"", ""exact confirmation/version"", ""retry/crash/no duplicates"", ""verified receipt""]",DISABLED; CANONICAL_SCOPE_UNPROVEN; route presence is not adapter or UI parity proof
66fd4131bd9d,src/devnous/gastos/routes/user_routes.py,47357,descargar_reembolso_adjunto,GET,"[""/informes-de-gastos/{cuenta_id}/reembolsos/{reembolso_id}/adjuntos/{adjunto_id}""]",/informes-de-gastos/{cuenta_id}/reembolsos/{reembolso_id}/adjuntos/{adjunto_id},"[""GET""]","[{""prefix"": """", ""evidence"": ""copa_telmex_dashboard.py:2240"", ""status"": ""include_router_static; conditional/runtime execution unverified""}]","[""src/devnous/gastos/routes/user_routes.py:10789:_can_read_cuenta_de_gastos""]",[],"[{""key"": ""gastos.informes"", ""roles"": [""empleado"", ""coordinador"", ""finanzas"", ""admin"", ""superadmin""], ""actions"": [""ver"", ""crear"", ""editar"", ""exportar""], ""evidence"": ""src/devnous/gastos/services/access_control_service.py:89""}]","UNPROVEN: guards/dependencies are evidence, not a complete effective-role matrix",payments,live_entrypoint_static,"[""NO_LOCAL_GUARD_FOUND; inherited/middleware review required""]",ROUTE OWNER ONLY; service authority unproven: src/devnous/gastos/routes/user_routes.py:descargar_reembolso_adjunto,[],payments_descargar_reembolso_adjunto_get_66fd41,payments:read; never grants business authority,"[""cuenta_id"", ""reembolso_id"", ""adjunto_id"", ""current_empleado""]",current employee + effective faculty + object + organization/legal entity + portfolio/tournament; UNPROVEN,read_candidate; side effects NOT verified,none only after read-purity proof,scoped source IDs/version and redacted durable receipt; writes need canonical transactional dedup + postcondition,"[""role/object/company deny"", ""revoked/expired"", ""isolation"", ""read purity""]",DISABLED; CANONICAL_SCOPE_UNPROVEN; route presence is not adapter or UI parity proof
63158a06fb0d,src/devnous/gastos/routes/webhook_handler.py,273,income_billing_weekly_alert,POST,"[""/ingress/income-billing-weekly-alert""]",/income-billing-weekly-alert,"[""POST""]","[{""prefix"": ""/ingress"", ""evidence"": ""copa_telmex_dashboard.py:2239"", ""status"": ""include_router_static; conditional/runtime execution unverified""}]",[],[],[],"UNPROVEN: guards/dependencies are evidence, not a complete effective-role matrix",documents_and_other,live_entrypoint_static,"[""NO_LOCAL_GUARD_FOUND; inherited/middleware review required""]",ROUTE OWNER ONLY; service authority unproven: src/devnous/gastos/routes/webhook_handler.py:income_billing_weekly_alert,[],documents_and_other_income_billing_weekly_alert_post_63158a,documents_and_other:write; never grants business authority,"[""x_income_billing_alert_secret""]",current employee + effective faculty + object + organization/legal entity + portfolio/tournament; UNPROVEN,write_or_effect_candidate,trusted human approval of exact draft/version/amount/currency/destination/digest; recheck at commit,scoped source IDs/version and redacted durable receipt; writes need canonical transactional dedup + postcondition,"[""role/object/company deny"", ""revoked/expired"", ""isolation"", ""read purity"", ""exact confirmation/version"", ""retry/crash/no duplicates"", ""verified receipt""]",DISABLED; CANONICAL_SCOPE_UNPROVEN; route presence is not adapter or UI parity proof
3929dc83b073,src/devnous/gastos/routes/webhook_handler.py,565,receive_tocino_webhook,POST,"[""/ingress/tocino-webhook""]",/tocino-webhook,"[""POST""]","[{""prefix"": ""/ingress"", ""evidence"": ""copa_telmex_dashboard.py:2239"", ""status"": ""include_router_static; conditional/runtime execution unverified""}]",[],[],[],"UNPROVEN: guards/dependencies are evidence, not a complete effective-role matrix",documents_and_other,live_entrypoint_static,"[""NO_LOCAL_GUARD_FOUND; inherited/middleware review required""]",ROUTE OWNER ONLY; service authority unproven: src/devnous/gastos/routes/webhook_handler.py:receive_tocino_webhook,[],documents_and_other_receive_tocino_webhook_post_3929dc,documents_and_other:write; never grants business authority,"[""typeform_signature""]",current employee + effective faculty + object + organization/legal entity + portfolio/tournament; UNPROVEN,write_or_effect_candidate,trusted human approval of exact draft/version/amount/currency/destination/digest; recheck at commit,scoped source IDs/version and redacted durable receipt; writes need canonical transactional dedup + postcondition,"[""role/object/company deny"", ""revoked/expired"", ""isolation"", ""read purity"", ""exact confirmation/version"", ""retry/crash/no duplicates"", ""verified receipt""]",DISABLED; CANONICAL_SCOPE_UNPROVEN; route presence is not adapter or UI parity proof
b691ef01d30f,src/devnous/gastos/routes/webhook_handler.py,675,verify_tocino_webhook,GET,"[""/ingress/tocino-webhook""]",/tocino-webhook,"[""GET""]","[{""prefix"": ""/ingress"", ""evidence"": ""copa_telmex_dashboard.py:2239"", ""status"": ""include_router_static; conditional/runtime execution unverified""}]",[],[],[],"UNPROVEN: guards/dependencies are evidence, not a complete effective-role matrix",documents_and_other,live_entrypoint_static,"[""NO_LOCAL_GUARD_FOUND; inherited/middleware review required""]",ROUTE OWNER ONLY; service authority unproven: src/devnous/gastos/routes/webhook_handler.py:verify_tocino_webhook,[],documents_and_other_verify_tocino_webhook_get_b691ef,documents_and_other:read; never grants business authority,[],current employee + effective faculty + object + organization/legal entity + portfolio/tournament; UNPROVEN,read_candidate; side effects NOT verified,none only after read-purity proof,scoped source IDs/version and redacted durable receipt; writes need canonical transactional dedup + postcondition,"[""role/object/company deny"", ""revoked/expired"", ""isolation"", ""read purity""]",DISABLED; CANONICAL_SCOPE_UNPROVEN; route presence is not adapter or UI parity proof
5a0922de0c78,src/devnous/gastos/routes/webhook_handler.py,696,tocino_cfdi_sync,POST,"[""/ingress/tocino-cfdi-sync""]",/tocino-cfdi-sync,"[""POST""]","[{""prefix"": ""/ingress"", ""evidence"": ""copa_telmex_dashboard.py:2239"", ""status"": ""include_router_static; conditional/runtime execution unverified""}]",[],[],[],"UNPROVEN: guards/dependencies are evidence, not a complete effective-role matrix",accounting,live_entrypoint_static,"[""NO_LOCAL_GUARD_FOUND; inherited/middleware review required""]",ROUTE OWNER ONLY; service authority unproven: src/devnous/gastos/routes/webhook_handler.py:tocino_cfdi_sync,"[""session.commit""]",accounting_tocino_cfdi_sync_post_5a0922,accounting:write; never grants business authority,"[""x_tocino_sync_secret""]",current employee + effective faculty + object + organization/legal entity + portfolio/tournament; UNPROVEN,write_or_effect_candidate,trusted human approval of exact draft/version/amount/currency/destination/digest; recheck at commit,scoped source IDs/version and redacted durable receipt; writes need canonical transactional dedup + postcondition,"[""role/object/company deny"", ""revoked/expired"", ""isolation"", ""read purity"", ""exact confirmation/version"", ""retry/crash/no duplicates"", ""verified receipt""]",DISABLED; CANONICAL_SCOPE_UNPROVEN; route presence is not adapter or UI parity proof
a602de036958,src/devnous/gastos/routes/webhook_handler.py,822,sat_cfdi_sync,POST,"[""/ingress/sat-cfdi-sync""]",/sat-cfdi-sync,"[""POST""]","[{""prefix"": ""/ingress"", ""evidence"": ""copa_telmex_dashboard.py:2239"", ""status"": ""include_router_static; conditional/runtime execution unverified""}]",[],[],[],"UNPROVEN: guards/dependencies are evidence, not a complete effective-role matrix",accounting,live_entrypoint_static,"[""NO_LOCAL_GUARD_FOUND; inherited/middleware review required""]",ROUTE OWNER ONLY; service authority unproven: src/devnous/gastos/routes/webhook_handler.py:sat_cfdi_sync,"[""SATSyncService"", ""service.persist_sync_run"", ""session.commit""]",accounting_sat_cfdi_sync_post_a602de,accounting:write; never grants business authority,"[""x_sat_sync_secret""]",current employee + effective faculty + object + organization/legal entity + portfolio/tournament; UNPROVEN,write_or_effect_candidate,trusted human approval of exact draft/version/amount/currency/destination/digest; recheck at commit,scoped source IDs/version and redacted durable receipt; writes need canonical transactional dedup + postcondition,"[""role/object/company deny"", ""revoked/expired"", ""isolation"", ""read purity"", ""exact confirmation/version"", ""retry/crash/no duplicates"", ""verified receipt""]",DISABLED; CANONICAL_SCOPE_UNPROVEN; route presence is not adapter or UI parity proof
95eb1897fb04,src/devnous/gastos/routes/webhook_handler.py,917,sat_cfdi_open_jobs,POST,"[""/ingress/sat-cfdi-open-jobs""]",/sat-cfdi-open-jobs,"[""POST""]","[{""prefix"": ""/ingress"", ""evidence"": ""copa_telmex_dashboard.py:2239"", ""status"": ""include_router_static; conditional/runtime execution unverified""}]",[],[],[],"UNPROVEN: guards/dependencies are evidence, not a complete effective-role matrix",accounting,live_entrypoint_static,"[""NO_LOCAL_GUARD_FOUND; inherited/middleware review required""]",ROUTE OWNER ONLY; service authority unproven: src/devnous/gastos/routes/webhook_handler.py:sat_cfdi_open_jobs,[],accounting_sat_cfdi_open_jobs_post_95eb18,accounting:write; never grants business authority,"[""x_sat_sync_secret""]",current employee + effective faculty + object + organization/legal entity + portfolio/tournament; UNPROVEN,write_or_effect_candidate,trusted human approval of exact draft/version/amount/currency/destination/digest; recheck at commit,scoped source IDs/version and redacted durable receipt; writes need canonical transactional dedup + postcondition,"[""role/object/company deny"", ""revoked/expired"", ""isolation"", ""read purity"", ""exact confirmation/version"", ""retry/crash/no duplicates"", ""verified receipt""]",DISABLED; CANONICAL_SCOPE_UNPROVEN; route presence is not adapter or UI parity proof
8b0d3012c2ac,src/samchat/assistant/router.py,10845,create_conversation,POST,"[""/api/assistant/conversations"", ""/copa-america/api/assistant/conversations""]",/api/assistant/conversations,"[""POST""]","[{""prefix"": """", ""evidence"": ""copa_telmex_dashboard.py:2244"", ""status"": ""include_router_static; conditional/runtime execution unverified""}, {""prefix"": ""/copa-america"", ""evidence"": ""copa_telmex_dashboard.py:2247"", ""status"": ""include_router_static; conditional/runtime execution unverified""}]",[],[],"[{""key"": ""assistant.shell"", ""roles"": [""admin"", ""superadmin"", ""super_admin""], ""actions"": [""ver""], ""evidence"": ""src/devnous/gastos/services/access_control_service.py:133""}]","UNPROVEN: guards/dependencies are evidence, not a complete effective-role matrix",assistant,live_entrypoint_static,"[""NO_LOCAL_GUARD_FOUND; inherited/middleware review required""]",ROUTE OWNER ONLY; service authority unproven: src/samchat/assistant/router.py:create_conversation,"[""session.commit""]",assistant_create_conversation_post_8b0d30,assistant:write; never grants business authority,"[""payload"", ""current_empleado""]",current employee + effective faculty + object + organization/legal entity + portfolio/tournament; UNPROVEN,write_or_effect_candidate,trusted human approval of exact draft/version/amount/currency/destination/digest; recheck at commit,scoped source IDs/version and redacted durable receipt; writes need canonical transactional dedup + postcondition,"[""role/object/company deny"", ""revoked/expired"", ""isolation"", ""read purity"", ""exact confirmation/version"", ""retry/crash/no duplicates"", ""verified receipt""]",DISABLED; CANONICAL_SCOPE_UNPROVEN; route presence is not adapter or UI parity proof
95bc876d8809,src/samchat/assistant/router.py,10915,list_conversations,GET,"[""/api/assistant/conversations"", ""/copa-america/api/assistant/conversations""]",/api/assistant/conversations,"[""GET""]","[{""prefix"": """", ""evidence"": ""copa_telmex_dashboard.py:2244"", ""status"": ""include_router_static; conditional/runtime execution unverified""}, {""prefix"": ""/copa-america"", ""evidence"": ""copa_telmex_dashboard.py:2247"", ""status"": ""include_router_static; conditional/runtime execution unverified""}]",[],[],"[{""key"": ""assistant.shell"", ""roles"": [""admin"", ""superadmin"", ""super_admin""], ""actions"": [""ver""], ""evidence"": ""src/devnous/gastos/services/access_control_service.py:133""}]","UNPROVEN: guards/dependencies are evidence, not a complete effective-role matrix",assistant,live_entrypoint_static,"[""select(AssistantConversation).where(AssistantConversation.empleado_id == current_empleado.id, AssistantConversation.archived.is_(False)).order_by(desc(AssistantConversation.updated_at))"", ""select(AssistantConversation).where(AssistantConversation.empleado_id == current_empleado.id, AssistantConversation.archived.is_(False)).order_by(desc(AssistantConversation.updated_at)).limit(50)""]",ROUTE OWNER ONLY; service authority unproven: src/samchat/assistant/router.py:list_conversations,[],assistant_list_conversations_get_95bc87,assistant:read; never grants business authority,"[""external_session_id"", ""current_empleado""]",current employee + effective faculty + object + organization/legal entity + portfolio/tournament; UNPROVEN,read_candidate; side effects NOT verified,none only after read-purity proof,scoped source IDs/version and redacted durable receipt; writes need canonical transactional dedup + postcondition,"[""role/object/company deny"", ""revoked/expired"", ""isolation"", ""read purity""]",DISABLED; CANONICAL_SCOPE_UNPROVEN; route presence is not adapter or UI parity proof
37e14f97a715,src/samchat/assistant/router.py,10943,assistant_me,GET,"[""/api/assistant/me"", ""/copa-america/api/assistant/me""]",/api/assistant/me,"[""GET""]","[{""prefix"": """", ""evidence"": ""copa_telmex_dashboard.py:2244"", ""status"": ""include_router_static; conditional/runtime execution unverified""}, {""prefix"": ""/copa-america"", ""evidence"": ""copa_telmex_dashboard.py:2247"", ""status"": ""include_router_static; conditional/runtime execution unverified""}]",[],[],"[{""key"": ""assistant.shell"", ""roles"": [""admin"", ""superadmin"", ""super_admin""], ""actions"": [""ver""], ""evidence"": ""src/devnous/gastos/services/access_control_service.py:133""}]","UNPROVEN: guards/dependencies are evidence, not a complete effective-role matrix",assistant,live_entrypoint_static,"[""has_permission(current_empleado, 'admin.*')"", ""has_permission(current_empleado, 'admin.finanzas.manage')"", ""has_permission(current_empleado, 'admin.operaciones.manage')"", ""has_permission(current_empleado, 'admin.perfiles.*')"", ""has_permission(current_empleado, 'admin.perfiles.manage')"", ""has_permission(current_empleado, 'admin.torneos.manage')"", ""has_permission(current_empleado, 'finanzas.manage')""]",ROUTE OWNER ONLY; service authority unproven: src/samchat/assistant/router.py:assistant_me,[],assistant_assistant_me_get_37e14f,assistant:read; never grants business authority,"[""current_empleado""]",current employee + effective faculty + object + organization/legal entity + portfolio/tournament; UNPROVEN,read_candidate; side effects NOT verified,none only after read-purity proof,scoped source IDs/version and redacted durable receipt; writes need canonical transactional dedup + postcondition,"[""role/object/company deny"", ""revoked/expired"", ""isolation"", ""read purity""]",DISABLED; CANONICAL_SCOPE_UNPROVEN; route presence is not adapter or UI parity proof
8584e93516df,src/samchat/assistant/router.py,10988,assistant_owner_pack_readiness_dashboard,GET,"[""/api/assistant/owner-pack/readiness-dashboard"", ""/copa-america/api/assistant/owner-pack/readiness-dashboard""]",/api/assistant/owner-pack/readiness-dashboard,"[""GET""]","[{""prefix"": """", ""evidence"": ""copa_telmex_dashboard.py:2244"", ""status"": ""include_router_static; conditional/runtime execution unverified""}, {""prefix"": ""/copa-america"", ""evidence"": ""copa_telmex_dashboard.py:2247"", ""status"": ""include_router_static; conditional/runtime execution unverified""}]",[],[],"[{""key"": ""assistant.shell"", ""roles"": [""admin"", ""superadmin"", ""super_admin""], ""actions"": [""ver""], ""evidence"": ""src/devnous/gastos/services/access_control_service.py:133""}]","UNPROVEN: guards/dependencies are evidence, not a complete effective-role matrix",assistant,live_entrypoint_static,"[""NO_LOCAL_GUARD_FOUND; inherited/middleware review required""]",ROUTE OWNER ONLY; service authority unproven: src/samchat/assistant/router.py:assistant_owner_pack_readiness_dashboard,"[""_build_owner_pack_readiness_dashboard_payload""]",assistant_assistant_owner_pack_readiness_dashboard_get_8584e9,assistant:read; never grants business authority,"[""scope"", ""tournament_slug"", ""entity_name"", ""current_empleado""]",current employee + effective faculty + object + organization/legal entity + portfolio/tournament; UNPROVEN,read_candidate; side effects NOT verified,none only after read-purity proof,scoped source IDs/version and redacted durable receipt; writes need canonical transactional dedup + postcondition,"[""role/object/company deny"", ""revoked/expired"", ""isolation"", ""read purity""]",DISABLED; CANONICAL_SCOPE_UNPROVEN; route presence is not adapter or UI parity proof
6d7d050c2e2a,src/samchat/assistant/router.py,11005,assistant_owner_pack_export_preview,GET,"[""/api/assistant/owner-pack/export-preview"", ""/copa-america/api/assistant/owner-pack/export-preview""]",/api/assistant/owner-pack/export-preview,"[""GET""]","[{""prefix"": """", ""evidence"": ""copa_telmex_dashboard.py:2244"", ""status"": ""include_router_static; conditional/runtime execution unverified""}, {""prefix"": ""/copa-america"", ""evidence"": ""copa_telmex_dashboard.py:2247"", ""status"": ""include_router_static; conditional/runtime execution unverified""}]",[],[],"[{""key"": ""assistant.shell"", ""roles"": [""admin"", ""superadmin"", ""super_admin""], ""actions"": [""ver""], ""evidence"": ""src/devnous/gastos/services/access_control_service.py:133""}]","UNPROVEN: guards/dependencies are evidence, not a complete effective-role matrix",assistant,live_entrypoint_static,"[""NO_LOCAL_GUARD_FOUND; inherited/middleware review required""]",ROUTE OWNER ONLY; service authority unproven: src/samchat/assistant/router.py:assistant_owner_pack_export_preview,"[""_build_owner_pack_export_preview_payload""]",assistant_assistant_owner_pack_export_preview_get_6d7d05,assistant:read; never grants business authority,"[""scope"", ""tournament_slug"", ""entity_name"", ""current_empleado""]",current employee + effective faculty + object + organization/legal entity + portfolio/tournament; UNPROVEN,read_candidate; side effects NOT verified,none only after read-purity proof,scoped source IDs/version and redacted durable receipt; writes need canonical transactional dedup + postcondition,"[""role/object/company deny"", ""revoked/expired"", ""isolation"", ""read purity""]",DISABLED; CANONICAL_SCOPE_UNPROVEN; route presence is not adapter or UI parity proof
839ff5268535,src/samchat/assistant/router.py,11018,assistant_owner_pack_export_preview_html,GET,"[""/api/assistant/owner-pack/export-preview.html"", ""/copa-america/api/assistant/owner-pack/export-preview.html""]",/api/assistant/owner-pack/export-preview.html,"[""GET""]","[{""prefix"": """", ""evidence"": ""copa_telmex_dashboard.py:2244"", ""status"": ""include_router_static; conditional/runtime execution unverified""}, {""prefix"": ""/copa-america"", ""evidence"": ""copa_telmex_dashboard.py:2247"", ""status"": ""include_router_static; conditional/runtime execution unverified""}]",[],[],"[{""key"": ""assistant.shell"", ""roles"": [""admin"", ""superadmin"", ""super_admin""], ""actions"": [""ver""], ""evidence"": ""src/devnous/gastos/services/access_control_service.py:133""}]","UNPROVEN: guards/dependencies are evidence, not a complete effective-role matrix",assistant,live_entrypoint_static,"[""NO_LOCAL_GUARD_FOUND; inherited/middleware review required""]",ROUTE OWNER ONLY; service authority unproven: src/samchat/assistant/router.py:assistant_owner_pack_export_preview_html,"[""_build_owner_pack_export_preview_payload""]",assistant_assistant_owner_pack_export_preview_html_get_839ff5,assistant:read; never grants business authority,"[""scope"", ""tournament_slug"", ""entity_name"", ""print"", ""current_empleado""]",current employee + effective faculty + object + organization/legal entity + portfolio/tournament; UNPROVEN,read_candidate; side effects NOT verified,none only after read-purity proof,scoped source IDs/version and redacted durable receipt; writes need canonical transactional dedup + postcondition,"[""role/object/company deny"", ""revoked/expired"", ""isolation"", ""read purity""]",DISABLED; CANONICAL_SCOPE_UNPROVEN; route presence is not adapter or UI parity proof
16d995b9f7c1,src/samchat/assistant/router.py,11034,assistant_owner_pack_export_preview_csv,GET,"[""/api/assistant/owner-pack/export-preview.csv"", ""/copa-america/api/assistant/owner-pack/export-preview.csv""]",/api/assistant/owner-pack/export-preview.csv,"[""GET""]","[{""prefix"": """", ""evidence"": ""copa_telmex_dashboard.py:2244"", ""status"": ""include_router_static; conditional/runtime execution unverified""}, {""prefix"": ""/copa-america"", ""evidence"": ""copa_telmex_dashboard.py:2247"", ""status"": ""include_router_static; conditional/runtime execution unverified""}]",[],[],"[{""key"": ""assistant.shell"", ""roles"": [""admin"", ""superadmin"", ""super_admin""], ""actions"": [""ver""], ""evidence"": ""src/devnous/gastos/services/access_control_service.py:133""}]","UNPROVEN: guards/dependencies are evidence, not a complete effective-role matrix",assistant,live_entrypoint_static,"[""NO_LOCAL_GUARD_FOUND; inherited/middleware review required""]",ROUTE OWNER ONLY; service authority unproven: src/samchat/assistant/router.py:assistant_owner_pack_export_preview_csv,"[""_build_owner_pack_export_preview_payload""]",assistant_assistant_owner_pack_export_preview_csv_get_16d995,assistant:read; never grants business authority,"[""scope"", ""tournament_slug"", ""entity_name"", ""current_empleado""]",current employee + effective faculty + object + organization/legal entity + portfolio/tournament; UNPROVEN,read_candidate; side effects NOT verified,none only after read-purity proof,scoped source IDs/version and redacted durable receipt; writes need canonical transactional dedup + postcondition,"[""role/object/company deny"", ""revoked/expired"", ""isolation"", ""read purity""]",DISABLED; CANONICAL_SCOPE_UNPROVEN; route presence is not adapter or UI parity proof
3fad51776260,src/samchat/assistant/router.py,11053,assistant_owner_pack_export_preview_pdf,GET,"[""/api/assistant/owner-pack/export-preview.pdf"", ""/copa-america/api/assistant/owner-pack/export-preview.pdf""]",/api/assistant/owner-pack/export-preview.pdf,"[""GET""]","[{""prefix"": """", ""evidence"": ""copa_telmex_dashboard.py:2244"", ""status"": ""include_router_static; conditional/runtime execution unverified""}, {""prefix"": ""/copa-america"", ""evidence"": ""copa_telmex_dashboard.py:2247"", ""status"": ""include_router_static; conditional/runtime execution unverified""}]",[],[],"[{""key"": ""assistant.shell"", ""roles"": [""admin"", ""superadmin"", ""super_admin""], ""actions"": [""ver""], ""evidence"": ""src/devnous/gastos/services/access_control_service.py:133""}]","UNPROVEN: guards/dependencies are evidence, not a complete effective-role matrix",assistant,live_entrypoint_static,"[""NO_LOCAL_GUARD_FOUND; inherited/middleware review required""]",ROUTE OWNER ONLY; service authority unproven: src/samchat/assistant/router.py:assistant_owner_pack_export_preview_pdf,"[""_build_owner_pack_export_preview_payload""]",assistant_assistant_owner_pack_export_preview_pdf_get_3fad51,assistant:read; never grants business authority,"[""scope"", ""tournament_slug"", ""entity_name"", ""current_empleado""]",current employee + effective faculty + object + organization/legal entity + portfolio/tournament; UNPROVEN,read_candidate; side effects NOT verified,none only after read-purity proof,scoped source IDs/version and redacted durable receipt; writes need canonical transactional dedup + postcondition,"[""role/object/company deny"", ""revoked/expired"", ""isolation"", ""read purity""]",DISABLED; CANONICAL_SCOPE_UNPROVEN; route presence is not adapter or UI parity proof
232deade0c14,src/samchat/assistant/router.py,11075,assistant_tournament_registration_reports,GET,"[""/api/assistant/reports/tournament-registrations"", ""/copa-america/api/assistant/reports/tournament-registrations""]",/api/assistant/reports/tournament-registrations,"[""GET""]","[{""prefix"": """", ""evidence"": ""copa_telmex_dashboard.py:2244"", ""status"": ""include_router_static; conditional/runtime execution unverified""}, {""prefix"": ""/copa-america"", ""evidence"": ""copa_telmex_dashboard.py:2247"", ""status"": ""include_router_static; conditional/runtime execution unverified""}]","[""src/samchat/assistant/router.py:5376:_can_view_tournament_registration_reports""]",[],"[{""key"": ""assistant.shell"", ""roles"": [""admin"", ""superadmin"", ""super_admin""], ""actions"": [""ver""], ""evidence"": ""src/devnous/gastos/services/access_control_service.py:133""}]","UNPROVEN: guards/dependencies are evidence, not a complete effective-role matrix",assistant,live_entrypoint_static,"[""NO_LOCAL_GUARD_FOUND; inherited/middleware review required""]",ROUTE OWNER ONLY; service authority unproven: src/samchat/assistant/router.py:assistant_tournament_registration_reports,"[""execute_canonical_action""]",assistant_assistant_tournament_registration_reports_get_232dea,assistant:read; never grants business authority,"[""tournament_slug"", ""tournament_key"", ""as_of_date"", ""current_empleado""]",current employee + effective faculty + object + organization/legal entity + portfolio/tournament; UNPROVEN,read_candidate; side effects NOT verified,none only after read-purity proof,scoped source IDs/version and redacted durable receipt; writes need canonical transactional dedup + postcondition,"[""role/object/company deny"", ""revoked/expired"", ""isolation"", ""read purity""]",DISABLED; CANONICAL_SCOPE_UNPROVEN; route presence is not adapter or UI parity proof
1d2401bb8385,src/samchat/assistant/router.py,11116,assistant_auth_bridge_supabase,POST,"[""/api/assistant/auth/bridge-supabase"", ""/copa-america/api/assistant/auth/bridge-supabase""]",/api/assistant/auth/bridge-supabase,"[""POST""]","[{""prefix"": """", ""evidence"": ""copa_telmex_dashboard.py:2244"", ""status"": ""include_router_static; conditional/runtime execution unverified""}, {""prefix"": ""/copa-america"", ""evidence"": ""copa_telmex_dashboard.py:2247"", ""status"": ""include_router_static; conditional/runtime execution unverified""}]",[],[],"[{""key"": ""assistant.shell"", ""roles"": [""admin"", ""superadmin"", ""super_admin""], ""actions"": [""ver""], ""evidence"": ""src/devnous/gastos/services/access_control_service.py:133""}]","UNPROVEN: guards/dependencies are evidence, not a complete effective-role matrix",assistant,live_entrypoint_static,"[""NO_LOCAL_GUARD_FOUND; inherited/middleware review required""]",ROUTE OWNER ONLY; service authority unproven: src/samchat/assistant/router.py:assistant_auth_bridge_supabase,"[""session.commit""]",assistant_assistant_auth_bridge_supabase_post_1d2401,assistant:write; never grants business authority,"[""payload"", ""authorization""]",current employee + effective faculty + object + organization/legal entity + portfolio/tournament; UNPROVEN,write_or_effect_candidate,trusted human approval of exact draft/version/amount/currency/destination/digest; recheck at commit,scoped source IDs/version and redacted durable receipt; writes need canonical transactional dedup + postcondition,"[""role/object/company deny"", ""revoked/expired"", ""isolation"", ""read purity"", ""exact confirmation/version"", ""retry/crash/no duplicates"", ""verified receipt""]",DISABLED; CANONICAL_SCOPE_UNPROVEN; route presence is not adapter or UI parity proof
07bfc4a40476,src/samchat/assistant/router.py,11240,synthetic_data_seed,POST,"[""/api/assistant/admin/synthetic-data/seed"", ""/copa-america/api/assistant/admin/synthetic-data/seed""]",/api/assistant/admin/synthetic-data/seed,"[""POST""]","[{""prefix"": """", ""evidence"": ""copa_telmex_dashboard.py:2244"", ""status"": ""include_router_static; conditional/runtime execution unverified""}, {""prefix"": ""/copa-america"", ""evidence"": ""copa_telmex_dashboard.py:2247"", ""status"": ""include_router_static; conditional/runtime execution unverified""}]",[],[],"[{""key"": ""assistant.shell"", ""roles"": [""admin"", ""superadmin"", ""super_admin""], ""actions"": [""ver""], ""evidence"": ""src/devnous/gastos/services/access_control_service.py:133""}]","UNPROVEN: guards/dependencies are evidence, not a complete effective-role matrix",assistant,live_entrypoint_static,"[""NO_LOCAL_GUARD_FOUND; inherited/middleware review required""]",ROUTE OWNER ONLY; service authority unproven: src/samchat/assistant/router.py:synthetic_data_seed,[],assistant_synthetic_data_seed_post_07bfc4,assistant:write; never grants business authority,"[""payload"", ""current_empleado""]",current employee + effective faculty + object + organization/legal entity + portfolio/tournament; UNPROVEN,write_or_effect_candidate,trusted human approval of exact draft/version/amount/currency/destination/digest; recheck at commit,scoped source IDs/version and redacted durable receipt; writes need canonical transactional dedup + postcondition,"[""role/object/company deny"", ""revoked/expired"", ""isolation"", ""read purity"", ""exact confirmation/version"", ""retry/crash/no duplicates"", ""verified receipt""]",DISABLED; CANONICAL_SCOPE_UNPROVEN; route presence is not adapter or UI parity proof
ebade6960567,src/samchat/assistant/router.py,11277,synthetic_data_cleanup,POST,"[""/api/assistant/admin/synthetic-data/cleanup"", ""/copa-america/api/assistant/admin/synthetic-data/cleanup""]",/api/assistant/admin/synthetic-data/cleanup,"[""POST""]","[{""prefix"": """", ""evidence"": ""copa_telmex_dashboard.py:2244"", ""status"": ""include_router_static; conditional/runtime execution unverified""}, {""prefix"": ""/copa-america"", ""evidence"": ""copa_telmex_dashboard.py:2247"", ""status"": ""include_router_static; conditional/runtime execution unverified""}]",[],[],"[{""key"": ""assistant.shell"", ""roles"": [""admin"", ""superadmin"", ""super_admin""], ""actions"": [""ver""], ""evidence"": ""src/devnous/gastos/services/access_control_service.py:133""}]","UNPROVEN: guards/dependencies are evidence, not a complete effective-role matrix",assistant,live_entrypoint_static,"[""NO_LOCAL_GUARD_FOUND; inherited/middleware review required""]",ROUTE OWNER ONLY; service authority unproven: src/samchat/assistant/router.py:synthetic_data_cleanup,[],assistant_synthetic_data_cleanup_post_ebade6,assistant:write; never grants business authority,"[""payload"", ""current_empleado""]",current employee + effective faculty + object + organization/legal entity + portfolio/tournament; UNPROVEN,write_or_effect_candidate,trusted human approval of exact draft/version/amount/currency/destination/digest; recheck at commit,scoped source IDs/version and redacted durable receipt; writes need canonical transactional dedup + postcondition,"[""role/object/company deny"", ""revoked/expired"", ""isolation"", ""read purity"", ""exact confirmation/version"", ""retry/crash/no duplicates"", ""verified receipt""]",DISABLED; CANONICAL_SCOPE_UNPROVEN; route presence is not adapter or UI parity proof
97793c0ea3b4,src/samchat/assistant/router.py,11299,synthetic_data_reset_seed,POST,"[""/api/assistant/admin/synthetic-data/reset-seed"", ""/copa-america/api/assistant/admin/synthetic-data/reset-seed""]",/api/assistant/admin/synthetic-data/reset-seed,"[""POST""]","[{""prefix"": """", ""evidence"": ""copa_telmex_dashboard.py:2244"", ""status"": ""include_router_static; conditional/runtime execution unverified""}, {""prefix"": ""/copa-america"", ""evidence"": ""copa_telmex_dashboard.py:2247"", ""status"": ""include_router_static; conditional/runtime execution unverified""}]",[],[],"[{""key"": ""assistant.shell"", ""roles"": [""admin"", ""superadmin"", ""super_admin""], ""actions"": [""ver""], ""evidence"": ""src/devnous/gastos/services/access_control_service.py:133""}]","UNPROVEN: guards/dependencies are evidence, not a complete effective-role matrix",assistant,live_entrypoint_static,"[""NO_LOCAL_GUARD_FOUND; inherited/middleware review required""]",ROUTE OWNER ONLY; service authority unproven: src/samchat/assistant/router.py:synthetic_data_reset_seed,[],assistant_synthetic_data_reset_seed_post_97793c,assistant:write; never grants business authority,"[""payload"", ""current_empleado""]",current employee + effective faculty + object + organization/legal entity + portfolio/tournament; UNPROVEN,write_or_effect_candidate,trusted human approval of exact draft/version/amount/currency/destination/digest; recheck at commit,scoped source IDs/version and redacted durable receipt; writes need canonical transactional dedup + postcondition,"[""role/object/company deny"", ""revoked/expired"", ""isolation"", ""read purity"", ""exact confirmation/version"", ""retry/crash/no duplicates"", ""verified receipt""]",DISABLED; CANONICAL_SCOPE_UNPROVEN; route presence is not adapter or UI parity proof
6e6888a0ec95,src/samchat/assistant/router.py,11334,synthetic_data_job_status,GET,"[""/api/assistant/admin/synthetic-data/jobs/{job_id}"", ""/copa-america/api/assistant/admin/synthetic-data/jobs/{job_id}""]",/api/assistant/admin/synthetic-data/jobs/{job_id},"[""GET""]","[{""prefix"": """", ""evidence"": ""copa_telmex_dashboard.py:2244"", ""status"": ""include_router_static; conditional/runtime execution unverified""}, {""prefix"": ""/copa-america"", ""evidence"": ""copa_telmex_dashboard.py:2247"", ""status"": ""include_router_static; conditional/runtime execution unverified""}]",[],[],"[{""key"": ""assistant.shell"", ""roles"": [""admin"", ""superadmin"", ""super_admin""], ""actions"": [""ver""], ""evidence"": ""src/devnous/gastos/services/access_control_service.py:133""}]","UNPROVEN: guards/dependencies are evidence, not a complete effective-role matrix",assistant,live_entrypoint_static,"[""NO_LOCAL_GUARD_FOUND; inherited/middleware review required""]",ROUTE OWNER ONLY; service authority unproven: src/samchat/assistant/router.py:synthetic_data_job_status,[],assistant_synthetic_data_job_status_get_6e6888,assistant:read; never grants business authority,"[""job_id"", ""current_empleado""]",current employee + effective faculty + object + organization/legal entity + portfolio/tournament; UNPROVEN,read_candidate; side effects NOT verified,none only after read-purity proof,scoped source IDs/version and redacted durable receipt; writes need canonical transactional dedup + postcondition,"[""role/object/company deny"", ""revoked/expired"", ""isolation"", ""read purity""]",DISABLED; CANONICAL_SCOPE_UNPROVEN; route presence is not adapter or UI parity proof
9b42047a93a2,src/samchat/assistant/router.py,11350,synthetic_data_verify,GET,"[""/api/assistant/admin/synthetic-data/verify"", ""/copa-america/api/assistant/admin/synthetic-data/verify""]",/api/assistant/admin/synthetic-data/verify,"[""GET""]","[{""prefix"": """", ""evidence"": ""copa_telmex_dashboard.py:2244"", ""status"": ""include_router_static; conditional/runtime execution unverified""}, {""prefix"": ""/copa-america"", ""evidence"": ""copa_telmex_dashboard.py:2247"", ""status"": ""include_router_static; conditional/runtime execution unverified""}]",[],[],"[{""key"": ""assistant.shell"", ""roles"": [""admin"", ""superadmin"", ""super_admin""], ""actions"": [""ver""], ""evidence"": ""src/devnous/gastos/services/access_control_service.py:133""}]","UNPROVEN: guards/dependencies are evidence, not a complete effective-role matrix",assistant,live_entrypoint_static,"[""NO_LOCAL_GUARD_FOUND; inherited/middleware review required""]",ROUTE OWNER ONLY; service authority unproven: src/samchat/assistant/router.py:synthetic_data_verify,[],assistant_synthetic_data_verify_get_9b4204,assistant:read; never grants business authority,"[""current_empleado""]",current employee + effective faculty + object + organization/legal entity + portfolio/tournament; UNPROVEN,read_candidate; side effects NOT verified,none only after read-purity proof,scoped source IDs/version and redacted durable receipt; writes need canonical transactional dedup + postcondition,"[""role/object/company deny"", ""revoked/expired"", ""isolation"", ""read purity""]",DISABLED; CANONICAL_SCOPE_UNPROVEN; route presence is not adapter or UI parity proof
d9004177a432,src/samchat/assistant/router.py,11434,unified_audit_log,GET,"[""/api/assistant/admin/audit/unified"", ""/copa-america/api/assistant/admin/audit/unified""]",/api/assistant/admin/audit/unified,"[""GET""]","[{""prefix"": """", ""evidence"": ""copa_telmex_dashboard.py:2244"", ""status"": ""include_router_static; conditional/runtime execution unverified""}, {""prefix"": ""/copa-america"", ""evidence"": ""copa_telmex_dashboard.py:2247"", ""status"": ""include_router_static; conditional/runtime execution unverified""}]",[],[],"[{""key"": ""assistant.shell"", ""roles"": [""admin"", ""superadmin"", ""super_admin""], ""actions"": [""ver""], ""evidence"": ""src/devnous/gastos/services/access_control_service.py:133""}]","UNPROVEN: guards/dependencies are evidence, not a complete effective-role matrix",assistant,live_entrypoint_static,"[""NO_LOCAL_GUARD_FOUND; inherited/middleware review required""]",ROUTE OWNER ONLY; service authority unproven: src/samchat/assistant/router.py:unified_audit_log,[],assistant_unified_audit_log_get_d90041,assistant:read; never grants business authority,"[""days"", ""limit"", ""email"", ""conversation_id"", ""current_empleado""]",current employee + effective faculty + object + organization/legal entity + portfolio/tournament; UNPROVEN,read_candidate; side effects NOT verified,none only after read-purity proof,scoped source IDs/version and redacted durable receipt; writes need canonical transactional dedup + postcondition,"[""role/object/company deny"", ""revoked/expired"", ""isolation"", ""read purity""]",DISABLED; CANONICAL_SCOPE_UNPROVEN; route presence is not adapter or UI parity proof
ff9351025418,src/samchat/assistant/router.py,11606,admin_tournaments_create,POST,"[""/api/assistant/admin/tournaments"", ""/copa-america/api/assistant/admin/tournaments""]",/api/assistant/admin/tournaments,"[""POST""]","[{""prefix"": """", ""evidence"": ""copa_telmex_dashboard.py:2244"", ""status"": ""include_router_static; conditional/runtime execution unverified""}, {""prefix"": ""/copa-america"", ""evidence"": ""copa_telmex_dashboard.py:2247"", ""status"": ""include_router_static; conditional/runtime execution unverified""}]","[""src/samchat/assistant/router.py:5365:_can_manage_operations_console""]",[],"[{""key"": ""assistant.shell"", ""roles"": [""admin"", ""superadmin"", ""super_admin""], ""actions"": [""ver""], ""evidence"": ""src/devnous/gastos/services/access_control_service.py:133""}]","UNPROVEN: guards/dependencies are evidence, not a complete effective-role matrix",assistant,live_entrypoint_static,"[""NO_LOCAL_GUARD_FOUND; inherited/middleware review required""]",ROUTE OWNER ONLY; service authority unproven: src/samchat/assistant/router.py:admin_tournaments_create,[],assistant_admin_tournaments_create_post_ff9351,assistant:write; never grants business authority,"[""payload"", ""current_empleado""]",current employee + effective faculty + object + organization/legal entity + portfolio/tournament; UNPROVEN,write_or_effect_candidate,trusted human approval of exact draft/version/amount/currency/destination/digest; recheck at commit,scoped source IDs/version and redacted durable receipt; writes need canonical transactional dedup + postcondition,"[""role/object/company deny"", ""revoked/expired"", ""isolation"", ""read purity"", ""exact confirmation/version"", ""retry/crash/no duplicates"", ""verified receipt""]",DISABLED; CANONICAL_SCOPE_UNPROVEN; route presence is not adapter or UI parity proof
d66d4fa2516b,src/samchat/assistant/router.py,11641,admin_tournaments_update,PATCH,"[""/api/assistant/admin/tournaments/{tournament_id}"", ""/copa-america/api/assistant/admin/tournaments/{tournament_id}""]",/api/assistant/admin/tournaments/{tournament_id},"[""PATCH""]","[{""prefix"": """", ""evidence"": ""copa_telmex_dashboard.py:2244"", ""status"": ""include_router_static; conditional/runtime execution unverified""}, {""prefix"": ""/copa-america"", ""evidence"": ""copa_telmex_dashboard.py:2247"", ""status"": ""include_router_static; conditional/runtime execution unverified""}]","[""src/samchat/assistant/router.py:5365:_can_manage_operations_console""]",[],"[{""key"": ""assistant.shell"", ""roles"": [""admin"", ""superadmin"", ""super_admin""], ""actions"": [""ver""], ""evidence"": ""src/devnous/gastos/services/access_control_service.py:133""}]","UNPROVEN: guards/dependencies are evidence, not a complete effective-role matrix",assistant,live_entrypoint_static,"[""NO_LOCAL_GUARD_FOUND; inherited/middleware review required""]",ROUTE OWNER ONLY; service authority unproven: src/samchat/assistant/router.py:admin_tournaments_update,[],assistant_admin_tournaments_update_patch_d66d4f,assistant:write; never grants business authority,"[""tournament_id"", ""payload"", ""current_empleado""]",current employee + effective faculty + object + organization/legal entity + portfolio/tournament; UNPROVEN,write_or_effect_candidate,trusted human approval of exact draft/version/amount/currency/destination/digest; recheck at commit,scoped source IDs/version and redacted durable receipt; writes need canonical transactional dedup + postcondition,"[""role/object/company deny"", ""revoked/expired"", ""isolation"", ""read purity"", ""exact confirmation/version"", ""retry/crash/no duplicates"", ""verified receipt""]",DISABLED; CANONICAL_SCOPE_UNPROVEN; route presence is not adapter or UI parity proof
d39c0b46e261,src/samchat/assistant/router.py,11687,admin_invitations_list,GET,"[""/api/assistant/admin/invitations"", ""/copa-america/api/assistant/admin/invitations""]",/api/assistant/admin/invitations,"[""GET""]","[{""prefix"": """", ""evidence"": ""copa_telmex_dashboard.py:2244"", ""status"": ""include_router_static; conditional/runtime execution unverified""}, {""prefix"": ""/copa-america"", ""evidence"": ""copa_telmex_dashboard.py:2247"", ""status"": ""include_router_static; conditional/runtime execution unverified""}]","[""src/samchat/assistant/router.py:5365:_can_manage_operations_console""]",[],"[{""key"": ""assistant.shell"", ""roles"": [""admin"", ""superadmin"", ""super_admin""], ""actions"": [""ver""], ""evidence"": ""src/devnous/gastos/services/access_control_service.py:133""}]","UNPROVEN: guards/dependencies are evidence, not a complete effective-role matrix",assistant,live_entrypoint_static,"[""NO_LOCAL_GUARD_FOUND; inherited/middleware review required""]",ROUTE OWNER ONLY; service authority unproven: src/samchat/assistant/router.py:admin_invitations_list,[],assistant_admin_invitations_list_get_d39c0b,assistant:read; never grants business authority,"[""current_empleado""]",current employee + effective faculty + object + organization/legal entity + portfolio/tournament; UNPROVEN,read_candidate; side effects NOT verified,none only after read-purity proof,scoped source IDs/version and redacted durable receipt; writes need canonical transactional dedup + postcondition,"[""role/object/company deny"", ""revoked/expired"", ""isolation"", ""read purity""]",DISABLED; CANONICAL_SCOPE_UNPROVEN; route presence is not adapter or UI parity proof
c0e42058388d,src/samchat/assistant/router.py,11715,admin_invitations_create,POST,"[""/api/assistant/admin/invitations"", ""/copa-america/api/assistant/admin/invitations""]",/api/assistant/admin/invitations,"[""POST""]","[{""prefix"": """", ""evidence"": ""copa_telmex_dashboard.py:2244"", ""status"": ""include_router_static; conditional/runtime execution unverified""}, {""prefix"": ""/copa-america"", ""evidence"": ""copa_telmex_dashboard.py:2247"", ""status"": ""include_router_static; conditional/runtime execution unverified""}]","[""src/samchat/assistant/router.py:5365:_can_manage_operations_console""]",[],"[{""key"": ""assistant.shell"", ""roles"": [""admin"", ""superadmin"", ""super_admin""], ""actions"": [""ver""], ""evidence"": ""src/devnous/gastos/services/access_control_service.py:133""}]","UNPROVEN: guards/dependencies are evidence, not a complete effective-role matrix",assistant,live_entrypoint_static,"[""NO_LOCAL_GUARD_FOUND; inherited/middleware review required""]",ROUTE OWNER ONLY; service authority unproven: src/samchat/assistant/router.py:admin_invitations_create,[],assistant_admin_invitations_create_post_c0e420,assistant:write; never grants business authority,"[""payload"", ""current_empleado""]",current employee + effective faculty + object + organization/legal entity + portfolio/tournament; UNPROVEN,write_or_effect_candidate,trusted human approval of exact draft/version/amount/currency/destination/digest; recheck at commit,scoped source IDs/version and redacted durable receipt; writes need canonical transactional dedup + postcondition,"[""role/object/company deny"", ""revoked/expired"", ""isolation"", ""read purity"", ""exact confirmation/version"", ""retry/crash/no duplicates"", ""verified receipt""]",DISABLED; CANONICAL_SCOPE_UNPROVEN; route presence is not adapter or UI parity proof
c1ed667b2637,src/samchat/assistant/router.py,11766,admin_invitations_toggle,POST,"[""/api/assistant/admin/invitations/{invitation_id}/toggle"", ""/copa-america/api/assistant/admin/invitations/{invitation_id}/toggle""]",/api/assistant/admin/invitations/{invitation_id}/toggle,"[""POST""]","[{""prefix"": """", ""evidence"": ""copa_telmex_dashboard.py:2244"", ""status"": ""include_router_static; conditional/runtime execution unverified""}, {""prefix"": ""/copa-america"", ""evidence"": ""copa_telmex_dashboard.py:2247"", ""status"": ""include_router_static; conditional/runtime execution unverified""}]","[""src/samchat/assistant/router.py:5365:_can_manage_operations_console""]",[],"[{""key"": ""assistant.shell"", ""roles"": [""admin"", ""superadmin"", ""super_admin""], ""actions"": [""ver""], ""evidence"": ""src/devnous/gastos/services/access_control_service.py:133""}]","UNPROVEN: guards/dependencies are evidence, not a complete effective-role matrix",assistant,live_entrypoint_static,"[""NO_LOCAL_GUARD_FOUND; inherited/middleware review required""]",ROUTE OWNER ONLY; service authority unproven: src/samchat/assistant/router.py:admin_invitations_toggle,[],assistant_admin_invitations_toggle_post_c1ed66,assistant:write; never grants business authority,"[""invitation_id"", ""current_empleado""]",current employee + effective faculty + object + organization/legal entity + portfolio/tournament; UNPROVEN,write_or_effect_candidate,trusted human approval of exact draft/version/amount/currency/destination/digest; recheck at commit,scoped source IDs/version and redacted durable receipt; writes need canonical transactional dedup + postcondition,"[""role/object/company deny"", ""revoked/expired"", ""isolation"", ""read purity"", ""exact confirmation/version"", ""retry/crash/no duplicates"", ""verified receipt""]",DISABLED; CANONICAL_SCOPE_UNPROVEN; route presence is not adapter or UI parity proof
b4f9fb03cdbf,src/samchat/assistant/router.py,11818,admin_invitations_delete,DELETE,"[""/api/assistant/admin/invitations/{invitation_id}"", ""/copa-america/api/assistant/admin/invitations/{invitation_id}""]",/api/assistant/admin/invitations/{invitation_id},"[""DELETE""]","[{""prefix"": """", ""evidence"": ""copa_telmex_dashboard.py:2244"", ""status"": ""include_router_static; conditional/runtime execution unverified""}, {""prefix"": ""/copa-america"", ""evidence"": ""copa_telmex_dashboard.py:2247"", ""status"": ""include_router_static; conditional/runtime execution unverified""}]","[""src/samchat/assistant/router.py:5365:_can_manage_operations_console""]",[],"[{""key"": ""assistant.shell"", ""roles"": [""admin"", ""superadmin"", ""super_admin""], ""actions"": [""ver""], ""evidence"": ""src/devnous/gastos/services/access_control_service.py:133""}]","UNPROVEN: guards/dependencies are evidence, not a complete effective-role matrix",assistant,live_entrypoint_static,"[""NO_LOCAL_GUARD_FOUND; inherited/middleware review required""]",ROUTE OWNER ONLY; service authority unproven: src/samchat/assistant/router.py:admin_invitations_delete,[],assistant_admin_invitations_delete_delete_b4f9fb,assistant:write; never grants business authority,"[""invitation_id"", ""current_empleado""]",current employee + effective faculty + object + organization/legal entity + portfolio/tournament; UNPROVEN,write_or_effect_candidate,trusted human approval of exact draft/version/amount/currency/destination/digest; recheck at commit,scoped source IDs/version and redacted durable receipt; writes need canonical transactional dedup + postcondition,"[""role/object/company deny"", ""revoked/expired"", ""isolation"", ""read purity"", ""exact confirmation/version"", ""retry/crash/no duplicates"", ""verified receipt""]",DISABLED; CANONICAL_SCOPE_UNPROVEN; route presence is not adapter or UI parity proof
758e463721f5,src/samchat/assistant/router.py,11857,admin_email_campaigns_list,GET,"[""/api/assistant/admin/email/campaigns"", ""/copa-america/api/assistant/admin/email/campaigns""]",/api/assistant/admin/email/campaigns,"[""GET""]","[{""prefix"": """", ""evidence"": ""copa_telmex_dashboard.py:2244"", ""status"": ""include_router_static; conditional/runtime execution unverified""}, {""prefix"": ""/copa-america"", ""evidence"": ""copa_telmex_dashboard.py:2247"", ""status"": ""include_router_static; conditional/runtime execution unverified""}]","[""src/samchat/assistant/router.py:5365:_can_manage_operations_console""]",[],"[{""key"": ""assistant.shell"", ""roles"": [""admin"", ""superadmin"", ""super_admin""], ""actions"": [""ver""], ""evidence"": ""src/devnous/gastos/services/access_control_service.py:133""}]","UNPROVEN: guards/dependencies are evidence, not a complete effective-role matrix",assistant,live_entrypoint_static,"[""NO_LOCAL_GUARD_FOUND; inherited/middleware review required""]",ROUTE OWNER ONLY; service authority unproven: src/samchat/assistant/router.py:admin_email_campaigns_list,[],assistant_admin_email_campaigns_list_get_758e46,assistant:read; never grants business authority,"[""tournament_id"", ""current_empleado""]",current employee + effective faculty + object + organization/legal entity + portfolio/tournament; UNPROVEN,read_candidate; side effects NOT verified,none only after read-purity proof,scoped source IDs/version and redacted durable receipt; writes need canonical transactional dedup + postcondition,"[""role/object/company deny"", ""revoked/expired"", ""isolation"", ""read purity""]",DISABLED; CANONICAL_SCOPE_UNPROVEN; route presence is not adapter or UI parity proof
b1c42eb6b03b,src/samchat/assistant/router.py,11891,admin_email_campaigns_send,POST,"[""/api/assistant/admin/email/campaigns/send"", ""/copa-america/api/assistant/admin/email/campaigns/send""]",/api/assistant/admin/email/campaigns/send,"[""POST""]","[{""prefix"": """", ""evidence"": ""copa_telmex_dashboard.py:2244"", ""status"": ""include_router_static; conditional/runtime execution unverified""}, {""prefix"": ""/copa-america"", ""evidence"": ""copa_telmex_dashboard.py:2247"", ""status"": ""include_router_static; conditional/runtime execution unverified""}]","[""src/samchat/assistant/router.py:5365:_can_manage_operations_console""]",[],"[{""key"": ""assistant.shell"", ""roles"": [""admin"", ""superadmin"", ""super_admin""], ""actions"": [""ver""], ""evidence"": ""src/devnous/gastos/services/access_control_service.py:133""}]","UNPROVEN: guards/dependencies are evidence, not a complete effective-role matrix",assistant,live_entrypoint_static,"[""NO_LOCAL_GUARD_FOUND; inherited/middleware review required""]",ROUTE OWNER ONLY; service authority unproven: src/samchat/assistant/router.py:admin_email_campaigns_send,[],assistant_admin_email_campaigns_send_post_b1c42e,assistant:write; never grants business authority,"[""payload"", ""current_empleado""]",current employee + effective faculty + object + organization/legal entity + portfolio/tournament; UNPROVEN,write_or_effect_candidate,trusted human approval of exact draft/version/amount/currency/destination/digest; recheck at commit,scoped source IDs/version and redacted durable receipt; writes need canonical transactional dedup + postcondition,"[""role/object/company deny"", ""revoked/expired"", ""isolation"", ""read purity"", ""exact confirmation/version"", ""retry/crash/no duplicates"", ""verified receipt""]",DISABLED; CANONICAL_SCOPE_UNPROVEN; route presence is not adapter or UI parity proof
762bc55697a5,src/samchat/assistant/router.py,11934,admin_email_campaigns_schedule,POST,"[""/api/assistant/admin/email/campaigns/schedule"", ""/copa-america/api/assistant/admin/email/campaigns/schedule""]",/api/assistant/admin/email/campaigns/schedule,"[""POST""]","[{""prefix"": """", ""evidence"": ""copa_telmex_dashboard.py:2244"", ""status"": ""include_router_static; conditional/runtime execution unverified""}, {""prefix"": ""/copa-america"", ""evidence"": ""copa_telmex_dashboard.py:2247"", ""status"": ""include_router_static; conditional/runtime execution unverified""}]","[""src/samchat/assistant/router.py:5365:_can_manage_operations_console""]",[],"[{""key"": ""assistant.shell"", ""roles"": [""admin"", ""superadmin"", ""super_admin""], ""actions"": [""ver""], ""evidence"": ""src/devnous/gastos/services/access_control_service.py:133""}]","UNPROVEN: guards/dependencies are evidence, not a complete effective-role matrix",assistant,live_entrypoint_static,"[""NO_LOCAL_GUARD_FOUND; inherited/middleware review required""]",ROUTE OWNER ONLY; service authority unproven: src/samchat/assistant/router.py:admin_email_campaigns_schedule,[],assistant_admin_email_campaigns_schedule_post_762bc5,assistant:write; never grants business authority,"[""payload"", ""current_empleado""]",current employee + effective faculty + object + organization/legal entity + portfolio/tournament; UNPROVEN,write_or_effect_candidate,trusted human approval of exact draft/version/amount/currency/destination/digest; recheck at commit,scoped source IDs/version and redacted durable receipt; writes need canonical transactional dedup + postcondition,"[""role/object/company deny"", ""revoked/expired"", ""isolation"", ""read purity"", ""exact confirmation/version"", ""retry/crash/no duplicates"", ""verified receipt""]",DISABLED; CANONICAL_SCOPE_UNPROVEN; route presence is not adapter or UI parity proof
cbac5c03eb26,src/samchat/assistant/router.py,11999,admin_email_campaigns_cancel,POST,"[""/api/assistant/admin/email/campaigns/scheduled/{scheduled_email_id}/cancel"", ""/copa-america/api/assistant/admin/email/campaigns/scheduled/{scheduled_email_id}/cancel""]",/api/assistant/admin/email/campaigns/scheduled/{scheduled_email_id}/cancel,"[""POST""]","[{""prefix"": """", ""evidence"": ""copa_telmex_dashboard.py:2244"", ""status"": ""include_router_static; conditional/runtime execution unverified""}, {""prefix"": ""/copa-america"", ""evidence"": ""copa_telmex_dashboard.py:2247"", ""status"": ""include_router_static; conditional/runtime execution unverified""}]","[""src/samchat/assistant/router.py:5365:_can_manage_operations_console""]",[],"[{""key"": ""assistant.shell"", ""roles"": [""admin"", ""superadmin"", ""super_admin""], ""actions"": [""ver""], ""evidence"": ""src/devnous/gastos/services/access_control_service.py:133""}]","UNPROVEN: guards/dependencies are evidence, not a complete effective-role matrix",assistant,live_entrypoint_static,"[""NO_LOCAL_GUARD_FOUND; inherited/middleware review required""]",ROUTE OWNER ONLY; service authority unproven: src/samchat/assistant/router.py:admin_email_campaigns_cancel,[],assistant_admin_email_campaigns_cancel_post_cbac5c,assistant:write; never grants business authority,"[""scheduled_email_id"", ""tournament_id"", ""current_empleado""]",current employee + effective faculty + object + organization/legal entity + portfolio/tournament; UNPROVEN,write_or_effect_candidate,trusted human approval of exact draft/version/amount/currency/destination/digest; recheck at commit,scoped source IDs/version and redacted durable receipt; writes need canonical transactional dedup + postcondition,"[""role/object/company deny"", ""revoked/expired"", ""isolation"", ""read purity"", ""exact confirmation/version"", ""retry/crash/no duplicates"", ""verified receipt""]",DISABLED; CANONICAL_SCOPE_UNPROVEN; route presence is not adapter or UI parity proof
3a2749d6e31c,src/samchat/assistant/router.py,12054,admin_email_campaigns_delete,DELETE,"[""/api/assistant/admin/email/campaigns/scheduled/{scheduled_email_id}"", ""/copa-america/api/assistant/admin/email/campaigns/scheduled/{scheduled_email_id}""]",/api/assistant/admin/email/campaigns/scheduled/{scheduled_email_id},"[""DELETE""]","[{""prefix"": """", ""evidence"": ""copa_telmex_dashboard.py:2244"", ""status"": ""include_router_static; conditional/runtime execution unverified""}, {""prefix"": ""/copa-america"", ""evidence"": ""copa_telmex_dashboard.py:2247"", ""status"": ""include_router_static; conditional/runtime execution unverified""}]","[""src/samchat/assistant/router.py:5365:_can_manage_operations_console""]",[],"[{""key"": ""assistant.shell"", ""roles"": [""admin"", ""superadmin"", ""super_admin""], ""actions"": [""ver""], ""evidence"": ""src/devnous/gastos/services/access_control_service.py:133""}]","UNPROVEN: guards/dependencies are evidence, not a complete effective-role matrix",assistant,live_entrypoint_static,"[""NO_LOCAL_GUARD_FOUND; inherited/middleware review required""]",ROUTE OWNER ONLY; service authority unproven: src/samchat/assistant/router.py:admin_email_campaigns_delete,[],assistant_admin_email_campaigns_delete_delete_3a2749,assistant:write; never grants business authority,"[""scheduled_email_id"", ""tournament_id"", ""current_empleado""]",current employee + effective faculty + object + organization/legal entity + portfolio/tournament; UNPROVEN,write_or_effect_candidate,trusted human approval of exact draft/version/amount/currency/destination/digest; recheck at commit,scoped source IDs/version and redacted durable receipt; writes need canonical transactional dedup + postcondition,"[""role/object/company deny"", ""revoked/expired"", ""isolation"", ""read purity"", ""exact confirmation/version"", ""retry/crash/no duplicates"", ""verified receipt""]",DISABLED; CANONICAL_SCOPE_UNPROVEN; route presence is not adapter or UI parity proof
7dd83348741d,src/samchat/assistant/router.py,12106,list_messages,GET,"[""/api/assistant/conversations/{conversation_id}/messages"", ""/copa-america/api/assistant/conversations/{conversation_id}/messages""]",/api/assistant/conversations/{conversation_id}/messages,"[""GET""]","[{""prefix"": """", ""evidence"": ""copa_telmex_dashboard.py:2244"", ""status"": ""include_router_static; conditional/runtime execution unverified""}, {""prefix"": ""/copa-america"", ""evidence"": ""copa_telmex_dashboard.py:2247"", ""status"": ""include_router_static; conditional/runtime execution unverified""}]",[],[],"[{""key"": ""assistant.shell"", ""roles"": [""admin"", ""superadmin"", ""super_admin""], ""actions"": [""ver""], ""evidence"": ""src/devnous/gastos/services/access_control_service.py:133""}]","UNPROVEN: guards/dependencies are evidence, not a complete effective-role matrix",assistant,live_entrypoint_static,"[""NO_LOCAL_GUARD_FOUND; inherited/middleware review required""]",ROUTE OWNER ONLY; service authority unproven: src/samchat/assistant/router.py:list_messages,[],assistant_list_messages_get_7dd833,assistant:read; never grants business authority,"[""conversation_id"", ""current_empleado""]",current employee + effective faculty + object + organization/legal entity + portfolio/tournament; UNPROVEN,read_candidate; side effects NOT verified,none only after read-purity proof,scoped source IDs/version and redacted durable receipt; writes need canonical transactional dedup + postcondition,"[""role/object/company deny"", ""revoked/expired"", ""isolation"", ""read purity""]",DISABLED; CANONICAL_SCOPE_UNPROVEN; route presence is not adapter or UI parity proof
fc7003e56ebc,src/samchat/assistant/router.py,12140,export_assistant_report,POST,"[""/api/assistant/reports/export"", ""/copa-america/api/assistant/reports/export""]",/api/assistant/reports/export,"[""POST""]","[{""prefix"": """", ""evidence"": ""copa_telmex_dashboard.py:2244"", ""status"": ""include_router_static; conditional/runtime execution unverified""}, {""prefix"": ""/copa-america"", ""evidence"": ""copa_telmex_dashboard.py:2247"", ""status"": ""include_router_static; conditional/runtime execution unverified""}]",[],[],"[{""key"": ""assistant.shell"", ""roles"": [""admin"", ""superadmin"", ""super_admin""], ""actions"": [""ver""], ""evidence"": ""src/devnous/gastos/services/access_control_service.py:133""}]","UNPROVEN: guards/dependencies are evidence, not a complete effective-role matrix",assistant,live_entrypoint_static,"[""(await session.execute(select(AssistantRun).where(AssistantRun.conversation_id == conversation.id, AssistantRun.empleado_id == current_empleado.id, AssistantRun.status == 'completed').order_by(desc(AssistantRun.created_at)).limit(1))).scalar_one_or_none()"", ""(await session.execute(select(AssistantRun).where(AssistantRun.id == run_uuid, AssistantRun.conversation_id == conversation.id, AssistantRun.empleado_id == current_empleado.id))).scalar_one_or_none()"", ""select(AssistantRun).where(AssistantRun.conversation_id == conversation.id, AssistantRun.empleado_id == current_empleado.id, AssistantRun.status == 'completed').order_by(desc(AssistantRun.created_at))"", ""select(AssistantRun).where(AssistantRun.conversation_id == conversation.id, AssistantRun.empleado_id == current_empleado.id, AssistantRun.status == 'completed').order_by(desc(AssistantRun.created_at)).limit(1)""]",ROUTE OWNER ONLY; service authority unproven: src/samchat/assistant/router.py:export_assistant_report,[],assistant_export_assistant_report_post_fc7003,assistant:write; never grants business authority,"[""payload"", ""current_empleado""]",current employee + effective faculty + object + organization/legal entity + portfolio/tournament; UNPROVEN,write_or_effect_candidate,trusted human approval of exact draft/version/amount/currency/destination/digest; recheck at commit,scoped source IDs/version and redacted durable receipt; writes need canonical transactional dedup + postcondition,"[""role/object/company deny"", ""revoked/expired"", ""isolation"", ""read purity"", ""exact confirmation/version"", ""retry/crash/no duplicates"", ""verified receipt""]",DISABLED; CANONICAL_SCOPE_UNPROVEN; route presence is not adapter or UI parity proof
bc477b31d163,src/samchat/assistant/router.py,12230,assistant_reports_executive,POST,"[""/api/assistant/reports/executive"", ""/copa-america/api/assistant/reports/executive""]",/api/assistant/reports/executive,"[""POST""]","[{""prefix"": """", ""evidence"": ""copa_telmex_dashboard.py:2244"", ""status"": ""include_router_static; conditional/runtime execution unverified""}, {""prefix"": ""/copa-america"", ""evidence"": ""copa_telmex_dashboard.py:2247"", ""status"": ""include_router_static; conditional/runtime execution unverified""}]",[],[],"[{""key"": ""assistant.shell"", ""roles"": [""admin"", ""superadmin"", ""super_admin""], ""actions"": [""ver""], ""evidence"": ""src/devnous/gastos/services/access_control_service.py:133""}]","UNPROVEN: guards/dependencies are evidence, not a complete effective-role matrix",assistant,live_entrypoint_static,"[""NO_LOCAL_GUARD_FOUND; inherited/middleware review required""]",ROUTE OWNER ONLY; service authority unproven: src/samchat/assistant/router.py:assistant_reports_executive,"[""_build_executive_dashboard""]",assistant_assistant_reports_executive_post_bc477b,assistant:write; never grants business authority,"[""payload"", ""current_empleado""]",current employee + effective faculty + object + organization/legal entity + portfolio/tournament; UNPROVEN,write_or_effect_candidate,trusted human approval of exact draft/version/amount/currency/destination/digest; recheck at commit,scoped source IDs/version and redacted durable receipt; writes need canonical transactional dedup + postcondition,"[""role/object/company deny"", ""revoked/expired"", ""isolation"", ""read purity"", ""exact confirmation/version"", ""retry/crash/no duplicates"", ""verified receipt""]",DISABLED; CANONICAL_SCOPE_UNPROVEN; route presence is not adapter or UI parity proof
18dd91e163d9,src/samchat/assistant/router.py,12246,assistant_reports_alerts,POST,"[""/api/assistant/reports/alerts"", ""/copa-america/api/assistant/reports/alerts""]",/api/assistant/reports/alerts,"[""POST""]","[{""prefix"": """", ""evidence"": ""copa_telmex_dashboard.py:2244"", ""status"": ""include_router_static; conditional/runtime execution unverified""}, {""prefix"": ""/copa-america"", ""evidence"": ""copa_telmex_dashboard.py:2247"", ""status"": ""include_router_static; conditional/runtime execution unverified""}]",[],[],"[{""key"": ""assistant.shell"", ""roles"": [""admin"", ""superadmin"", ""super_admin""], ""actions"": [""ver""], ""evidence"": ""src/devnous/gastos/services/access_control_service.py:133""}]","UNPROVEN: guards/dependencies are evidence, not a complete effective-role matrix",assistant,live_entrypoint_static,"[""NO_LOCAL_GUARD_FOUND; inherited/middleware review required""]",ROUTE OWNER ONLY; service authority unproven: src/samchat/assistant/router.py:assistant_reports_alerts,"[""_build_automatic_alerts""]",assistant_assistant_reports_alerts_post_18dd91,assistant:write; never grants business authority,"[""payload"", ""current_empleado""]",current employee + effective faculty + object + organization/legal entity + portfolio/tournament; UNPROVEN,write_or_effect_candidate,trusted human approval of exact draft/version/amount/currency/destination/digest; recheck at commit,scoped source IDs/version and redacted durable receipt; writes need canonical transactional dedup + postcondition,"[""role/object/company deny"", ""revoked/expired"", ""isolation"", ""read purity"", ""exact confirmation/version"", ""retry/crash/no duplicates"", ""verified receipt""]",DISABLED; CANONICAL_SCOPE_UNPROVEN; route presence is not adapter or UI parity proof
144f370c2536,src/samchat/assistant/router.py,13504,admin_tournament_expediente_snapshot,GET,"[""/api/assistant/admin/tournaments/{tournament_id}/expediente-snapshot"", ""/copa-america/api/assistant/admin/tournaments/{tournament_id}/expediente-snapshot""]",/api/assistant/admin/tournaments/{tournament_id}/expediente-snapshot,"[""GET""]","[{""prefix"": """", ""evidence"": ""copa_telmex_dashboard.py:2244"", ""status"": ""include_router_static; conditional/runtime execution unverified""}, {""prefix"": ""/copa-america"", ""evidence"": ""copa_telmex_dashboard.py:2247"", ""status"": ""include_router_static; conditional/runtime execution unverified""}]","[""src/samchat/assistant/router.py:5365:_can_manage_operations_console"", ""src/samchat/assistant/router.py:5391:_can_view_finance_console""]",[],"[{""key"": ""assistant.shell"", ""roles"": [""admin"", ""superadmin"", ""super_admin""], ""actions"": [""ver""], ""evidence"": ""src/devnous/gastos/services/access_control_service.py:133""}]","UNPROVEN: guards/dependencies are evidence, not a complete effective-role matrix",assistant,live_entrypoint_static,"[""NO_LOCAL_GUARD_FOUND; inherited/middleware review required""]",ROUTE OWNER ONLY; service authority unproven: src/samchat/assistant/router.py:admin_tournament_expediente_snapshot,"[""_build_tournament_expediente_snapshot""]",assistant_admin_tournament_expediente_snapshot_get_144f37,assistant:read; never grants business authority,"[""tournament_id"", ""include_finance"", ""current_empleado""]",current employee + effective faculty + object + organization/legal entity + portfolio/tournament; UNPROVEN,read_candidate; side effects NOT verified,none only after read-purity proof,scoped source IDs/version and redacted durable receipt; writes need canonical transactional dedup + postcondition,"[""role/object/company deny"", ""revoked/expired"", ""isolation"", ""read purity""]",DISABLED; CANONICAL_SCOPE_UNPROVEN; route presence is not adapter or UI parity proof
60c9d805ba3f,src/samchat/assistant/router.py,13530,admin_tournament_soul_snapshot,GET,"[""/api/assistant/admin/tournaments/{tournament_id}/soul-snapshot"", ""/copa-america/api/assistant/admin/tournaments/{tournament_id}/soul-snapshot""]",/api/assistant/admin/tournaments/{tournament_id}/soul-snapshot,"[""GET""]","[{""prefix"": """", ""evidence"": ""copa_telmex_dashboard.py:2244"", ""status"": ""include_router_static; conditional/runtime execution unverified""}, {""prefix"": ""/copa-america"", ""evidence"": ""copa_telmex_dashboard.py:2247"", ""status"": ""include_router_static; conditional/runtime execution unverified""}]","[""src/samchat/assistant/router.py:5365:_can_manage_operations_console""]",[],"[{""key"": ""assistant.shell"", ""roles"": [""admin"", ""superadmin"", ""super_admin""], ""actions"": [""ver""], ""evidence"": ""src/devnous/gastos/services/access_control_service.py:133""}]","UNPROVEN: guards/dependencies are evidence, not a complete effective-role matrix",assistant,live_entrypoint_static,"[""NO_LOCAL_GUARD_FOUND; inherited/middleware review required""]",ROUTE OWNER ONLY; service authority unproven: src/samchat/assistant/router.py:admin_tournament_soul_snapshot,"[""build_tournament_soul_snapshot""]",assistant_admin_tournament_soul_snapshot_get_60c9d8,assistant:read; never grants business authority,"[""tournament_id"", ""include_media"", ""include_communications"", ""limit"", ""current_empleado""]",current employee + effective faculty + object + organization/legal entity + portfolio/tournament; UNPROVEN,read_candidate; side effects NOT verified,none only after read-purity proof,scoped source IDs/version and redacted durable receipt; writes need canonical transactional dedup + postcondition,"[""role/object/company deny"", ""revoked/expired"", ""isolation"", ""read purity""]",DISABLED; CANONICAL_SCOPE_UNPROVEN; route presence is not adapter or UI parity proof
70625461dcc2,src/samchat/assistant/router.py,13558,admin_tournament_budget_snapshot,GET,"[""/api/assistant/admin/tournaments/{tournament_id}/budget-snapshot"", ""/copa-america/api/assistant/admin/tournaments/{tournament_id}/budget-snapshot""]",/api/assistant/admin/tournaments/{tournament_id}/budget-snapshot,"[""GET""]","[{""prefix"": """", ""evidence"": ""copa_telmex_dashboard.py:2244"", ""status"": ""include_router_static; conditional/runtime execution unverified""}, {""prefix"": ""/copa-america"", ""evidence"": ""copa_telmex_dashboard.py:2247"", ""status"": ""include_router_static; conditional/runtime execution unverified""}]","[""src/samchat/assistant/router.py:5391:_can_view_finance_console""]",[],"[{""key"": ""assistant.shell"", ""roles"": [""admin"", ""superadmin"", ""super_admin""], ""actions"": [""ver""], ""evidence"": ""src/devnous/gastos/services/access_control_service.py:133""}]","UNPROVEN: guards/dependencies are evidence, not a complete effective-role matrix",budgets,live_entrypoint_static,"[""NO_LOCAL_GUARD_FOUND; inherited/middleware review required""]",ROUTE OWNER ONLY; service authority unproven: src/samchat/assistant/router.py:admin_tournament_budget_snapshot,"[""build_budget_snapshot""]",budgets_admin_tournament_budget_snapshot_get_706254,budgets:read; never grants business authority,"[""tournament_id"", ""edition_year"", ""current_empleado""]",current employee + effective faculty + object + organization/legal entity + portfolio/tournament; UNPROVEN,read_candidate; side effects NOT verified,none only after read-purity proof,scoped source IDs/version and redacted durable receipt; writes need canonical transactional dedup + postcondition,"[""role/object/company deny"", ""revoked/expired"", ""isolation"", ""read purity""]",DISABLED; CANONICAL_SCOPE_UNPROVEN; route presence is not adapter or UI parity proof
5ffaacd8730d,src/samchat/assistant/router.py,13589,admin_budget_versions,GET,"[""/api/assistant/admin/budgets/versions"", ""/copa-america/api/assistant/admin/budgets/versions""]",/api/assistant/admin/budgets/versions,"[""GET""]","[{""prefix"": """", ""evidence"": ""copa_telmex_dashboard.py:2244"", ""status"": ""include_router_static; conditional/runtime execution unverified""}, {""prefix"": ""/copa-america"", ""evidence"": ""copa_telmex_dashboard.py:2247"", ""status"": ""include_router_static; conditional/runtime execution unverified""}]","[""src/samchat/assistant/router.py:5391:_can_view_finance_console""]",[],"[{""key"": ""assistant.shell"", ""roles"": [""admin"", ""superadmin"", ""super_admin""], ""actions"": [""ver""], ""evidence"": ""src/devnous/gastos/services/access_control_service.py:133""}]","UNPROVEN: guards/dependencies are evidence, not a complete effective-role matrix",budgets,live_entrypoint_static,"[""NO_LOCAL_GUARD_FOUND; inherited/middleware review required""]",ROUTE OWNER ONLY; service authority unproven: src/samchat/assistant/router.py:admin_budget_versions,[],budgets_admin_budget_versions_get_5ffaac,budgets:read; never grants business authority,"[""edition_year"", ""current_empleado""]",current employee + effective faculty + object + organization/legal entity + portfolio/tournament; UNPROVEN,read_candidate; side effects NOT verified,none only after read-purity proof,scoped source IDs/version and redacted durable receipt; writes need canonical transactional dedup + postcondition,"[""role/object/company deny"", ""revoked/expired"", ""isolation"", ""read purity""]",DISABLED; CANONICAL_SCOPE_UNPROVEN; route presence is not adapter or UI parity proof
1da1d5256b63,src/samchat/assistant/router.py,13604,admin_budget_version_update,PATCH,"[""/api/assistant/admin/budgets/versions/{version_id}/metadata"", ""/copa-america/api/assistant/admin/budgets/versions/{version_id}/metadata""]",/api/assistant/admin/budgets/versions/{version_id}/metadata,"[""PATCH""]","[{""prefix"": """", ""evidence"": ""copa_telmex_dashboard.py:2244"", ""status"": ""include_router_static; conditional/runtime execution unverified""}, {""prefix"": ""/copa-america"", ""evidence"": ""copa_telmex_dashboard.py:2247"", ""status"": ""include_router_static; conditional/runtime execution unverified""}]","[""src/samchat/assistant/router.py:5391:_can_view_finance_console""]",[],"[{""key"": ""assistant.shell"", ""roles"": [""admin"", ""superadmin"", ""super_admin""], ""actions"": [""ver""], ""evidence"": ""src/devnous/gastos/services/access_control_service.py:133""}]","UNPROVEN: guards/dependencies are evidence, not a complete effective-role matrix",budgets,live_entrypoint_static,"[""NO_LOCAL_GUARD_FOUND; inherited/middleware review required""]",ROUTE OWNER ONLY; service authority unproven: src/samchat/assistant/router.py:admin_budget_version_update,[],budgets_admin_budget_version_update_patch_1da1d5,budgets:write; never grants business authority,"[""version_id"", ""payload"", ""current_empleado""]",current employee + effective faculty + object + organization/legal entity + portfolio/tournament; UNPROVEN,write_or_effect_candidate,trusted human approval of exact draft/version/amount/currency/destination/digest; recheck at commit,scoped source IDs/version and redacted durable receipt; writes need canonical transactional dedup + postcondition,"[""role/object/company deny"", ""revoked/expired"", ""isolation"", ""read purity"", ""exact confirmation/version"", ""retry/crash/no duplicates"", ""verified receipt""]",DISABLED; CANONICAL_SCOPE_UNPROVEN; route presence is not adapter or UI parity proof
b79ca5c752b2,src/samchat/assistant/router.py,13629,admin_budget_version_transition,PATCH,"[""/api/assistant/admin/budgets/versions/{version_id}"", ""/copa-america/api/assistant/admin/budgets/versions/{version_id}""]",/api/assistant/admin/budgets/versions/{version_id},"[""PATCH""]","[{""prefix"": """", ""evidence"": ""copa_telmex_dashboard.py:2244"", ""status"": ""include_router_static; conditional/runtime execution unverified""}, {""prefix"": ""/copa-america"", ""evidence"": ""copa_telmex_dashboard.py:2247"", ""status"": ""include_router_static; conditional/runtime execution unverified""}]","[""src/samchat/assistant/router.py:5391:_can_view_finance_console""]",[],"[{""key"": ""assistant.shell"", ""roles"": [""admin"", ""superadmin"", ""super_admin""], ""actions"": [""ver""], ""evidence"": ""src/devnous/gastos/services/access_control_service.py:133""}]","UNPROVEN: guards/dependencies are evidence, not a complete effective-role matrix",budgets,live_entrypoint_static,"[""NO_LOCAL_GUARD_FOUND; inherited/middleware review required""]",ROUTE OWNER ONLY; service authority unproven: src/samchat/assistant/router.py:admin_budget_version_transition,[],budgets_admin_budget_version_transition_patch_b79ca5,budgets:write; never grants business authority,"[""version_id"", ""payload"", ""current_empleado""]",current employee + effective faculty + object + organization/legal entity + portfolio/tournament; UNPROVEN,write_or_effect_candidate,trusted human approval of exact draft/version/amount/currency/destination/digest; recheck at commit,scoped source IDs/version and redacted durable receipt; writes need canonical transactional dedup + postcondition,"[""role/object/company deny"", ""revoked/expired"", ""isolation"", ""read purity"", ""exact confirmation/version"", ""retry/crash/no duplicates"", ""verified receipt""]",DISABLED; CANONICAL_SCOPE_UNPROVEN; route presence is not adapter or UI parity proof
2f497c529192,src/samchat/assistant/router.py,13654,admin_budget_version_lines,GET,"[""/api/assistant/admin/budgets/versions/{version_id}/lines"", ""/copa-america/api/assistant/admin/budgets/versions/{version_id}/lines""]",/api/assistant/admin/budgets/versions/{version_id}/lines,"[""GET""]","[{""prefix"": """", ""evidence"": ""copa_telmex_dashboard.py:2244"", ""status"": ""include_router_static; conditional/runtime execution unverified""}, {""prefix"": ""/copa-america"", ""evidence"": ""copa_telmex_dashboard.py:2247"", ""status"": ""include_router_static; conditional/runtime execution unverified""}]","[""src/samchat/assistant/router.py:5391:_can_view_finance_console""]",[],"[{""key"": ""assistant.shell"", ""roles"": [""admin"", ""superadmin"", ""super_admin""], ""actions"": [""ver""], ""evidence"": ""src/devnous/gastos/services/access_control_service.py:133""}]","UNPROVEN: guards/dependencies are evidence, not a complete effective-role matrix",budgets,live_entrypoint_static,"[""NO_LOCAL_GUARD_FOUND; inherited/middleware review required""]",ROUTE OWNER ONLY; service authority unproven: src/samchat/assistant/router.py:admin_budget_version_lines,[],budgets_admin_budget_version_lines_get_2f497c,budgets:read; never grants business authority,"[""version_id"", ""tournament_id"", ""limit"", ""current_empleado""]",current employee + effective faculty + object + organization/legal entity + portfolio/tournament; UNPROVEN,read_candidate; side effects NOT verified,none only after read-purity proof,scoped source IDs/version and redacted durable receipt; writes need canonical transactional dedup + postcondition,"[""role/object/company deny"", ""revoked/expired"", ""isolation"", ""read purity""]",DISABLED; CANONICAL_SCOPE_UNPROVEN; route presence is not adapter or UI parity proof
7c8f0fcb2383,src/samchat/assistant/router.py,13679,admin_budget_line_update,PATCH,"[""/api/assistant/admin/budgets/lines/{line_id}"", ""/copa-america/api/assistant/admin/budgets/lines/{line_id}""]",/api/assistant/admin/budgets/lines/{line_id},"[""PATCH""]","[{""prefix"": """", ""evidence"": ""copa_telmex_dashboard.py:2244"", ""status"": ""include_router_static; conditional/runtime execution unverified""}, {""prefix"": ""/copa-america"", ""evidence"": ""copa_telmex_dashboard.py:2247"", ""status"": ""include_router_static; conditional/runtime execution unverified""}]","[""src/samchat/assistant/router.py:5391:_can_view_finance_console""]",[],"[{""key"": ""assistant.shell"", ""roles"": [""admin"", ""superadmin"", ""super_admin""], ""actions"": [""ver""], ""evidence"": ""src/devnous/gastos/services/access_control_service.py:133""}]","UNPROVEN: guards/dependencies are evidence, not a complete effective-role matrix",budgets,live_entrypoint_static,"[""NO_LOCAL_GUARD_FOUND; inherited/middleware review required""]",ROUTE OWNER ONLY; service authority unproven: src/samchat/assistant/router.py:admin_budget_line_update,[],budgets_admin_budget_line_update_patch_7c8f0f,budgets:write; never grants business authority,"[""line_id"", ""payload"", ""current_empleado""]",current employee + effective faculty + object + organization/legal entity + portfolio/tournament; UNPROVEN,write_or_effect_candidate,trusted human approval of exact draft/version/amount/currency/destination/digest; recheck at commit,scoped source IDs/version and redacted durable receipt; writes need canonical transactional dedup + postcondition,"[""role/object/company deny"", ""revoked/expired"", ""isolation"", ""read purity"", ""exact confirmation/version"", ""retry/crash/no duplicates"", ""verified receipt""]",DISABLED; CANONICAL_SCOPE_UNPROVEN; route presence is not adapter or UI parity proof
3d37214edfee,src/samchat/assistant/router.py,13703,admin_tournament_contract_drafts,GET,"[""/api/assistant/admin/tournaments/{tournament_id}/contract-drafts"", ""/copa-america/api/assistant/admin/tournaments/{tournament_id}/contract-drafts""]",/api/assistant/admin/tournaments/{tournament_id}/contract-drafts,"[""GET""]","[{""prefix"": """", ""evidence"": ""copa_telmex_dashboard.py:2244"", ""status"": ""include_router_static; conditional/runtime execution unverified""}, {""prefix"": ""/copa-america"", ""evidence"": ""copa_telmex_dashboard.py:2247"", ""status"": ""include_router_static; conditional/runtime execution unverified""}]","[""src/samchat/assistant/router.py:5365:_can_manage_operations_console""]",[],"[{""key"": ""assistant.shell"", ""roles"": [""admin"", ""superadmin"", ""super_admin""], ""actions"": [""ver""], ""evidence"": ""src/devnous/gastos/services/access_control_service.py:133""}]","UNPROVEN: guards/dependencies are evidence, not a complete effective-role matrix",assistant,live_entrypoint_static,"[""NO_LOCAL_GUARD_FOUND; inherited/middleware review required""]",ROUTE OWNER ONLY; service authority unproven: src/samchat/assistant/router.py:admin_tournament_contract_drafts,[],assistant_admin_tournament_contract_drafts_get_3d3721,assistant:read; never grants business authority,"[""tournament_id"", ""current_empleado""]",current employee + effective faculty + object + organization/legal entity + portfolio/tournament; UNPROVEN,read_candidate; side effects NOT verified,none only after read-purity proof,scoped source IDs/version and redacted durable receipt; writes need canonical transactional dedup + postcondition,"[""role/object/company deny"", ""revoked/expired"", ""isolation"", ""read purity""]",DISABLED; CANONICAL_SCOPE_UNPROVEN; route presence is not adapter or UI parity proof
95a2fd36001a,src/samchat/assistant/router.py,13727,admin_tournament_contract_draft_create,POST,"[""/api/assistant/admin/tournaments/{tournament_id}/contract-drafts"", ""/copa-america/api/assistant/admin/tournaments/{tournament_id}/contract-drafts""]",/api/assistant/admin/tournaments/{tournament_id}/contract-drafts,"[""POST""]","[{""prefix"": """", ""evidence"": ""copa_telmex_dashboard.py:2244"", ""status"": ""include_router_static; conditional/runtime execution unverified""}, {""prefix"": ""/copa-america"", ""evidence"": ""copa_telmex_dashboard.py:2247"", ""status"": ""include_router_static; conditional/runtime execution unverified""}]","[""src/samchat/assistant/router.py:5365:_can_manage_operations_console""]",[],"[{""key"": ""assistant.shell"", ""roles"": [""admin"", ""superadmin"", ""super_admin""], ""actions"": [""ver""], ""evidence"": ""src/devnous/gastos/services/access_control_service.py:133""}]","UNPROVEN: guards/dependencies are evidence, not a complete effective-role matrix",assistant,live_entrypoint_static,"[""NO_LOCAL_GUARD_FOUND; inherited/middleware review required""]",ROUTE OWNER ONLY; service authority unproven: src/samchat/assistant/router.py:admin_tournament_contract_draft_create,[],assistant_admin_tournament_contract_draft_create_post_95a2fd,assistant:write; never grants business authority,"[""tournament_id"", ""payload"", ""current_empleado""]",current employee + effective faculty + object + organization/legal entity + portfolio/tournament; UNPROVEN,write_or_effect_candidate,trusted human approval of exact draft/version/amount/currency/destination/digest; recheck at commit,scoped source IDs/version and redacted durable receipt; writes need canonical transactional dedup + postcondition,"[""role/object/company deny"", ""revoked/expired"", ""isolation"", ""read purity"", ""exact confirmation/version"", ""retry/crash/no duplicates"", ""verified receipt""]",DISABLED; CANONICAL_SCOPE_UNPROVEN; route presence is not adapter or UI parity proof
2d8abe89deb4,src/samchat/assistant/router.py,13852,admin_tournament_contract_draft_update,PATCH,"[""/api/assistant/admin/tournaments/{tournament_id}/contract-drafts/{draft_id}"", ""/copa-america/api/assistant/admin/tournaments/{tournament_id}/contract-drafts/{draft_id}""]",/api/assistant/admin/tournaments/{tournament_id}/contract-drafts/{draft_id},"[""PATCH""]","[{""prefix"": """", ""evidence"": ""copa_telmex_dashboard.py:2244"", ""status"": ""include_router_static; conditional/runtime execution unverified""}, {""prefix"": ""/copa-america"", ""evidence"": ""copa_telmex_dashboard.py:2247"", ""status"": ""include_router_static; conditional/runtime execution unverified""}]","[""src/samchat/assistant/router.py:5365:_can_manage_operations_console""]",[],"[{""key"": ""assistant.shell"", ""roles"": [""admin"", ""superadmin"", ""super_admin""], ""actions"": [""ver""], ""evidence"": ""src/devnous/gastos/services/access_control_service.py:133""}]","UNPROVEN: guards/dependencies are evidence, not a complete effective-role matrix",assistant,live_entrypoint_static,"[""NO_LOCAL_GUARD_FOUND; inherited/middleware review required""]",ROUTE OWNER ONLY; service authority unproven: src/samchat/assistant/router.py:admin_tournament_contract_draft_update,[],assistant_admin_tournament_contract_draft_update_patch_2d8abe,assistant:write; never grants business authority,"[""tournament_id"", ""draft_id"", ""payload"", ""current_empleado""]",current employee + effective faculty + object + organization/legal entity + portfolio/tournament; UNPROVEN,write_or_effect_candidate,trusted human approval of exact draft/version/amount/currency/destination/digest; recheck at commit,scoped source IDs/version and redacted durable receipt; writes need canonical transactional dedup + postcondition,"[""role/object/company deny"", ""revoked/expired"", ""isolation"", ""read purity"", ""exact confirmation/version"", ""retry/crash/no duplicates"", ""verified receipt""]",DISABLED; CANONICAL_SCOPE_UNPROVEN; route presence is not adapter or UI parity proof
b79440b088b6,src/samchat/assistant/router.py,13901,admin_tournament_contract_draft_apply,POST,"[""/api/assistant/admin/tournaments/{tournament_id}/contract-drafts/{draft_id}/apply"", ""/copa-america/api/assistant/admin/tournaments/{tournament_id}/contract-drafts/{draft_id}/apply""]",/api/assistant/admin/tournaments/{tournament_id}/contract-drafts/{draft_id}/apply,"[""POST""]","[{""prefix"": """", ""evidence"": ""copa_telmex_dashboard.py:2244"", ""status"": ""include_router_static; conditional/runtime execution unverified""}, {""prefix"": ""/copa-america"", ""evidence"": ""copa_telmex_dashboard.py:2247"", ""status"": ""include_router_static; conditional/runtime execution unverified""}]","[""src/samchat/assistant/router.py:5365:_can_manage_operations_console""]",[],"[{""key"": ""assistant.shell"", ""roles"": [""admin"", ""superadmin"", ""super_admin""], ""actions"": [""ver""], ""evidence"": ""src/devnous/gastos/services/access_control_service.py:133""}]","UNPROVEN: guards/dependencies are evidence, not a complete effective-role matrix",assistant,live_entrypoint_static,"[""NO_LOCAL_GUARD_FOUND; inherited/middleware review required""]",ROUTE OWNER ONLY; service authority unproven: src/samchat/assistant/router.py:admin_tournament_contract_draft_apply,"[""_commitments_from_draft""]",assistant_admin_tournament_contract_draft_apply_post_b79440,assistant:write; never grants business authority,"[""tournament_id"", ""draft_id"", ""current_empleado""]",current employee + effective faculty + object + organization/legal entity + portfolio/tournament; UNPROVEN,write_or_effect_candidate,trusted human approval of exact draft/version/amount/currency/destination/digest; recheck at commit,scoped source IDs/version and redacted durable receipt; writes need canonical transactional dedup + postcondition,"[""role/object/company deny"", ""revoked/expired"", ""isolation"", ""read purity"", ""exact confirmation/version"", ""retry/crash/no duplicates"", ""verified receipt""]",DISABLED; CANONICAL_SCOPE_UNPROVEN; route presence is not adapter or UI parity proof
5d0ba333fe7e,src/samchat/assistant/router.py,13963,admin_tournament_operational_commitments,GET,"[""/api/assistant/admin/tournaments/{tournament_id}/operational-commitments"", ""/copa-america/api/assistant/admin/tournaments/{tournament_id}/operational-commitments""]",/api/assistant/admin/tournaments/{tournament_id}/operational-commitments,"[""GET""]","[{""prefix"": """", ""evidence"": ""copa_telmex_dashboard.py:2244"", ""status"": ""include_router_static; conditional/runtime execution unverified""}, {""prefix"": ""/copa-america"", ""evidence"": ""copa_telmex_dashboard.py:2247"", ""status"": ""include_router_static; conditional/runtime execution unverified""}]","[""src/samchat/assistant/router.py:5365:_can_manage_operations_console""]",[],"[{""key"": ""assistant.shell"", ""roles"": [""admin"", ""superadmin"", ""super_admin""], ""actions"": [""ver""], ""evidence"": ""src/devnous/gastos/services/access_control_service.py:133""}]","UNPROVEN: guards/dependencies are evidence, not a complete effective-role matrix",assistant,live_entrypoint_static,"[""NO_LOCAL_GUARD_FOUND; inherited/middleware review required""]",ROUTE OWNER ONLY; service authority unproven: src/samchat/assistant/router.py:admin_tournament_operational_commitments,[],assistant_admin_tournament_operational_commitments_get_5d0ba3,assistant:read; never grants business authority,"[""tournament_id"", ""current_empleado""]",current employee + effective faculty + object + organization/legal entity + portfolio/tournament; UNPROVEN,read_candidate; side effects NOT verified,none only after read-purity proof,scoped source IDs/version and redacted durable receipt; writes need canonical transactional dedup + postcondition,"[""role/object/company deny"", ""revoked/expired"", ""isolation"", ""read purity""]",DISABLED; CANONICAL_SCOPE_UNPROVEN; route presence is not adapter or UI parity proof
1d66bc46d64f,src/samchat/assistant/router.py,13989,admin_tournament_operational_commitment_update,PATCH,"[""/api/assistant/admin/tournaments/{tournament_id}/operational-commitments/{commitment_id}"", ""/copa-america/api/assistant/admin/tournaments/{tournament_id}/operational-commitments/{commitment_id}""]",/api/assistant/admin/tournaments/{tournament_id}/operational-commitments/{commitment_id},"[""PATCH""]","[{""prefix"": """", ""evidence"": ""copa_telmex_dashboard.py:2244"", ""status"": ""include_router_static; conditional/runtime execution unverified""}, {""prefix"": ""/copa-america"", ""evidence"": ""copa_telmex_dashboard.py:2247"", ""status"": ""include_router_static; conditional/runtime execution unverified""}]","[""src/samchat/assistant/router.py:5365:_can_manage_operations_console""]",[],"[{""key"": ""assistant.shell"", ""roles"": [""admin"", ""superadmin"", ""super_admin""], ""actions"": [""ver""], ""evidence"": ""src/devnous/gastos/services/access_control_service.py:133""}]","UNPROVEN: guards/dependencies are evidence, not a complete effective-role matrix",assistant,live_entrypoint_static,"[""NO_LOCAL_GUARD_FOUND; inherited/middleware review required""]",ROUTE OWNER ONLY; service authority unproven: src/samchat/assistant/router.py:admin_tournament_operational_commitment_update,[],assistant_admin_tournament_operational_commitment_update_1d66bc,assistant:write; never grants business authority,"[""tournament_id"", ""commitment_id"", ""payload"", ""current_empleado""]",current employee + effective faculty + object + organization/legal entity + portfolio/tournament; UNPROVEN,write_or_effect_candidate,trusted human approval of exact draft/version/amount/currency/destination/digest; recheck at commit,scoped source IDs/version and redacted durable receipt; writes need canonical transactional dedup + postcondition,"[""role/object/company deny"", ""revoked/expired"", ""isolation"", ""read purity"", ""exact confirmation/version"", ""retry/crash/no duplicates"", ""verified receipt""]",DISABLED; CANONICAL_SCOPE_UNPROVEN; route presence is not adapter or UI parity proof
4355d19bdbbf,src/samchat/assistant/router.py,14029,admin_operations_solicitud_catalogs,GET,"[""/api/assistant/admin/operations/solicitud-catalogs"", ""/copa-america/api/assistant/admin/operations/solicitud-catalogs""]",/api/assistant/admin/operations/solicitud-catalogs,"[""GET""]","[{""prefix"": """", ""evidence"": ""copa_telmex_dashboard.py:2244"", ""status"": ""include_router_static; conditional/runtime execution unverified""}, {""prefix"": ""/copa-america"", ""evidence"": ""copa_telmex_dashboard.py:2247"", ""status"": ""include_router_static; conditional/runtime execution unverified""}]","[""src/samchat/assistant/router.py:5365:_can_manage_operations_console""]",[],"[{""key"": ""assistant.shell"", ""roles"": [""admin"", ""superadmin"", ""super_admin""], ""actions"": [""ver""], ""evidence"": ""src/devnous/gastos/services/access_control_service.py:133""}]","UNPROVEN: guards/dependencies are evidence, not a complete effective-role matrix",assistant,live_entrypoint_static,"[""NO_LOCAL_GUARD_FOUND; inherited/middleware review required""]",ROUTE OWNER ONLY; service authority unproven: src/samchat/assistant/router.py:admin_operations_solicitud_catalogs,[],assistant_admin_operations_solicitud_catalogs_get_4355d1,assistant:read; never grants business authority,"[""q"", ""current_empleado""]",current employee + effective faculty + object + organization/legal entity + portfolio/tournament; UNPROVEN,read_candidate; side effects NOT verified,none only after read-purity proof,scoped source IDs/version and redacted durable receipt; writes need canonical transactional dedup + postcondition,"[""role/object/company deny"", ""revoked/expired"", ""isolation"", ""read purity""]",DISABLED; CANONICAL_SCOPE_UNPROVEN; route presence is not adapter or UI parity proof
5a1c17b39131,src/samchat/assistant/router.py,14093,admin_tournament_operational_commitment_create_solicitud,POST,"[""/api/assistant/admin/tournaments/{tournament_id}/operational-commitments/{commitment_id}/create-solicitud"", ""/copa-america/api/assistant/admin/tournaments/{tournament_id}/operational-commitments/{commitment_id}/create-solicitud""]",/api/assistant/admin/tournaments/{tournament_id}/operational-commitments/{commitment_id}/create-solicitud,"[""POST""]","[{""prefix"": """", ""evidence"": ""copa_telmex_dashboard.py:2244"", ""status"": ""include_router_static; conditional/runtime execution unverified""}, {""prefix"": ""/copa-america"", ""evidence"": ""copa_telmex_dashboard.py:2247"", ""status"": ""include_router_static; conditional/runtime execution unverified""}]","[""src/samchat/assistant/router.py:5365:_can_manage_operations_console""]",[],"[{""key"": ""assistant.shell"", ""roles"": [""admin"", ""superadmin"", ""super_admin""], ""actions"": [""ver""], ""evidence"": ""src/devnous/gastos/services/access_control_service.py:133""}]","UNPROVEN: guards/dependencies are evidence, not a complete effective-role matrix",assistant,live_entrypoint_static,"[""NO_LOCAL_GUARD_FOUND; inherited/middleware review required""]",ROUTE OWNER ONLY; service authority unproven: src/samchat/assistant/router.py:admin_tournament_operational_commitment_create_solicitud,"[""execute_canonical_action""]",assistant_admin_tournament_operational_commitment_create_5a1c17,assistant:write; never grants business authority,"[""tournament_id"", ""commitment_id"", ""payload"", ""current_empleado""]",current employee + effective faculty + object + organization/legal entity + portfolio/tournament; UNPROVEN,write_or_effect_candidate,trusted human approval of exact draft/version/amount/currency/destination/digest; recheck at commit,scoped source IDs/version and redacted durable receipt; writes need canonical transactional dedup + postcondition,"[""role/object/company deny"", ""revoked/expired"", ""isolation"", ""read purity"", ""exact confirmation/version"", ""retry/crash/no duplicates"", ""verified receipt""]",DISABLED; CANONICAL_SCOPE_UNPROVEN; route presence is not adapter or UI parity proof
dfc4e094d322,src/samchat/assistant/router.py,14157,admin_tournament_entity_finance,GET,"[""/api/assistant/admin/tournaments/{tournament_id}/entity-finance"", ""/copa-america/api/assistant/admin/tournaments/{tournament_id}/entity-finance""]",/api/assistant/admin/tournaments/{tournament_id}/entity-finance,"[""GET""]","[{""prefix"": """", ""evidence"": ""copa_telmex_dashboard.py:2244"", ""status"": ""include_router_static; conditional/runtime execution unverified""}, {""prefix"": ""/copa-america"", ""evidence"": ""copa_telmex_dashboard.py:2247"", ""status"": ""include_router_static; conditional/runtime execution unverified""}]","[""src/samchat/assistant/router.py:5391:_can_view_finance_console""]",[],"[{""key"": ""assistant.shell"", ""roles"": [""admin"", ""superadmin"", ""super_admin""], ""actions"": [""ver""], ""evidence"": ""src/devnous/gastos/services/access_control_service.py:133""}]","UNPROVEN: guards/dependencies are evidence, not a complete effective-role matrix",assistant,live_entrypoint_static,"[""NO_LOCAL_GUARD_FOUND; inherited/middleware review required""]",ROUTE OWNER ONLY; service authority unproven: src/samchat/assistant/router.py:admin_tournament_entity_finance,"[""_build_entity_finance_summaries""]",assistant_admin_tournament_entity_finance_get_dfc4e0,assistant:read; never grants business authority,"[""tournament_id"", ""entity"", ""tournament_name"", ""current_empleado""]",current employee + effective faculty + object + organization/legal entity + portfolio/tournament; UNPROVEN,read_candidate; side effects NOT verified,none only after read-purity proof,scoped source IDs/version and redacted durable receipt; writes need canonical transactional dedup + postcondition,"[""role/object/company deny"", ""revoked/expired"", ""isolation"", ""read purity""]",DISABLED; CANONICAL_SCOPE_UNPROVEN; route presence is not adapter or UI parity proof
7e782523e002,src/samchat/assistant/router.py,14188,admin_tournament_national_finance,GET,"[""/api/assistant/admin/tournaments/{tournament_id}/national-finance"", ""/copa-america/api/assistant/admin/tournaments/{tournament_id}/national-finance""]",/api/assistant/admin/tournaments/{tournament_id}/national-finance,"[""GET""]","[{""prefix"": """", ""evidence"": ""copa_telmex_dashboard.py:2244"", ""status"": ""include_router_static; conditional/runtime execution unverified""}, {""prefix"": ""/copa-america"", ""evidence"": ""copa_telmex_dashboard.py:2247"", ""status"": ""include_router_static; conditional/runtime execution unverified""}]","[""src/samchat/assistant/router.py:5391:_can_view_finance_console""]",[],"[{""key"": ""assistant.shell"", ""roles"": [""admin"", ""superadmin"", ""super_admin""], ""actions"": [""ver""], ""evidence"": ""src/devnous/gastos/services/access_control_service.py:133""}]","UNPROVEN: guards/dependencies are evidence, not a complete effective-role matrix",assistant,live_entrypoint_static,"[""NO_LOCAL_GUARD_FOUND; inherited/middleware review required""]",ROUTE OWNER ONLY; service authority unproven: src/samchat/assistant/router.py:admin_tournament_national_finance,"[""_build_national_finance_summary""]",assistant_admin_tournament_national_finance_get_7e7825,assistant:read; never grants business authority,"[""tournament_id"", ""tournament_name"", ""current_empleado""]",current employee + effective faculty + object + organization/legal entity + portfolio/tournament; UNPROVEN,read_candidate; side effects NOT verified,none only after read-purity proof,scoped source IDs/version and redacted durable receipt; writes need canonical transactional dedup + postcondition,"[""role/object/company deny"", ""revoked/expired"", ""isolation"", ""read purity""]",DISABLED; CANONICAL_SCOPE_UNPROVEN; route presence is not adapter or UI parity proof
f640460ecead,src/samchat/assistant/router.py,14215,create_message,POST,"[""/api/assistant/conversations/{conversation_id}/messages"", ""/copa-america/api/assistant/conversations/{conversation_id}/messages""]",/api/assistant/conversations/{conversation_id}/messages,"[""POST""]","[{""prefix"": """", ""evidence"": ""copa_telmex_dashboard.py:2244"", ""status"": ""include_router_static; conditional/runtime execution unverified""}, {""prefix"": ""/copa-america"", ""evidence"": ""copa_telmex_dashboard.py:2247"", ""status"": ""include_router_static; conditional/runtime execution unverified""}]",[],[],"[{""key"": ""assistant.shell"", ""roles"": [""admin"", ""superadmin"", ""super_admin""], ""actions"": [""ver""], ""evidence"": ""src/devnous/gastos/services/access_control_service.py:133""}]","UNPROVEN: guards/dependencies are evidence, not a complete effective-role matrix",assistant,live_entrypoint_static,"[""NO_LOCAL_GUARD_FOUND; inherited/middleware review required""]",ROUTE OWNER ONLY; service authority unproven: src/samchat/assistant/router.py:create_message,"[""_reject_client_openai_api_key"", ""execute_canonical_action"", ""session.commit""]",assistant_create_message_post_f64046,assistant:write; never grants business authority,"[""payload"", ""conversation_id"", ""current_empleado""]",current employee + effective faculty + object + organization/legal entity + portfolio/tournament; UNPROVEN,write_or_effect_candidate,trusted human approval of exact draft/version/amount/currency/destination/digest; recheck at commit,scoped source IDs/version and redacted durable receipt; writes need canonical transactional dedup + postcondition,"[""role/object/company deny"", ""revoked/expired"", ""isolation"", ""read purity"", ""exact confirmation/version"", ""retry/crash/no duplicates"", ""verified receipt""]",DISABLED; CANONICAL_SCOPE_UNPROVEN; route presence is not adapter or UI parity proof
942fb8980b2f,src/samchat/assistant/router.py,14312,create_media_message,POST,"[""/api/assistant/conversations/{conversation_id}/media"", ""/copa-america/api/assistant/conversations/{conversation_id}/media""]",/api/assistant/conversations/{conversation_id}/media,"[""POST""]","[{""prefix"": """", ""evidence"": ""copa_telmex_dashboard.py:2244"", ""status"": ""include_router_static; conditional/runtime execution unverified""}, {""prefix"": ""/copa-america"", ""evidence"": ""copa_telmex_dashboard.py:2247"", ""status"": ""include_router_static; conditional/runtime execution unverified""}]",[],[],"[{""key"": ""assistant.shell"", ""roles"": [""admin"", ""superadmin"", ""super_admin""], ""actions"": [""ver""], ""evidence"": ""src/devnous/gastos/services/access_control_service.py:133""}]","UNPROVEN: guards/dependencies are evidence, not a complete effective-role matrix",assistant,live_entrypoint_static,"[""NO_LOCAL_GUARD_FOUND; inherited/middleware review required""]",ROUTE OWNER ONLY; service authority unproven: src/samchat/assistant/router.py:create_media_message,"[""_reject_client_openai_api_key"", ""session.commit""]",assistant_create_media_message_post_942fb8,assistant:write; never grants business authority,"[""conversation_id"", ""kind"", ""note"", ""tournament_key"", ""module_key"", ""module_label"", ""module_context_json"", ""bi_year"", ""bi_scope"", ""bi_segment"", ""assistant_mode"", ""file"", ""current_empleado""]",current employee + effective faculty + object + organization/legal entity + portfolio/tournament; UNPROVEN,write_or_effect_candidate,trusted human approval of exact draft/version/amount/currency/destination/digest; recheck at commit,scoped source IDs/version and redacted durable receipt; writes need canonical transactional dedup + postcondition,"[""role/object/company deny"", ""revoked/expired"", ""isolation"", ""read purity"", ""exact confirmation/version"", ""retry/crash/no duplicates"", ""verified receipt""]",DISABLED; CANONICAL_SCOPE_UNPROVEN; route presence is not adapter or UI parity proof
5386c4d0dd2a,src/samchat/assistant/router.py,14416,confirm_write,POST,"[""/api/assistant/conversations/{conversation_id}/confirm"", ""/copa-america/api/assistant/conversations/{conversation_id}/confirm""]",/api/assistant/conversations/{conversation_id}/confirm,"[""POST""]","[{""prefix"": """", ""evidence"": ""copa_telmex_dashboard.py:2244"", ""status"": ""include_router_static; conditional/runtime execution unverified""}, {""prefix"": ""/copa-america"", ""evidence"": ""copa_telmex_dashboard.py:2247"", ""status"": ""include_router_static; conditional/runtime execution unverified""}]",[],[],"[{""key"": ""assistant.shell"", ""roles"": [""admin"", ""superadmin"", ""super_admin""], ""actions"": [""ver""], ""evidence"": ""src/devnous/gastos/services/access_control_service.py:133""}]","UNPROVEN: guards/dependencies are evidence, not a complete effective-role matrix",assistant,live_entrypoint_static,"[""(await session.execute(select(AssistantRun).where(AssistantRun.id == run_uuid, AssistantRun.conversation_id == conversation.id, AssistantRun.empleado_id == current_empleado.id))).scalar_one_or_none()""]",ROUTE OWNER ONLY; service authority unproven: src/samchat/assistant/router.py:confirm_write,"[""_reject_client_openai_api_key""]",assistant_confirm_write_post_5386c4,assistant:write; never grants business authority,"[""payload"", ""conversation_id"", ""current_empleado""]",current employee + effective faculty + object + organization/legal entity + portfolio/tournament; UNPROVEN,write_or_effect_candidate,trusted human approval of exact draft/version/amount/currency/destination/digest; recheck at commit,scoped source IDs/version and redacted durable receipt; writes need canonical transactional dedup + postcondition,"[""role/object/company deny"", ""revoked/expired"", ""isolation"", ""read purity"", ""exact confirmation/version"", ""retry/crash/no duplicates"", ""verified receipt""]",DISABLED; CANONICAL_SCOPE_UNPROVEN; route presence is not adapter or UI parity proof
446f0eafe612,src/samchat/assistant/router.py,14472,rag_status,GET,"[""/api/assistant/rag/status"", ""/copa-america/api/assistant/rag/status""]",/api/assistant/rag/status,"[""GET""]","[{""prefix"": """", ""evidence"": ""copa_telmex_dashboard.py:2244"", ""status"": ""include_router_static; conditional/runtime execution unverified""}, {""prefix"": ""/copa-america"", ""evidence"": ""copa_telmex_dashboard.py:2247"", ""status"": ""include_router_static; conditional/runtime execution unverified""}]",[],[],"[{""key"": ""assistant.shell"", ""roles"": [""admin"", ""superadmin"", ""super_admin""], ""actions"": [""ver""], ""evidence"": ""src/devnous/gastos/services/access_control_service.py:133""}]","UNPROVEN: guards/dependencies are evidence, not a complete effective-role matrix",assistant,live_entrypoint_static,"[""NO_LOCAL_GUARD_FOUND; inherited/middleware review required""]",ROUTE OWNER ONLY; service authority unproven: src/samchat/assistant/router.py:rag_status,[],assistant_rag_status_get_446f0e,assistant:read; never grants business authority,"[""current_empleado""]",current employee + effective faculty + object + organization/legal entity + portfolio/tournament; UNPROVEN,read_candidate; side effects NOT verified,none only after read-purity proof,scoped source IDs/version and redacted durable receipt; writes need canonical transactional dedup + postcondition,"[""role/object/company deny"", ""revoked/expired"", ""isolation"", ""read purity""]",DISABLED; CANONICAL_SCOPE_UNPROVEN; route presence is not adapter or UI parity proof
cf2841915ecd,src/samchat/assistant/router.py,14479,rag_search,POST,"[""/api/assistant/rag/search"", ""/copa-america/api/assistant/rag/search""]",/api/assistant/rag/search,"[""POST""]","[{""prefix"": """", ""evidence"": ""copa_telmex_dashboard.py:2244"", ""status"": ""include_router_static; conditional/runtime execution unverified""}, {""prefix"": ""/copa-america"", ""evidence"": ""copa_telmex_dashboard.py:2247"", ""status"": ""include_router_static; conditional/runtime execution unverified""}]",[],[],"[{""key"": ""assistant.shell"", ""roles"": [""admin"", ""superadmin"", ""super_admin""], ""actions"": [""ver""], ""evidence"": ""src/devnous/gastos/services/access_control_service.py:133""}]","UNPROVEN: guards/dependencies are evidence, not a complete effective-role matrix",assistant,live_entrypoint_static,"[""NO_LOCAL_GUARD_FOUND; inherited/middleware review required""]",ROUTE OWNER ONLY; service authority unproven: src/samchat/assistant/router.py:rag_search,[],assistant_rag_search_post_cf2841,assistant:write; never grants business authority,"[""payload"", ""current_empleado""]",current employee + effective faculty + object + organization/legal entity + portfolio/tournament; UNPROVEN,write_or_effect_candidate,trusted human approval of exact draft/version/amount/currency/destination/digest; recheck at commit,scoped source IDs/version and redacted durable receipt; writes need canonical transactional dedup + postcondition,"[""role/object/company deny"", ""revoked/expired"", ""isolation"", ""read purity"", ""exact confirmation/version"", ""retry/crash/no duplicates"", ""verified receipt""]",DISABLED; CANONICAL_SCOPE_UNPROVEN; route presence is not adapter or UI parity proof
74a9033bf358,src/samchat/assistant/router.py,14492,rag_ingest,POST,"[""/api/assistant/rag/ingest"", ""/copa-america/api/assistant/rag/ingest""]",/api/assistant/rag/ingest,"[""POST""]","[{""prefix"": """", ""evidence"": ""copa_telmex_dashboard.py:2244"", ""status"": ""include_router_static; conditional/runtime execution unverified""}, {""prefix"": ""/copa-america"", ""evidence"": ""copa_telmex_dashboard.py:2247"", ""status"": ""include_router_static; conditional/runtime execution unverified""}]",[],[],"[{""key"": ""assistant.shell"", ""roles"": [""admin"", ""superadmin"", ""super_admin""], ""actions"": [""ver""], ""evidence"": ""src/devnous/gastos/services/access_control_service.py:133""}]","UNPROVEN: guards/dependencies are evidence, not a complete effective-role matrix",assistant,live_entrypoint_static,"[""NO_LOCAL_GUARD_FOUND; inherited/middleware review required""]",ROUTE OWNER ONLY; service authority unproven: src/samchat/assistant/router.py:rag_ingest,[],assistant_rag_ingest_post_74a903,assistant:write; never grants business authority,"[""payload"", ""current_empleado""]",current employee + effective faculty + object + organization/legal entity + portfolio/tournament; UNPROVEN,write_or_effect_candidate,trusted human approval of exact draft/version/amount/currency/destination/digest; recheck at commit,scoped source IDs/version and redacted durable receipt; writes need canonical transactional dedup + postcondition,"[""role/object/company deny"", ""revoked/expired"", ""isolation"", ""read purity"", ""exact confirmation/version"", ""retry/crash/no duplicates"", ""verified receipt""]",DISABLED; CANONICAL_SCOPE_UNPROVEN; route presence is not adapter or UI parity proof
515206aafa58,src/samchat/assistant/router.py,14511,rag_codex_get,GET,"[""/api/assistant/rag/codex"", ""/copa-america/api/assistant/rag/codex""]",/api/assistant/rag/codex,"[""GET""]","[{""prefix"": """", ""evidence"": ""copa_telmex_dashboard.py:2244"", ""status"": ""include_router_static; conditional/runtime execution unverified""}, {""prefix"": ""/copa-america"", ""evidence"": ""copa_telmex_dashboard.py:2247"", ""status"": ""include_router_static; conditional/runtime execution unverified""}]",[],[],"[{""key"": ""assistant.shell"", ""roles"": [""admin"", ""superadmin"", ""super_admin""], ""actions"": [""ver""], ""evidence"": ""src/devnous/gastos/services/access_control_service.py:133""}]","UNPROVEN: guards/dependencies are evidence, not a complete effective-role matrix",assistant,live_entrypoint_static,"[""NO_LOCAL_GUARD_FOUND; inherited/middleware review required""]",ROUTE OWNER ONLY; service authority unproven: src/samchat/assistant/router.py:rag_codex_get,[],assistant_rag_codex_get_get_515206,assistant:read; never grants business authority,"[""current_empleado""]",current employee + effective faculty + object + organization/legal entity + portfolio/tournament; UNPROVEN,read_candidate; side effects NOT verified,none only after read-purity proof,scoped source IDs/version and redacted durable receipt; writes need canonical transactional dedup + postcondition,"[""role/object/company deny"", ""revoked/expired"", ""isolation"", ""read purity""]",DISABLED; CANONICAL_SCOPE_UNPROVEN; route presence is not adapter or UI parity proof
9e4244e86f73,src/samchat/assistant/router.py,14537,rag_codex_update,PUT,"[""/api/assistant/rag/codex"", ""/copa-america/api/assistant/rag/codex""]",/api/assistant/rag/codex,"[""PUT""]","[{""prefix"": """", ""evidence"": ""copa_telmex_dashboard.py:2244"", ""status"": ""include_router_static; conditional/runtime execution unverified""}, {""prefix"": ""/copa-america"", ""evidence"": ""copa_telmex_dashboard.py:2247"", ""status"": ""include_router_static; conditional/runtime execution unverified""}]",[],[],"[{""key"": ""assistant.shell"", ""roles"": [""admin"", ""superadmin"", ""super_admin""], ""actions"": [""ver""], ""evidence"": ""src/devnous/gastos/services/access_control_service.py:133""}]","UNPROVEN: guards/dependencies are evidence, not a complete effective-role matrix",assistant,live_entrypoint_static,"[""NO_LOCAL_GUARD_FOUND; inherited/middleware review required""]",ROUTE OWNER ONLY; service authority unproven: src/samchat/assistant/router.py:rag_codex_update,[],assistant_rag_codex_update_put_9e4244,assistant:write; never grants business authority,"[""payload"", ""current_empleado""]",current employee + effective faculty + object + organization/legal entity + portfolio/tournament; UNPROVEN,write_or_effect_candidate,trusted human approval of exact draft/version/amount/currency/destination/digest; recheck at commit,scoped source IDs/version and redacted durable receipt; writes need canonical transactional dedup + postcondition,"[""role/object/company deny"", ""revoked/expired"", ""isolation"", ""read purity"", ""exact confirmation/version"", ""retry/crash/no duplicates"", ""verified receipt""]",DISABLED; CANONICAL_SCOPE_UNPROVEN; route presence is not adapter or UI parity proof
fa481136c4d9,src/samchat/assistant/router.py,14573,rag_metrics,GET,"[""/api/assistant/rag/metrics"", ""/copa-america/api/assistant/rag/metrics""]",/api/assistant/rag/metrics,"[""GET""]","[{""prefix"": """", ""evidence"": ""copa_telmex_dashboard.py:2244"", ""status"": ""include_router_static; conditional/runtime execution unverified""}, {""prefix"": ""/copa-america"", ""evidence"": ""copa_telmex_dashboard.py:2247"", ""status"": ""include_router_static; conditional/runtime execution unverified""}]",[],[],"[{""key"": ""assistant.shell"", ""roles"": [""admin"", ""superadmin"", ""super_admin""], ""actions"": [""ver""], ""evidence"": ""src/devnous/gastos/services/access_control_service.py:133""}]","UNPROVEN: guards/dependencies are evidence, not a complete effective-role matrix",assistant,live_entrypoint_static,"[""NO_LOCAL_GUARD_FOUND; inherited/middleware review required""]",ROUTE OWNER ONLY; service authority unproven: src/samchat/assistant/router.py:rag_metrics,[],assistant_rag_metrics_get_fa4811,assistant:read; never grants business authority,"[""current_empleado""]",current employee + effective faculty + object + organization/legal entity + portfolio/tournament; UNPROVEN,read_candidate; side effects NOT verified,none only after read-purity proof,scoped source IDs/version and redacted durable receipt; writes need canonical transactional dedup + postcondition,"[""role/object/company deny"", ""revoked/expired"", ""isolation"", ""read purity""]",DISABLED; CANONICAL_SCOPE_UNPROVEN; route presence is not adapter or UI parity proof
ad309a01e012,src/samchat/assistant/router.py,14584,rag_config,GET,"[""/api/assistant/rag/config"", ""/copa-america/api/assistant/rag/config""]",/api/assistant/rag/config,"[""GET""]","[{""prefix"": """", ""evidence"": ""copa_telmex_dashboard.py:2244"", ""status"": ""include_router_static; conditional/runtime execution unverified""}, {""prefix"": ""/copa-america"", ""evidence"": ""copa_telmex_dashboard.py:2247"", ""status"": ""include_router_static; conditional/runtime execution unverified""}]",[],[],"[{""key"": ""assistant.shell"", ""roles"": [""admin"", ""superadmin"", ""super_admin""], ""actions"": [""ver""], ""evidence"": ""src/devnous/gastos/services/access_control_service.py:133""}]","UNPROVEN: guards/dependencies are evidence, not a complete effective-role matrix",assistant,live_entrypoint_static,"[""NO_LOCAL_GUARD_FOUND; inherited/middleware review required""]",ROUTE OWNER ONLY; service authority unproven: src/samchat/assistant/router.py:rag_config,[],assistant_rag_config_get_ad309a,assistant:read; never grants business authority,"[""current_empleado""]",current employee + effective faculty + object + organization/legal entity + portfolio/tournament; UNPROVEN,read_candidate; side effects NOT verified,none only after read-purity proof,scoped source IDs/version and redacted durable receipt; writes need canonical transactional dedup + postcondition,"[""role/object/company deny"", ""revoked/expired"", ""isolation"", ""read purity""]",DISABLED; CANONICAL_SCOPE_UNPROVEN; route presence is not adapter or UI parity proof
bc53f05b45a9,src/samchat/assistant/router.py,14600,rag_config_update,PUT,"[""/api/assistant/rag/config"", ""/copa-america/api/assistant/rag/config""]",/api/assistant/rag/config,"[""PUT""]","[{""prefix"": """", ""evidence"": ""copa_telmex_dashboard.py:2244"", ""status"": ""include_router_static; conditional/runtime execution unverified""}, {""prefix"": ""/copa-america"", ""evidence"": ""copa_telmex_dashboard.py:2247"", ""status"": ""include_router_static; conditional/runtime execution unverified""}]",[],[],"[{""key"": ""assistant.shell"", ""roles"": [""admin"", ""superadmin"", ""super_admin""], ""actions"": [""ver""], ""evidence"": ""src/devnous/gastos/services/access_control_service.py:133""}]","UNPROVEN: guards/dependencies are evidence, not a complete effective-role matrix",assistant,live_entrypoint_static,"[""NO_LOCAL_GUARD_FOUND; inherited/middleware review required""]",ROUTE OWNER ONLY; service authority unproven: src/samchat/assistant/router.py:rag_config_update,[],assistant_rag_config_update_put_bc53f0,assistant:write; never grants business authority,"[""payload"", ""current_empleado""]",current employee + effective faculty + object + organization/legal entity + portfolio/tournament; UNPROVEN,write_or_effect_candidate,trusted human approval of exact draft/version/amount/currency/destination/digest; recheck at commit,scoped source IDs/version and redacted durable receipt; writes need canonical transactional dedup + postcondition,"[""role/object/company deny"", ""revoked/expired"", ""isolation"", ""read purity"", ""exact confirmation/version"", ""retry/crash/no duplicates"", ""verified receipt""]",DISABLED; CANONICAL_SCOPE_UNPROVEN; route presence is not adapter or UI parity proof
7e43f177d9f0,src/samchat/assistant/router.py,14636,rag_config_preset,POST,"[""/api/assistant/rag/config/preset"", ""/copa-america/api/assistant/rag/config/preset""]",/api/assistant/rag/config/preset,"[""POST""]","[{""prefix"": """", ""evidence"": ""copa_telmex_dashboard.py:2244"", ""status"": ""include_router_static; conditional/runtime execution unverified""}, {""prefix"": ""/copa-america"", ""evidence"": ""copa_telmex_dashboard.py:2247"", ""status"": ""include_router_static; conditional/runtime execution unverified""}]",[],[],"[{""key"": ""assistant.shell"", ""roles"": [""admin"", ""superadmin"", ""super_admin""], ""actions"": [""ver""], ""evidence"": ""src/devnous/gastos/services/access_control_service.py:133""}]","UNPROVEN: guards/dependencies are evidence, not a complete effective-role matrix",assistant,live_entrypoint_static,"[""NO_LOCAL_GUARD_FOUND; inherited/middleware review required""]",ROUTE OWNER ONLY; service authority unproven: src/samchat/assistant/router.py:rag_config_preset,[],assistant_rag_config_preset_post_7e43f1,assistant:write; never grants business authority,"[""payload"", ""current_empleado""]",current employee + effective faculty + object + organization/legal entity + portfolio/tournament; UNPROVEN,write_or_effect_candidate,trusted human approval of exact draft/version/amount/currency/destination/digest; recheck at commit,scoped source IDs/version and redacted durable receipt; writes need canonical transactional dedup + postcondition,"[""role/object/company deny"", ""revoked/expired"", ""isolation"", ""read purity"", ""exact confirmation/version"", ""retry/crash/no duplicates"", ""verified receipt""]",DISABLED; CANONICAL_SCOPE_UNPROVEN; route presence is not adapter or UI parity proof
60c2aec03e2d,src/samchat/assistant/router.py,14668,rag_config_reset,POST,"[""/api/assistant/rag/config/reset"", ""/copa-america/api/assistant/rag/config/reset""]",/api/assistant/rag/config/reset,"[""POST""]","[{""prefix"": """", ""evidence"": ""copa_telmex_dashboard.py:2244"", ""status"": ""include_router_static; conditional/runtime execution unverified""}, {""prefix"": ""/copa-america"", ""evidence"": ""copa_telmex_dashboard.py:2247"", ""status"": ""include_router_static; conditional/runtime execution unverified""}]",[],[],"[{""key"": ""assistant.shell"", ""roles"": [""admin"", ""superadmin"", ""super_admin""], ""actions"": [""ver""], ""evidence"": ""src/devnous/gastos/services/access_control_service.py:133""}]","UNPROVEN: guards/dependencies are evidence, not a complete effective-role matrix",assistant,live_entrypoint_static,"[""NO_LOCAL_GUARD_FOUND; inherited/middleware review required""]",ROUTE OWNER ONLY; service authority unproven: src/samchat/assistant/router.py:rag_config_reset,[],assistant_rag_config_reset_post_60c2ae,assistant:write; never grants business authority,"[""current_empleado""]",current employee + effective faculty + object + organization/legal entity + portfolio/tournament; UNPROVEN,write_or_effect_candidate,trusted human approval of exact draft/version/amount/currency/destination/digest; recheck at commit,scoped source IDs/version and redacted durable receipt; writes need canonical transactional dedup + postcondition,"[""role/object/company deny"", ""revoked/expired"", ""isolation"", ""read purity"", ""exact confirmation/version"", ""retry/crash/no duplicates"", ""verified receipt""]",DISABLED; CANONICAL_SCOPE_UNPROVEN; route presence is not adapter or UI parity proof
bd02dd5c311d,src/samchat/assistant/router.py,14694,rag_config_history,GET,"[""/api/assistant/rag/config/history"", ""/copa-america/api/assistant/rag/config/history""]",/api/assistant/rag/config/history,"[""GET""]","[{""prefix"": """", ""evidence"": ""copa_telmex_dashboard.py:2244"", ""status"": ""include_router_static; conditional/runtime execution unverified""}, {""prefix"": ""/copa-america"", ""evidence"": ""copa_telmex_dashboard.py:2247"", ""status"": ""include_router_static; conditional/runtime execution unverified""}]",[],[],"[{""key"": ""assistant.shell"", ""roles"": [""admin"", ""superadmin"", ""super_admin""], ""actions"": [""ver""], ""evidence"": ""src/devnous/gastos/services/access_control_service.py:133""}]","UNPROVEN: guards/dependencies are evidence, not a complete effective-role matrix",assistant,live_entrypoint_static,"[""NO_LOCAL_GUARD_FOUND; inherited/middleware review required""]",ROUTE OWNER ONLY; service authority unproven: src/samchat/assistant/router.py:rag_config_history,[],assistant_rag_config_history_get_bd02dd,assistant:read; never grants business authority,"[""limit"", ""current_empleado""]",current employee + effective faculty + object + organization/legal entity + portfolio/tournament; UNPROVEN,read_candidate; side effects NOT verified,none only after read-purity proof,scoped source IDs/version and redacted durable receipt; writes need canonical transactional dedup + postcondition,"[""role/object/company deny"", ""revoked/expired"", ""isolation"", ""read purity""]",DISABLED; CANONICAL_SCOPE_UNPROVEN; route presence is not adapter or UI parity proof
d70a87655687,src/samchat/assistant/router.py,14808,rag_eval,POST,"[""/api/assistant/rag/eval"", ""/copa-america/api/assistant/rag/eval""]",/api/assistant/rag/eval,"[""POST""]","[{""prefix"": """", ""evidence"": ""copa_telmex_dashboard.py:2244"", ""status"": ""include_router_static; conditional/runtime execution unverified""}, {""prefix"": ""/copa-america"", ""evidence"": ""copa_telmex_dashboard.py:2247"", ""status"": ""include_router_static; conditional/runtime execution unverified""}]",[],[],"[{""key"": ""assistant.shell"", ""roles"": [""admin"", ""superadmin"", ""super_admin""], ""actions"": [""ver""], ""evidence"": ""src/devnous/gastos/services/access_control_service.py:133""}]","UNPROVEN: guards/dependencies are evidence, not a complete effective-role matrix",assistant,live_entrypoint_static,"[""NO_LOCAL_GUARD_FOUND; inherited/middleware review required""]",ROUTE OWNER ONLY; service authority unproven: src/samchat/assistant/router.py:rag_eval,[],assistant_rag_eval_post_d70a87,assistant:write; never grants business authority,"[""payload"", ""current_empleado""]",current employee + effective faculty + object + organization/legal entity + portfolio/tournament; UNPROVEN,write_or_effect_candidate,trusted human approval of exact draft/version/amount/currency/destination/digest; recheck at commit,scoped source IDs/version and redacted durable receipt; writes need canonical transactional dedup + postcondition,"[""role/object/company deny"", ""revoked/expired"", ""isolation"", ""read purity"", ""exact confirmation/version"", ""retry/crash/no duplicates"", ""verified receipt""]",DISABLED; CANONICAL_SCOPE_UNPROVEN; route presence is not adapter or UI parity proof
9b76941d8096,src/samchat/assistant/router.py,14826,rag_config_auto_tune,POST,"[""/api/assistant/rag/config/auto-tune"", ""/copa-america/api/assistant/rag/config/auto-tune""]",/api/assistant/rag/config/auto-tune,"[""POST""]","[{""prefix"": """", ""evidence"": ""copa_telmex_dashboard.py:2244"", ""status"": ""include_router_static; conditional/runtime execution unverified""}, {""prefix"": ""/copa-america"", ""evidence"": ""copa_telmex_dashboard.py:2247"", ""status"": ""include_router_static; conditional/runtime execution unverified""}]",[],[],"[{""key"": ""assistant.shell"", ""roles"": [""admin"", ""superadmin"", ""super_admin""], ""actions"": [""ver""], ""evidence"": ""src/devnous/gastos/services/access_control_service.py:133""}]","UNPROVEN: guards/dependencies are evidence, not a complete effective-role matrix",assistant,live_entrypoint_static,"[""NO_LOCAL_GUARD_FOUND; inherited/middleware review required""]",ROUTE OWNER ONLY; service authority unproven: src/samchat/assistant/router.py:rag_config_auto_tune,[],assistant_rag_config_auto_tune_post_9b7694,assistant:write; never grants business authority,"[""payload"", ""current_empleado""]",current employee + effective faculty + object + organization/legal entity + portfolio/tournament; UNPROVEN,write_or_effect_candidate,trusted human approval of exact draft/version/amount/currency/destination/digest; recheck at commit,scoped source IDs/version and redacted durable receipt; writes need canonical transactional dedup + postcondition,"[""role/object/company deny"", ""revoked/expired"", ""isolation"", ""read purity"", ""exact confirmation/version"", ""retry/crash/no duplicates"", ""verified receipt""]",DISABLED; CANONICAL_SCOPE_UNPROVEN; route presence is not adapter or UI parity proof
5221b5cb9b0f,src/samchat/assistant/router.py,14893,rag_eval_history,GET,"[""/api/assistant/rag/eval/history"", ""/copa-america/api/assistant/rag/eval/history""]",/api/assistant/rag/eval/history,"[""GET""]","[{""prefix"": """", ""evidence"": ""copa_telmex_dashboard.py:2244"", ""status"": ""include_router_static; conditional/runtime execution unverified""}, {""prefix"": ""/copa-america"", ""evidence"": ""copa_telmex_dashboard.py:2247"", ""status"": ""include_router_static; conditional/runtime execution unverified""}]",[],[],"[{""key"": ""assistant.shell"", ""roles"": [""admin"", ""superadmin"", ""super_admin""], ""actions"": [""ver""], ""evidence"": ""src/devnous/gastos/services/access_control_service.py:133""}]","UNPROVEN: guards/dependencies are evidence, not a complete effective-role matrix",assistant,live_entrypoint_static,"[""NO_LOCAL_GUARD_FOUND; inherited/middleware review required""]",ROUTE OWNER ONLY; service authority unproven: src/samchat/assistant/router.py:rag_eval_history,[],assistant_rag_eval_history_get_5221b5,assistant:read; never grants business authority,"[""limit"", ""current_empleado""]",current employee + effective faculty + object + organization/legal entity + portfolio/tournament; UNPROVEN,read_candidate; side effects NOT verified,none only after read-purity proof,scoped source IDs/version and redacted durable receipt; writes need canonical transactional dedup + postcondition,"[""role/object/company deny"", ""revoked/expired"", ""isolation"", ""read purity""]",DISABLED; CANONICAL_SCOPE_UNPROVEN; route presence is not adapter or UI parity proof
